Workbook

Sheet 개요작성 - 정비계획변경
C2: ■ 설 계 개 요 | J2: ■ 부대복리시설
C3: 사업명 | D3: 봉천14구역 주택재개발 정비사업 | J3: 구 분 | L3: 법적 설치기준 및 지침기준 | N3: 설치계획 | O3: 비고
C4: 대지위치 | D4: 서울특별시 관악구 봉천동 1-13번지 일대 | J4: 진입도로 | K4: =INDEX($J$94:$N$94,MATCH($D$69,$J$93:$N$93,1)) -> 1000~2000세대 미만 | N4: =INDEX($J$95:$N$95,MATCH($D$69,$J$93:$N$93,1)) -> 15
C5: 지역지구 | D5: 제3종 일반주거지역, 도시지역 | J5: 단지내도로 | K5: 폭 7m 이상 | N5: 7M도로
C6: 건축규모 | D6: 지상 27층 / | E6: 4 | J6: 관리사무소 | K6: =D69 -> 1571 | M6: =IF(D69>=50, ROUNDUP((10+(D69-50)*0.05),2), "해당없음") -> 86.05 | N6: 350 | O6: (방재실, MDF포함)
C7: 용도 | D7: 공동주택 및 부대복리시설, 근린생활시설 | J7: 경 비 실 | N7: 100
C8: 대 지 면 적 | D8: 사업면적 | F8: 74209.4 | G8: =ROUNDDOWN(F8*0.3025,2) -> 22448.34 | H8: =F8/$F$8 -> 1 | J8: 경 로 당 | K8: 주민공동시설 총량제 | L8: 1,500세대 이상 (서울시 주택조례) | M8: 500 | N8: 600
D9: 제외면적 | E9: 도 로 | F9: 9078 | G9: =ROUNDDOWN(F9*0.3025,2) -> 2746.09 | H9: =F9/$F$8 -> 0.12232952 | J9: 어린이집 | M9: 725 | N9: 1200
E10: 공 원 | F10: 5100 | G10: =ROUNDDOWN(F10*0.3025,2) -> 1542.75 | H10: =F10/$F$8 -> 0.068724447 | J10: 작은도서관 | M10: 298 | N10: 650
E11: 사회복지시설 | F11: 1000 | G11: =ROUNDDOWN(F11*0.3025,2) -> 302.5 | H11: =F11/$F$8 -> 0.013475382 | J11: 다함께돌봄센터 | L11: =IF(D69>=500,"500세대이상 의무설치", "해당없음") -> 500세대이상 의무설치 | M11: =IF(D69>=500,"66㎡ 이상", "해당없음") -> 66㎡ 이상 | N11: 100
E12: 공공청사 | F12: 250 | G12: =ROUNDDOWN(F12*0.3025,2) -> 75.62 | H12: =F12/$F$8 -> 0.0033688455 | J12: 주민공동시설 | N12: 5200
E13: 종교용지(3개소) | F13: =1039.4+1199.7+770 -> 3009.1 | G13: =ROUNDDOWN(F13*0.3025,2) -> 910.25 | H13: =F13/$F$8 -> 0.040548771 | J13: 스카이커뮤니티 | N13: 420
E14: 주택용지 | F14: 954.6 | G14: =ROUNDDOWN(F14*0.3025,2) -> 288.76 | H14: =F14/$F$8 -> 0.012863599 | J14: 지역공동시설 | N14: 500
J15: 주민운동시설(옥외) | L15: =IF(D69>=500,"500세대이상 의무설치", "해당없음") -> 500세대이상 의무설치 | N15: 800
E16: 소 계 | F16: =SUM(F9:F14) -> 19391.7 | G16: =ROUNDDOWN(F16*0.3025,2) -> 5865.98 | H16: =F16/$F$8 -> 0.26131056 | J16: 어린이놀이터(옥외) | L16: =IF(D69<100,"-해당없음-",IF(D69<300,"지역여건에 맞게 설치",IF(D69<1000,"200㎡+세대당 1㎡",IF(D69>1000,"500㎡+세대당 0.7㎡")))) -> 500㎡+세대당 0.7㎡ | M16: =500+(D69*0.7) -> 1599.7 | N16: =ROUNDUP(M16,-2)+100 -> 1700
D17: 실사용 대지면적 | F17: =F8-F16 -> 54817.7 | G17: =ROUNDDOWN(F17*0.3025,2) -> 16582.35 | H17: =F17/$F$8 -> 0.73868944 | J17: 총량검토 | K17: 500㎡+세대*2㎡이상 설치 | M17: =500+$D$69*2 -> 3642 | N17: =N8+N9+N10+N11+N12+N14+N15+N16 -> 10750 | O17: 총량제 면적 (관리사무소 제외)
C18: 연 면 적 | D18: 구 분 | F18: 계 획 | H18: 비 율 | J18: 조경시설 | K18: 대지면적 x 0.15 | M18: =F17*0.15 -> 8222.655 | N18: =ROUNDUP(M18,-2)+200 -> 8500
D19: 아파트 | E19: 지상 | F19: =J69+N13+N14 -> 146300.85 | G19: =ROUNDDOWN(F19*0.3025,2) -> 44256 | H19: =F19/$F$25 -> 0.98518527 | J19: 주차대수 | K19: 면적기준 | L19: 85㎡이하 전용/75 | M19: =ROUNDUP((D49*F49+D43*F43+D47*F47+D53*F53+D55*F55+D39*F39+D41*F41+D57*F57+D59*F59)/75,0) -> 1302 | N19: =D69*O19 -> 2827.8 | O19: 1.8
E20: 지하 | F20: =K69+M69+N6+N7+N8+N9+N10+N11+N12 -> 127967.6 | G20: =ROUNDDOWN(F20*0.3025,2) -> 38710.19 | L20: 85㎡초과 전용/65 | M20: =ROUNDUP((D61*F61+D63*F63+D65*F65)/65,0) -> 176
E21: 소계 | F21: =SUM(F19:F20) -> 274268.45 | G21: =ROUNDDOWN(F21*0.3025,2) -> 82966.2 | L21: 소 계 | M21: =SUM(M19:M20) -> 1478
D22: 근린생활시설 | E22: 지상 | F22: =M76 -> 2200 | G22: =ROUNDDOWN(F22*0.3025,2) -> 665.5 | H22: =F22/$F$25 -> 0.01481473 | K22: 세대기준 | L22: 세대당0.8대 (전용60㎡이하) | M22: =(D39+D41+D43+D47+D53+D55+D57)*0.8 -> 725.6
E23: 지하 | F23: =D103 -> 4640 | G23: =ROUNDDOWN(F23*0.3025,2) -> 1403.6 | L23: 세대당1대 (전용60㎡초과) | M23: =(D49+D59+D61+D63+D65)*1 -> 664
E24: 소계 | F24: =F22+F23 -> 6840 | G24: =ROUNDDOWN(F24*0.3025,2) -> 2069.1 | L24: 소 계 | M24: =SUM(M22:M23) -> 1389.6
D25: 합계 | E25: 지상 | F25: =F19+F22 -> 148500.85 | G25: =ROUNDDOWN(F25*0.3025,2) -> 44921.5 | H25: =F25/$F$25 -> 1 | K25: 근린생활시설 | L25: 134 | M25: =(I80+K80)/L25 -> 36.940299 | N25: =ROUNDUP(M25*O25,0) -> 45 | O25: 1.2
E26: 지하 | F26: =F20+F23 -> 132607.6 | G26: =ROUNDDOWN(F26*0.3025,2) -> 40113.79 | K26: 합 계 | M26: =SUM(M24+M25) -> 1426.5403 | N26: =SUM(N19+N25) -> 2872.8
E27: 합계 | F27: =F21+F24 -> 281108.45 | G27: =ROUNDDOWN(F27*0.3025,2) -> 85035.3
C28: 지침 최대연면적 | D28: 279559.49 | F28: =D28*1.05 -> 293537.46 | J28: 공공임대비율 | K28: 세대수 | L28: =D69-(P31*2) -> 1499 | M28: 0.15 | O28: =L28*M28 -> 224.85
C29: 건축면적 | D29: =9794.86+N7+I80 -> 14494.86 | G29: =ROUNDDOWN(D29*0.3025,2) -> 4384.69 | H29: 50 | K29: 임대주택 세대수의 30%이상 또는 세대수의 5%이상을 40㎡이하 계획 | O29: =D45 -> 225
C30: 건폐율 | D30: =D29/F17 -> 0.26441934
C31: 용적률 산정 연면적 | D31: =F25 -> 148500.85 | G31: =ROUNDDOWN(D31*0.3025,2) -> 44921.5 | H31: 예정법적용적률 | J31: 법적상한 소형주택 임대비율 | K31: =D32 -> 2.7089945 | L31: 2.5821 | M31: 2 | N31: =(K31-L31)/M31 -> 0.06344727 | O31: =N32 -> 3478.0334 | P31: =L33+L34 -> 36
C32: 용 적 율 | D32: =D31/F17 -> 2.7089945 | H32: 270.94 | L32: =F17 -> 54817.7 | M32: =N31 -> 0.06344727 | N32: =L32*M32 -> 3478.0334
C33: 세 대 수 | D33: =D69 -> 1571 | K33: =C48 -> 59 | L33: =D47 -> 18 | M33: =J47 -> 81.02 | N33: =L33*M33 -> 1458.36 | O33: =N33+N34 -> 3470.4
C34: 주차대수 | D34: =N26 -> 2872.8 | H34: =$N$19/$D$69 -> 1.8 | K34: =C50 -> 84 | L34: =D49 -> 18 | M34: =J49 -> 111.78 | N34: =L34*M34 -> 2012.04
C36: ■ 아파트 분양면적표
C37: 구 분 | D37: 세대수 | E37: 세대비 | F37: 주거전용 | G37: 주 거 공 용 면 적 | J37: 공급면적 | K37: 기타공용면적 | N37: 소 계 | O37: 계약면적 | P37: 비 고
G38: 벽체공용 | H38: 코어공용 | I38: 소 계 | K38: 기계,전기실 | L38: 부대복리시설 | M38: 지하주차장
C39: =ROUNDDOWN(J40,0) -> 16 | D39: 95 | E39: =D39/$D$69 -> 0.060471038 | F39: 39.96 | G39: =G53 -> 5.85 | H39: =H53 -> 8.91 | I39: =G39+H39 -> 14.76 | J39: =F39+I39 -> 54.72 | K39: =$K$69/$F$69*F39 -> 0.36664247 | L39: =$L$69/$F$69*F39 -> 3.3437793 | M39: =$M$69/$F$69*F39 -> 43.545246 | N39: =K39+L39+M39 -> 47.255668 | O39: =J39+N39 -> 101.97567 | P39: 공공임대 | R39: =D39+D41 -> 180
C40: 39 | F40: =ROUNDDOWN(F39*0.3025,2) -> 12.08 | G40: =ROUNDDOWN(G39*0.3025,2) -> 1.76 | H40: =ROUNDDOWN(H39*0.3025,2) -> 2.69 | I40: =ROUNDDOWN(I39*0.3025,2) -> 4.46 | J40: =ROUNDDOWN(J39*0.3025,2) -> 16.55 | K40: =ROUNDDOWN(K39*0.3025,2) -> 0.11 | L40: =ROUNDDOWN(L39*0.3025,2) -> 1.01 | M40: =ROUNDDOWN(M39*0.3025,2) -> 13.17 | ... O40: =ROUNDDOWN(O39*0.3025,2) -> 30.84
C41: =ROUNDDOWN(J42,0) -> 20 | D41: 85 | E41: =D41/$D$69 -> 0.054105665 | F41: 49.98 | G41: =G55 -> 6.85 | H41: =H55 -> 11.15 | I41: =G41+H41 -> 18 | J41: =I41+F41 -> 67.98 | K41: =$K$69/$F$69*F41 -> 0.45857835 | L41: =$L$69/$F$69*F41 -> 4.1822345 | M41: =$M$69/$F$69*F41 -> 54.46425 | N41: =N57 -> 70.942631 | O41: =J41+N41 -> 138.92263
C42: =ROUNDDOWN(F41,0) -> 49 | F42: =ROUNDDOWN(F41*0.3025,2) -> 15.11 | G42: =ROUNDDOWN(G41*0.3025,2) -> 2.07 | H42: =ROUNDDOWN(H41*0.3025,2) -> 3.37 | I42: =ROUNDDOWN(I41*0.3025,2) -> 5.44 | J42: =ROUNDDOWN(J41*0.3025,2) -> 20.56 | K42: =ROUNDDOWN(K41*0.3025,2) -> 0.13 | L42: =ROUNDDOWN(L41*0.3025,2) -> 1.26 | M42: =ROUNDDOWN(M41*0.3025,2) -> 16.47 | ... O42: =ROUNDDOWN(O41*0.3025,2) -> 42.02
C43: =ROUNDDOWN(J44,0) -> 24 | D43: 45 | E43: =D43/$D$69 -> 0.028644176 | F43: =F57 -> 59.99 | G43: =G57 -> 7.65 | H43: =H57 -> 13.38 | I43: =G43+H43 -> 21.03 | J43: =I43+F43 -> 81.02 | K43: =$K$69/$F$69*F43 -> 0.55042247 | L43: =$L$69/$F$69*F43 -> 5.0198529 | M43: =$M$69/$F$69*F43 -> 65.372356 | N43: =N55 -> 147.76266 | O43: =J43+N43 -> 228.78266
C44: =ROUNDDOWN(F43,0) -> 59 | F44: =ROUNDDOWN(F43*0.3025,2) -> 18.14 | G44: =ROUNDDOWN(G43*0.3025,2) -> 2.31 | H44: =ROUNDDOWN(H43*0.3025,2) -> 4.04 | I44: =ROUNDDOWN(I43*0.3025,2) -> 6.36 | J44: =ROUNDDOWN(J43*0.3025,2) -> 24.5 | K44: =ROUNDDOWN(K43*0.3025,2) -> 0.16 | L44: =ROUNDDOWN(L43*0.3025,2) -> 1.51 | M44: =ROUNDDOWN(M43*0.3025,2) -> 19.77 | ... O44: =ROUNDDOWN(O43*0.3025,2) -> 69.2
C45: 소 계 | D45: =SUM(D39:D44) -> 225 | E45: =SUM(E39:E44) -> 0.14322088 | F45: =SUMPRODUCT(D39:D44,F39:F44) -> 10744.05 | G45: =SUMPRODUCT(D39:D44,G39:G44) -> 1482.25 | H45: =SUMPRODUCT(D39:D44,H39:H44) -> 2396.3 | I45: =G45+H45 -> 3878.55 | J45: =F45+I45 -> 14622.6 | K45: =SUMPRODUCT(D39:D44,K39:K44) -> 98.579205 | L45: =SUMPRODUCT(D39:D44,L39:L44) -> 899.04235 | M45: =SUMPRODUCT(D39:D44,M39:M44) -> 11708.016 | N45: =K45+L45+M45 -> 12705.637 | O45: =J45+N45 -> 27328.237
F46: =ROUNDDOWN(F45*0.3025,2) -> 3250.07 | G46: =ROUNDDOWN(G45*0.3025,2) -> 448.38 | H46: =ROUNDDOWN(H45*0.3025,2) -> 724.88 | I46: =ROUNDDOWN(I45*0.3025,2) -> 1173.26 | J46: =ROUNDDOWN(J45*0.3025,2) -> 4423.33 | K46: =ROUNDDOWN(K45*0.3025,2) -> 29.82 | L46: =ROUNDDOWN(L45*0.3025,2) -> 271.96 | M46: =ROUNDDOWN(M45*0.3025,2) -> 3541.67 | ... O46: =ROUNDDOWN(O45*0.3025,2) -> 8266.79
C47: =ROUNDDOWN(J48,0) -> 24 | D47: 18 | E47: =D47/$D$69 -> 0.01145767 | F47: =F57 -> 59.99 | G47: =G57 -> 7.65 | H47: =H57 -> 13.38 | I47: =G47+H47 -> 21.03 | J47: =I47+F47 -> 81.02 | K47: =$K$69/$F$69*F47 -> 0.55042247 | L47: =$L$69/$F$69*F47 -> 5.0198529 | M47: =$M$69/$F$69*F47 -> 65.372356 | N47: =N57 -> 70.942631 | O47: =J47+N47 -> 151.96263 | P47: 소형임대
C48: =ROUNDDOWN(F47,0) -> 59 | F48: =ROUNDDOWN(F47*0.3025,2) -> 18.14 | G48: =ROUNDDOWN(G47*0.3025,2) -> 2.31 | H48: =ROUNDDOWN(H47*0.3025,2) -> 4.04 | I48: =ROUNDDOWN(I47*0.3025,2) -> 6.36 | J48: =ROUNDDOWN(J47*0.3025,2) -> 24.5 | K48: =ROUNDDOWN(K47*0.3025,2) -> 0.16 | L48: =ROUNDDOWN(L47*0.3025,2) -> 1.51 | M48: =ROUNDDOWN(M47*0.3025,2) -> 19.77 | ... O48: =ROUNDDOWN(O47*0.3025,2) -> 45.96
C49: =ROUNDDOWN(J50,0) -> 33 | D49: 18 | E49: =D49/$D$69 -> 0.01145767 | F49: =F59 -> 84.98 | G49: =G59 -> 7.85 | H49: =H59 -> 18.95 | I49: =G49+H49 -> 26.8 | J49: =I49+F49 -> 111.78 | K49: =$K$69/$F$69*F49 -> 0.77971164 | L49: =$L$69/$F$69*F49 -> 7.1109702 | M49: =$M$69/$F$69*F49 -> 92.60448 | N49: =N59 -> 100.49516 | O49: =J49+N49 -> 212.27516
C50: =ROUNDDOWN(F49,0) -> 84 | F50: =ROUNDDOWN(F49*0.3025,2) -> 25.7 | G50: =ROUNDDOWN(G49*0.3025,2) -> 2.37 | H50: =ROUNDDOWN(H49*0.3025,2) -> 5.73 | I50: =ROUNDDOWN(I49*0.3025,2) -> 8.1 | J50: =ROUNDDOWN(J49*0.3025,2) -> 33.81 | K50: =ROUNDDOWN(K49*0.3025,2) -> 0.23 | L50: =ROUNDDOWN(L49*0.3025,2) -> 2.15 | M50: =ROUNDDOWN(M49*0.3025,2) -> 28.01 | ... O50: =ROUNDDOWN(O49*0.3025,2) -> 64.21
C51: 소 계 | D51: =SUM(D47:D50) -> 36 | E51: =SUM(E47:E50) -> 0.022915341 | F51: =SUMPRODUCT(D47:D50,F47:F50) -> 2609.46 | G51: =SUMPRODUCT(D47:D50,G47:G50) -> 279 | H51: =SUMPRODUCT(D47:D50,H47:H50) -> 581.94 | I51: =G51+H51 -> 860.94 | J51: =F51+I51 -> 3470.4 | K51: =SUMPRODUCT(D47:D50,K47:K50) -> 23.942414 | L51: =SUMPRODUCT(D47:D50,L47:L50) -> 218.35482 | M51: =SUMPRODUCT(D47:D50,M47:M50) -> 2843.5831 | N51: =K51+L51+M51 -> 3085.8803 | O51: =J51+N51 -> 6556.2803
F52: =ROUNDDOWN(F51*0.3025,2) -> 789.36 | G52: =ROUNDDOWN(G51*0.3025,2) -> 84.39 | H52: =ROUNDDOWN(H51*0.3025,2) -> 176.03 | I52: =ROUNDDOWN(I51*0.3025,2) -> 260.43 | J52: =ROUNDDOWN(J51*0.3025,2) -> 1049.79 | K52: =ROUNDDOWN(K51*0.3025,2) -> 7.24 | L52: =ROUNDDOWN(L51*0.3025,2) -> 66.05 | M52: =ROUNDDOWN(M51*0.3025,2) -> 860.18 | ... O52: =ROUNDDOWN(O51*0.3025,2) -> 1983.27
C53: =ROUNDDOWN(J54,0) -> 16 | D53: 22 | E53: =D53/$D$69 -> 0.014003819 | F53: 39.96 | G53: 5.85 | H53: 8.91 | I53: =G53+H53 -> 14.76 | J53: =F53+I53 -> 54.72 | K53: =$K$69/$F$69*F53 -> 0.36664247 | L53: =$L$69/$F$69*F53 -> 3.3437793 | M53: =$M$69/$F$69*F53 -> 43.545246 | N53: =K53+L53+M53 -> 47.255668 | O53: =J53+N53 -> 101.97567 | P53: 분양
C54: 39 | F54: =ROUNDDOWN(F53*0.3025,2) -> 12.08 | G54: =ROUNDDOWN(G53*0.3025,2) -> 1.76 | H54: =ROUNDDOWN(H53*0.3025,2) -> 2.69 | I54: =ROUNDDOWN(I53*0.3025,2) -> 4.46 | J54: =ROUNDDOWN(J53*0.3025,2) -> 16.55 | K54: =ROUNDDOWN(K53*0.3025,2) -> 0.11 | L54: =ROUNDDOWN(L53*0.3025,2) -> 1.01 | M54: =ROUNDDOWN(M53*0.3025,2) -> 13.17 | ... O54: =ROUNDDOWN(O53*0.3025,2) -> 30.84
C55: =ROUNDDOWN(J56,0) -> 20 | D55: 95 | E55: =D55/$D$69 -> 0.060471038 | F55: 49.98 | G55: 6.85 | H55: 11.15 | I55: =G55+H55 -> 18 | J55: =I55+F55 -> 67.98 | K55: =$K$69/$F$69*F55 -> 0.45857835 | L55: =$L$69/$F$69*F55 -> 4.1822345 | M55: =$M$69/$F$69*F55 -> 54.46425 | N55: =N65 -> 147.76266 | O55: =J55+N55 -> 215.74266
C56: =ROUNDDOWN(F55,0) -> 49 | F56: =ROUNDDOWN(F55*0.3025,2) -> 15.11 | G56: =ROUNDDOWN(G55*0.3025,2) -> 2.07 | H56: =ROUNDDOWN(H55*0.3025,2) -> 3.37 | I56: =ROUNDDOWN(I55*0.3025,2) -> 5.44 | J56: =ROUNDDOWN(J55*0.3025,2) -> 20.56 | K56: =ROUNDDOWN(K55*0.3025,2) -> 0.13 | L56: =ROUNDDOWN(L55*0.3025,2) -> 1.26 | M56: =ROUNDDOWN(M55*0.3025,2) -> 16.47 | ... O56: =ROUNDDOWN(O55*0.3025,2) -> 65.26
C57: =ROUNDDOWN(J58,0) -> 24 | D57: 547 | E57: =D57/$D$69 -> 0.34818587 | F57: 59.99 | G57: 7.65 | H57: 13.38 | I57: =G57+H57 -> 21.03 | J57: =I57+F57 -> 81.02 | K57: =$K$69/$F$69*F57 -> 0.55042247 | L57: =$L$69/$F$69*F57 -> 5.0198529 | M57: =$M$69/$F$69*F57 -> 65.372356 | N57: =K57+L57+M57 -> 70.942631 | O57: =J57+N57 -> 151.96263
C58: =ROUNDDOWN(F57,0) -> 59 | F58: =ROUNDDOWN(F57*0.3025,2) -> 18.14 | G58: =ROUNDDOWN(G57*0.3025,2) -> 2.31 | H58: =ROUNDDOWN(H57*0.3025,2) -> 4.04 | I58: =ROUNDDOWN(I57*0.3025,2) -> 6.36 | J58: =ROUNDDOWN(J57*0.3025,2) -> 24.5 | K58: =ROUNDDOWN(K57*0.3025,2) -> 0.16 | L58: =ROUNDDOWN(L57*0.3025,2) -> 1.51 | M58: =ROUNDDOWN(M57*0.3025,2) -> 19.77 | ... O58: =ROUNDDOWN(O57*0.3025,2) -> 45.96
C59: =ROUNDDOWN(J60,0) -> 33 | D59: 539 | E59: =D59/$D$69 -> 0.34309357 | F59: 84.98 | G59: 7.85 | H59: 18.95 | I59: =G59+H59 -> 26.8 | J59: =F59+I59 -> 111.78 | K59: =$K$69/$F$69*F59 -> 0.77971164 | L59: =$L$69/$F$69*F59 -> 7.1109702 | M59: =$M$69/$F$69*F59 -> 92.60448 | N59: =K59+L59+M59 -> 100.49516 | O59: =J59+N59 -> 212.27516
C60: =ROUNDDOWN(F59,0) -> 84 | F60: =ROUNDDOWN(F59*0.3025,2) -> 25.7 | G60: =ROUNDDOWN(G59*0.3025,2) -> 2.37 | H60: =ROUNDDOWN(H59*0.3025,2) -> 5.73 | I60: =ROUNDDOWN(I59*0.3025,2) -> 8.1 | J60: =ROUNDDOWN(J59*0.3025,2) -> 33.81 | K60: =ROUNDDOWN(K59*0.3025,2) -> 0.23 | L60: =ROUNDDOWN(L59*0.3025,2) -> 2.15 | M60: =ROUNDDOWN(M59*0.3025,2) -> 28.01 | ... O60: =ROUNDDOWN(O59*0.3025,2) -> 64.21
B61: 59복층형 | C61: =ROUNDDOWN(J62,0) -> 39 | D61: 4 | E61: =D61/$D$69 -> 0.0025461489 | F61: 98.98 | G61: 10.15 | H61: 22.07 | I61: =G61+H61 -> 32.22 | J61: =F61+I61 -> 131.2 | K61: =$K$69/$F$69*F61 -> 0.90816496 | L61: =$L$69/$F$69*F61 -> 8.2824644 | M61: =$M$69/$F$69*F61 -> 107.86057 | N61: =K61+L61+M61 -> 117.0512 | O61: =J61+N61 -> 248.2512
C62: =ROUNDDOWN(F61,0) -> 98 | F62: =ROUNDDOWN(F61*0.3025,2) -> 29.94 | G62: =ROUNDDOWN(G61*0.3025,2) -> 3.07 | H62: =ROUNDDOWN(H61*0.3025,2) -> 6.67 | I62: =ROUNDDOWN(I61*0.3025,2) -> 9.74 | J62: =ROUNDDOWN(J61*0.3025,2) -> 39.68 | K62: =ROUNDDOWN(K61*0.3025,2) -> 0.27 | L62: =ROUNDDOWN(L61*0.3025,2) -> 2.5 | M62: =ROUNDDOWN(M61*0.3025,2) -> 32.62 | ... O62: =ROUNDDOWN(O61*0.3025,2) -> 75.09
C63: =ROUNDDOWN(J64,0) -> 42 | D63: 94 | E63: =D63/$D$69 -> 0.0598345 | F63: 104.99 | G63: 10.45 | H63: 23.41 | I63: =G63+H63 -> 33.86 | J63: =F63+I63 -> 138.85 | K63: =$K$69/$F$69*F63 -> 0.96330814 | L63: =$L$69/$F$69*F63 -> 8.7853702 | M63: =$M$69/$F$69*F63 -> 114.4098 | N63: =K63+L63+M63 -> 124.15847 | O63: =J63+N63 -> 263.00847
C64: =ROUNDDOWN(F63,0) -> 104 | F64: =ROUNDDOWN(F63*0.3025,2) -> 31.75 | G64: =ROUNDDOWN(G63*0.3025,2) -> 3.16 | H64: =ROUNDDOWN(H63*0.3025,2) -> 7.08 | I64: =ROUNDDOWN(I63*0.3025,2) -> 10.24 | J64: =ROUNDDOWN(J63*0.3025,2) -> 42 | K64: =ROUNDDOWN(K63*0.3025,2) -> 0.29 | L64: =ROUNDDOWN(L63*0.3025,2) -> 2.65 | M64: =ROUNDDOWN(M63*0.3025,2) -> 34.6 | ... O64: =ROUNDDOWN(O63*0.3025,2) -> 79.56
B65: 펜트 | C65: =ROUNDDOWN(J66,0) -> 49 | D65: 9 | E65: =D65/$D$69 -> 0.0057288351 | F65: 124.95 | G65: 11.85 | H65: 27.85 | I65: =G65+H65 -> 39.7 | J65: =F65+I65 -> 164.65 | K65: =$K$69/$F$69*F65 -> 1.1464459 | L65: =$L$69/$F$69*F65 -> 10.455586 | M65: =$M$69/$F$69*F65 -> 136.16062 | N65: =K65+L65+M65 -> 147.76266 | O65: =J65+N65 -> 312.41266
C66: =ROUNDDOWN(F65,0) -> 124 | F66: =ROUNDDOWN(F65*0.3025,2) -> 37.79 | G66: =ROUNDDOWN(G65*0.3025,2) -> 3.58 | H66: =ROUNDDOWN(H65*0.3025,2) -> 8.42 | I66: =ROUNDDOWN(I65*0.3025,2) -> 12 | J66: =ROUNDDOWN(J65*0.3025,2) -> 49.8 | K66: =ROUNDDOWN(K65*0.3025,2) -> 0.34 | L66: =ROUNDDOWN(L65*0.3025,2) -> 3.16 | M66: =ROUNDDOWN(M65*0.3025,2) -> 41.18 | ... O66: =ROUNDDOWN(O65*0.3025,2) -> 94.5
C67: 소 계 | D67: =SUM(D53:D66) -> 1310 | E67: =SUM(E53:E66) -> 0.83386378 | F67: =SUMPRODUCT(D53:D66,F53:F66) -> 95635.5 | G67: =SUMPRODUCT(D53:D66,G53:G66) -> 10324.7 | H67: =SUMPRODUCT(D53:D66,H53:H66) -> 21327.65 | I67: =G67+H67 -> 31652.35 | J67: =F67+I67 -> 127287.85 | K67: =SUMPRODUCT(D53:D66,K53:K66) -> 877.47838 | L67: =SUMPRODUCT(D53:D66,L53:L66) -> 8002.6028 | M67: =SUMPRODUCT(D53:D66,M53:M66) -> 104216 | N67: =K67+L67+M67 -> 113096.08 | O67: =J67+N67 -> 240383.93
F68: =ROUNDDOWN(F67*0.3025,2) -> 28929.73 | G68: =ROUNDDOWN(G67*0.3025,2) -> 3123.22 | H68: =ROUNDDOWN(H67*0.3025,2) -> 6451.61 | I68: =ROUNDDOWN(I67*0.3025,2) -> 9574.83 | J68: =ROUNDDOWN(J67*0.3025,2) -> 38504.57 | K68: =ROUNDDOWN(K67*0.3025,2) -> 265.43 | L68: =ROUNDDOWN(L67*0.3025,2) -> 2420.78 | M68: =ROUNDDOWN(M67*0.3025,2) -> 31525.34 | ... O68: =ROUNDDOWN(O67*0.3025,2) -> 72716.13
C69: 합 계 | D69: =D45+D51+D67 -> 1571 | E69: =E45+E51+E67 -> 1 | F69: =F45+F51+F67 -> 108989.01 | G69: =G45+G51+G67 -> 12085.95 | H69: =H45+H51+H67 -> 24305.89 | I69: =G69+H69 -> 36391.84 | J69: =F69+I69 -> 145380.85 | K69: 1000 | L69: =N6+N7+N8+N9+N10+N11+N12+N13+N14 -> 9120 | M69: =(N19*42) -> 118767.6 | N69: =K69+L69+M69 -> 128887.6 | O69: =J69+N69 -> 274268.45
F70: =ROUNDDOWN(F69*0.3025,2) -> 32969.17 | G70: =ROUNDDOWN(G69*0.3025,2) -> 3655.99 | H70: =ROUNDDOWN(H69*0.3025,2) -> 7352.53 | I70: =ROUNDDOWN(I69*0.3025,2) -> 11008.53 | J70: =ROUNDDOWN(J69*0.3025,2) -> 43977.7 | K70: =ROUNDDOWN(K69*0.3025,2) -> 302.5 | L70: =ROUNDDOWN(L69*0.3025,2) -> 2758.8 | M70: =ROUNDDOWN(M69*0.3025,2) -> 35927.19 | ... O70: =ROUNDDOWN(O69*0.3025,2) -> 82966.2
C72: ■ 근린생활시설 면적표
C73: 구 분 | E73: 전용면적 | G73: 공용면적 | I73: 소 계 | K73: 기타공용 | L73: 지하주차장 | M73: 합 계 | O73: 비 고
C74: 문화 및 집회시설 | E74: =I74*0.7 -> 0 | G74: =I74*0.3 -> 0 | I74: 0 | K74: =I74*0.15 -> 0 | L74: =#REF!*42 -> #REF! | M74: =SUM(I74:L74) -> #REF!
E75: =E74*0.3025 -> 0 | G75: =G74*0.3025 -> 0 | I75: =I74*0.3025 -> 0 | K75: =K74*0.3025 -> 0 | L75: =L74*0.3025 -> #REF! | M75: =M74*0.3025 -> #REF!
C76: 근린생활시설 | D76: 지상 | E76: =I76*0.7 -> 1540 | G76: =I76*0.3 -> 660 | I76: 2200 | K76: 0 | L76: 0 | M76: =SUM(I76:L76) -> 2200
E77: =E76*0.3025 -> 465.85 | G77: =G76*0.3025 -> 199.65 | I77: =I76*0.3025 -> 665.5 | K77: =K76*0.3025 -> 0 | L77: =L76*0.3025 -> 0 | M77: =M76*0.3025 -> 665.5
D78: 지하 | E78: =I78*0.7 -> 1680 | G78: =I78*0.3 -> 720 | I78: 2400 | K78: 350 | L78: =N25*42 -> 1890 | M78: =SUM(I78:L78) -> 4640
E79: =E78*0.3025 -> 508.2 | G79: =G78*0.3025 -> 217.8 | I79: =I78*0.3025 -> 726 | K79: =K78*0.3025 -> 105.875 | L79: =L78*0.3025 -> 571.725 | M79: =M78*0.3025 -> 1403.6
C80: 합계 | E80: =I80*0.7 -> 3220 | G80: =I80*0.3 -> 1380 | I80: =I76+I78 -> 4600 | K80: =K78 -> 350 | L80: =L78 -> 1890 | M80: =SUM(I80:L80) -> 6840
E81: =E80*0.3025 -> 974.05 | G81: =G80*0.3025 -> 417.45 | I81: =I80*0.3025 -> 1391.5 | K81: =K80*0.3025 -> 105.875 | L81: =L80*0.3025 -> 571.725 | M81: =M80*0.3025 -> 2069.1
D86: =D41+D57 -> 632 | E86: =E41+E57 -> 0.40229153 | I86: =I51+I67 -> 32513.29 | J86: =J51+J67 -> 130758.25 | K86: =K51+K67 -> 901.42079 | L86: =L51+L67 -> 8220.9576 | M86: =M51+M67 -> 107059.58 | N86: =N51+N67 -> 116181.96 | O86: =O51+O67 -> 246940.21
D87: =D57+D59+D61 -> 1090
C92: ■ 용도별 면적표 | I92: 주택건설기준등에 관한 규정
D93: 지하층면적 | E93: 지상층면적 | F93: 계 | G93: 비고 | J93: 0 | K93: 300 | L93: 500 | M93: 1000 | N93: 2000
J94: 300세대 미만 | K94: 300~500세대 미만 | L94: 500~1000세대 미만 | M94: 1000~2000세대 미만 | N94: 2000세대 이상
C95: 아 파 트 | D95: 0 | E95: =J69 -> 145380.85 | F95: =D95+E95 -> 145380.85 | I95: 진입도로 | J95: 6 | K95: 8 | L95: 12 | M95: 15 | N95: 20
D96: =ROUNDDOWN(D95*0.3025,2) -> 0 | E96: =ROUNDDOWN(E95*0.3025,2) -> 43977.7 | F96: =ROUNDDOWN(F95*0.3025,2) -> 43977.7
C97: 기계,전기실 | D97: =K69 -> 1000 | E97: 0 | F97: =D97+E97 -> 1000
D98: =ROUNDDOWN(D97*0.3025,2) -> 302.5 | E98: =ROUNDDOWN(E97*0.3025,2) -> 0 | F98: =ROUNDDOWN(F97*0.3025,2) -> 302.5 | I98: 필수 주민공동시설 세부면적기준
C99: 부대복리시설 관리사무소 경비실 | D99: =N6+N10+N12+N8+N9+N11 -> 8100 | E99: =N7 -> 100 | F99: =D99+E99 -> 8200 | J99: 0 | K99: 150 | L99: 300 | M99: 500 | N99: 1000 | O99: 1500
D100: =ROUNDDOWN(D99*0.3025,2) -> 2450.25 | E100: =ROUNDDOWN(E99*0.3025,2) -> 30.25 | F100: =ROUNDDOWN(F99*0.3025,2) -> 2480.5 | J100: 150세대 미만 | K100: 150~300세대 미만 | L100: 300~500세대 미만 | M100: 500~1000세대 미만 | N100: 1000~1500세대 미만 | O100: 1500세대 이상
C101: 주차장 | D101: =M69 -> 118767.6 | E101: 0 | F101: =D101+E101 -> 118767.6 | G101: 0.7 | I101: 경로당 | J101: 0 | K101: =50+(D69*0.1) -> 207.1 | L101: 155 | M101: 225 | N101: 375 | O101: 500
D102: =ROUNDDOWN(D101*0.3025,2) -> 35927.19 | E102: =ROUNDDOWN(E101*0.3025,2) -> 0 | F102: =ROUNDDOWN(F101*0.3025,2) -> 35927.19 | G102: =(D101+D97+D99+D103)/(F17*G101) -> 3.4532016 | I102: 어린이집 | J102: 0 | K102: 0 | L102: 198 | M102: 330 | N102: 580 | O102: 725
C103: 근린생활시설 | D103: =M78 -> 4640 | E103: =M76 -> 2200 | F103: =D103+E103 -> 6840 | I103: 작은도서관 | J103: 0 | K103: 0 | L103: 108 | M103: 158 | N103: 203 | O103: 298
D104: =ROUNDDOWN(D103*0.3025,2) -> 1403.6 | E104: =ROUNDDOWN(E103*0.3025,2) -> 665.5 | F104: =ROUNDDOWN(F103*0.3025,2) -> 2069.1
C105: 계 | D105: =D95+D97+D99+D101+D103 -> 132507.6 | E105: =E95+E97+E99+E101+E103 -> 147680.85 | F105: =D105+E105 -> 280188.45 | I105: 지하 설비시설 세부 면적기준
D106: =ROUNDDOWN(D105*0.3025,2) -> 40083.54 | E106: =ROUNDDOWN(E105*0.3025,2) -> 44673.45 | F106: =ROUNDDOWN(F105*0.3025,2) -> 84757 | J106: 0 | K106: 500 | L106: 1000 | M106: 1500
J107: 500세대미만 | K107: 500~1000세대 | L107: 1000세대~1500세대 | M107: 1500세대 이상
I108: 기계실 | J108: 90 | K108: 90 | L108: 108 | M108: 138
I109: 저수조실(상부) | J109: 188 | K109: 188 | L109: 324 | M109: 454
I110: 전기실 | J110: 146 | K110: 158 | L110: 184 | M110: 210
I111: 발전기실 | J111: 60 | K111: 80 | L111: 100 | M111: 150
...

Sheet 적용개요
G2: ■ 설 계 개 요 | N2: ■ 부대복리시설
G3: 사업명 | H3: 봉천14구역 주택재개발 정비사업 | N3: 구 분 | P3: 법적 설치기준 및 지침기준 | R3: 설치계획 | S3: 비고
G4: 대지위치 | H4: 서울특별시 관악구 봉천동 1-13번지 일대 | N4: 진입도로 | O4: =INDEX($N$96:$R$96,MATCH($H$71,$N$95:$R$95,1)) -> 1000~2000세대 미만 | R4: =INDEX($N$97:$R$97,MATCH($H$71,$N$95:$R$95,1)) -> 15
G5: 지역지구 | H5: 제3종 일반주거지역, 도시지역 | N5: 단지내도로 | O5: 폭 7m 이상 | R5: 7M도로
G6: 건축규모 | H6: 지상 27층 / | I6: 4 | N6: 관리사무소 | O6: =H71 -> 1571 | Q6: =IF(H71>=50, ROUNDUP((10+(H71-50)*0.05),2), "해당없음") -> 86.05 | R6: 350 | S6: (방재실, MDF포함)
G7: 용도 | H7: 공동주택 및 부대복리시설, 근린생활시설 | N7: 경 비 실 | R7: 100
G8: 대 지 면 적 | H8: 사업면적 | J8: 74209.4 | K8: =ROUNDDOWN(J8*0.3025,2) -> 22448.34 | L8: =J8/$J$8 -> 1 | N8: 경 로 당 | O8: 주민공동시설 총량제 | P8: 1,500세대 이상 (서울시 주택조례) | Q8: 500 | R8: 600
H9: 제외면적 | I9: 도 로 | J9: 9078 | K9: =ROUNDDOWN(J9*0.3025,2) -> 2746.09 | L9: =J9/$J$8 -> 0.12232952 | N9: 어린이집 | Q9: 725 | R9: 1200
I10: 공 원 | J10: 5100 | K10: =ROUNDDOWN(J10*0.3025,2) -> 1542.75 | L10: =J10/$J$8 -> 0.068724447 | N10: 작은도서관 | Q10: 298 | R10: 650
I11: 사회복지시설 | J11: 1000 | K11: =ROUNDDOWN(J11*0.3025,2) -> 302.5 | L11: =J11/$J$8 -> 0.013475382 | N11: 다함께돌봄센터 | P11: =IF(H71>=500,"500세대이상 의무설치", "해당없음") -> 500세대이상 의무설치 | Q11: =IF(H71>=500,"66㎡ 이상", "해당없음") -> 66㎡ 이상 | R11: 100
I12: 공공청사 | J12: 250 | K12: =ROUNDDOWN(J12*0.3025,2) -> 75.62 | L12: =J12/$J$8 -> 0.0033688455 | N12: 주민공동시설 | R12: 5200
I13: 종교용지(3개소) | J13: =1039.4+1199.7+770 -> 3009.1 | K13: =ROUNDDOWN(J13*0.3025,2) -> 910.25 | L13: =J13/$J$8 -> 0.040548771 | N13: 스카이커뮤니티 | R13: 420
I14: 주택용지 | J14: 954.6 | K14: =ROUNDDOWN(J14*0.3025,2) -> 288.76 | L14: =J14/$J$8 -> 0.012863599 | N14: 지역공동시설 | R14: 500
N15: 주민운동시설(옥외) | P15: =IF(H71>=500,"500세대이상 의무설치", "해당없음") -> 500세대이상 의무설치 | R15: 800
I16: 소 계 | J16: =SUM(J9:J14) -> 19391.7 | K16: =ROUNDDOWN(J16*0.3025,2) -> 5865.98 | L16: =J16/$J$8 -> 0.26131056 | N16: 어린이놀이터(옥외) | P16: =IF(H71<100,"-해당없음-",IF(H71<300,"지역여건에 맞게 설치",IF(H71<1000,"200㎡+세대당 1㎡",IF(H71>1000,"500㎡+세대당 0.7㎡")))) -> 500㎡+세대당 0.7㎡ | Q16: =500+(H71*0.7) -> 1599.7 | R16: =ROUNDUP(Q16,-2)+100 -> 1700
H17: 실사용 대지면적 | J17: =J8-J16 -> 54817.7 | K17: =ROUNDDOWN(J17*0.3025,2) -> 16582.35 | L17: =J17/$J$8 -> 0.73868944 | N17: 총량검토 | O17: 500㎡+세대*2㎡이상 설치 | Q17: =500+$H$71*2 -> 3642 | R17: =R8+R9+R10+R11+R12+R14+R15+R16 -> 10750 | S17: 총량제 면적 (관리사무소 제외)
G18: 연 면 적 | H18: 구 분 | J18: 계 획 | L18: 비 율 | N18: 조경시설 | O18: 대지면적 x 0.15 | Q18: =J17*0.15 -> 8222.655 | R18: =ROUNDUP(Q18,-2)+200 -> 8500
H19: 아파트 | I19: 지상 | J19: =N71+R13+R14 -> 146300.85 | K19: =ROUNDDOWN(J19*0.3025,2) -> 44256 | L19: =J19/$J$25 -> 0.98518527 | N19: 주차대수 | O19: 면적기준 | P19: 85㎡이하 전용/75 | Q19: =ROUNDUP((H49*J49+H43*J43+H47*J47+H53*J53+H55*J55+H39*J39+H41*J41+H57*J57+H59*J59+H61*J61)/75,0) -> 1302 | R19: =H71*S19 -> 2827.8 | S19: 1.8
I20: 지하 | J20: =O71+Q71+R6+R7+R8+R9+R10+R11+R12 -> 127967.6 | K20: =ROUNDDOWN(J20*0.3025,2) -> 38710.19 | P20: 85㎡초과 전용/65 | Q20: =ROUNDUP((H63*J63+H65*J65+H67*J67)/65,0) -> 176
I21: 소계 | J21: =SUM(J19:J20) -> 274268.45 | K21: =ROUNDDOWN(J21*0.3025,2) -> 82966.2 | P21: 소 계 | Q21: =SUM(Q19:Q20) -> 1478
H22: 근린생활시설 | I22: 지상 | J22: =Q78 -> 2200 | K22: =ROUNDDOWN(J22*0.3025,2) -> 665.5 | L22: =J22/$J$25 -> 0.01481473 | O22: 세대기준 | P22: 세대당0.8대 (전용60㎡이하) | Q22: =(H39+H41+H43+H47+H53+H55+H57)*0.8 -> 725.6
I23: 지하 | J23: =H105 -> 4640 | K23: =ROUNDDOWN(J23*0.3025,2) -> 1403.6 | P23: 세대당1대 (전용60㎡초과) | Q23: =(H49+H59+H63+H65+H67)*1 -> 654
I24: 소계 | J24: =J22+J23 -> 6840 | K24: =ROUNDDOWN(J24*0.3025,2) -> 2069.1 | P24: 소 계 | Q24: =SUM(Q22:Q23) -> 1379.6
H25: 합계 | I25: 지상 | J25: =J19+J22 -> 148500.85 | K25: =ROUNDDOWN(J25*0.3025,2) -> 44921.5 | L25: =J25/$J$25 -> 1 | O25: 근린생활시설 | P25: 134 | Q25: =(M82+O82)/P25 -> 36.940299 | R25: =ROUNDUP(Q25*S25,0) -> 45 | S25: 1.2
I26: 지하 | J26: =J20+J23 -> 132607.6 | K26: =ROUNDDOWN(J26*0.3025,2) -> 40113.79 | O26: 합 계 | Q26: =SUM(Q24+Q25) -> 1416.5403 | R26: =SUM(R19+R25) -> 2872.8
I27: 합계 | J27: =J21+J24 -> 281108.45 | K27: =ROUNDDOWN(J27*0.3025,2) -> 85035.3
G28: 지침 최대연면적 | H28: 279559.49 | J28: =H28*1.05 -> 293537.46 | N28: 공공임대비율 | O28: 세대수 | P28: =H71-(T31*2) -> 1499 | Q28: 0.15 | S28: =P28*Q28 -> 224.85
G29: 건축면적 | H29: 10250.69 | K29: =ROUNDDOWN(H29*0.3025,2) -> 3100.83 | L29: 50 | O29: 임대주택 세대수의 30%이상 또는 세대수의 5%이상을 40㎡이하 계획 | S29: =H45 -> 225
G30: 건폐율 | H30: =H29/J17 -> 0.18699599
G31: 용적률 산정 연면적 | H31: =J25 -> 148500.85 | K31: =ROUNDDOWN(H31*0.3025,2) -> 44921.5 | L31: 예정법적용적률 | N31: 법적상한 소형주택 임대비율 | O31: =H32 -> 2.7089945 | P31: 2.5821 | Q31: 2 | R31: =(O31-P31)/Q31 -> 0.06344727 | S31: =R32 -> 3478.0334 | T31: =P33+P34 -> 36
G32: 용 적 율 | H32: =H31/J17 -> 2.7089945 | L32: 270.94 | P32: =J17 -> 54817.7 | Q32: =R31 -> 0.06344727 | R32: =P32*Q32 -> 3478.0334
G33: 세 대 수 | H33: =H71 -> 1571 | O33: =G48 -> 59 | P33: =H47 -> 18 | Q33: =N47 -> 81.02 | R33: =P33*Q33 -> 1458.36 | S33: =R33+R34 -> 3470.4
G34: 주차대수 | H34: =R26 -> 2872.8 | L34: =$R$19/$H$71 -> 1.8 | O34: =G50 -> 84 | P34: =H49 -> 18 | Q34: =N49 -> 111.78 | R34: =P34*Q34 -> 2012.04
G36: ■ 아파트 분양면적표
B37: 구분 | C37: 기준 | D37: 계획 | E37: 비고 | G37: 구 분 | H37: 세대수 | I37: 세대비 | J37: 주거전용 | K37: 주 거 공 용 면 적 | N37: 공급면적 | O37: 기타공용면적 | R37: 소 계 | S37: 계약면적 | T37: 비 고
K38: 벽체공용 | L38: 코어공용 | M38: 소 계 | O38: 기계,전기실 | P38: 부대복리시설 | Q38: 지하주차장
B39: =G54 -> 39 | C39: 117 | D39: =H39+H53 -> 117 | E39: =D39-C39 -> 0 | G39: =ROUNDDOWN(N40,0) -> 16 | H39: 95 | I39: =H39/$H$71 -> 0.060471038 | J39: 39.96 | K39: =K53 -> 5.85 | L39: =L53 -> 8.91 | M39: =K39+L39 -> 14.76 | N39: =J39+M39 -> 54.72 | O39: =$O$71/$J$71*J39 -> 0.36664247 | P39: =$P$71/$J$71*J39 -> 3.3437793 | Q39: =$Q$71/$J$71*J39 -> 43.545246 | R39: =O39+P39+Q39 -> 47.255668 | S39: =N39+R39 -> 101.97567 | T39: 공공임대 | V39: =H39+H41 -> 180
G40: 39 | J40: =ROUNDDOWN(J39*0.3025,2) -> 12.08 | K40: =ROUNDDOWN(K39*0.3025,2) -> 1.76 | L40: =ROUNDDOWN(L39*0.3025,2) -> 2.69 | M40: =ROUNDDOWN(M39*0.3025,2) -> 4.46 | N40: =ROUNDDOWN(N39*0.3025,2) -> 16.55 | O40: =ROUNDDOWN(O39*0.3025,2) -> 0.11 | P40: =ROUNDDOWN(P39*0.3025,2) -> 1.01 | Q40: =ROUNDDOWN(Q39*0.3025,2) -> 13.17 | ... S40: =ROUNDDOWN(S39*0.3025,2) -> 30.84
B41: =G56 -> 49 | C41: 180 | D41: =H41+H55 -> 180 | E41: =D41-C41 -> 0 | G41: =ROUNDDOWN(N42,0) -> 20 | H41: 85 | I41: =H41/$H$71 -> 0.054105665 | J41: 49.98 | K41: =K55 -> 6.85 | L41: =L55 -> 11.15 | M41: =K41+L41 -> 18 | N41: =M41+J41 -> 67.98 | O41: =$O$71/$J$71*J41 -> 0.45857835 | P41: =$P$71/$J$71*J41 -> 4.1822345 | Q41: =$Q$71/$J$71*J41 -> 54.46425 | R41: =R57 -> 70.942631 | S41: =N41+R41 -> 138.92263
G42: =ROUNDDOWN(J41,0) -> 49 | J42: =ROUNDDOWN(J41*0.3025,2) -> 15.11 | K42: =ROUNDDOWN(K41*0.3025,2) -> 2.07 | L42: =ROUNDDOWN(L41*0.3025,2) -> 3.37 | M42: =ROUNDDOWN(M41*0.3025,2) -> 5.44 | N42: =ROUNDDOWN(N41*0.3025,2) -> 20.56 | O42: =ROUNDDOWN(O41*0.3025,2) -> 0.13 | P42: =ROUNDDOWN(P41*0.3025,2) -> 1.26 | Q42: =ROUNDDOWN(Q41*0.3025,2) -> 16.47 | ... S42: =ROUNDDOWN(S41*0.3025,2) -> 42.02
B43: =G58 -> 59 | C43: 610 | D43: =H43+H47+H57 -> 610 | E43: =D43-C43 -> 0 | G43: =ROUNDDOWN(N44,0) -> 24 | H43: 45 | I43: =H43/$H$71 -> 0.028644176 | J43: =J57 -> 59.99 | K43: =K57 -> 7.65 | L43: =L57 -> 13.38 | M43: =K43+L43 -> 21.03 | N43: =M43+J43 -> 81.02 | O43: =$O$71/$J$71*J43 -> 0.55042247 | P43: =$P$71/$J$71*J43 -> 5.0198529 | Q43: =$Q$71/$J$71*J43 -> 65.372356 | R43: =R55 -> 147.76266 | S43: =N43+R43 -> 228.78266
G44: =ROUNDDOWN(J43,0) -> 59 | J44: =ROUNDDOWN(J43*0.3025,2) -> 18.14 | K44: =ROUNDDOWN(K43*0.3025,2) -> 2.31 | L44: =ROUNDDOWN(L43*0.3025,2) -> 4.04 | M44: =ROUNDDOWN(M43*0.3025,2) -> 6.36 | N44: =ROUNDDOWN(N43*0.3025,2) -> 24.5 | O44: =ROUNDDOWN(O43*0.3025,2) -> 0.16 | P44: =ROUNDDOWN(P43*0.3025,2) -> 1.51 | Q44: =ROUNDDOWN(Q43*0.3025,2) -> 19.77 | ... S44: =ROUNDDOWN(S43*0.3025,2) -> 69.2
B45: =G60 -> 84 | C45: 557 | D45: =H49+H59+H61 -> 557 | E45: =D45-C45 -> 0 | G45: 소 계 | H45: =SUM(H39:H44) -> 225 | I45: =SUM(I39:I44) -> 0.14322088 | J45: =SUMPRODUCT(H39:H44,J39:J44) -> 10744.05 | K45: =SUMPRODUCT(H39:H44,K39:K44) -> 1482.25 | L45: =SUMPRODUCT(H39:H44,L39:L44) -> 2396.3 | M45: =K45+L45 -> 3878.55 | N45: =J45+M45 -> 14622.6 | O45: =SUMPRODUCT(H39:H44,O39:O44) -> 98.579205 | P45: =SUMPRODUCT(H39:H44,P39:P44) -> 899.04235 | Q45: =SUMPRODUCT(H39:H44,Q39:Q44) -> 11708.016 | R45: =O45+P45+Q45 -> 12705.637 | S45: =N45+R45 -> 27328.237
J46: =ROUNDDOWN(J45*0.3025,2) -> 3250.07 | K46: =ROUNDDOWN(K45*0.3025,2) -> 448.38 | L46: =ROUNDDOWN(L45*0.3025,2) -> 724.88 | M46: =ROUNDDOWN(M45*0.3025,2) -> 1173.26 | N46: =ROUNDDOWN(N45*0.3025,2) -> 4423.33 | O46: =ROUNDDOWN(O45*0.3025,2) -> 29.82 | P46: =ROUNDDOWN(P45*0.3025,2) -> 271.96 | Q46: =ROUNDDOWN(Q45*0.3025,2) -> 3541.67 | ... S46: =ROUNDDOWN(S45*0.3025,2) -> 8266.79
B47: =G64 -> 98 | C47: 4 | D47: =H63 -> 4 | E47: =D47-C47 -> 0 | G47: =ROUNDDOWN(N48,0) -> 24 | H47: 18 | I47: =H47/$H$71 -> 0.01145767 | J47: =J57 -> 59.99 | K47: =K57 -> 7.65 | L47: =L57 -> 13.38 | M47: =K47+L47 -> 21.03 | N47: =M47+J47 -> 81.02 | O47: =$O$71/$J$71*J47 -> 0.55042247 | P47: =$P$71/$J$71*J47 -> 5.0198529 | Q47: =$Q$71/$J$71*J47 -> 65.372356 | R47: =R57 -> 70.942631 | S47: =N47+R47 -> 151.96263 | T47: 소형임대
G48: =ROUNDDOWN(J47,0) -> 59 | J48: =ROUNDDOWN(J47*0.3025,2) -> 18.14 | K48: =ROUNDDOWN(K47*0.3025,2) -> 2.31 | L48: =ROUNDDOWN(L47*0.3025,2) -> 4.04 | M48: =ROUNDDOWN(M47*0.3025,2) -> 6.36 | N48: =ROUNDDOWN(N47*0.3025,2) -> 24.5 | O48: =ROUNDDOWN(O47*0.3025,2) -> 0.16 | P48: =ROUNDDOWN(P47*0.3025,2) -> 1.51 | Q48: =ROUNDDOWN(Q47*0.3025,2) -> 19.77 | ... S48: =ROUNDDOWN(S47*0.3025,2) -> 45.96
B49: =G66 -> 104 | C49: 94 | D49: =H65 -> 94 | E49: =D49-C49 -> 0 | G49: =ROUNDDOWN(N50,0) -> 33 | H49: 18 | I49: =H49/$H$71 -> 0.01145767 | J49: =J59 -> 84.98 | K49: =K59 -> 7.85 | L49: =L59 -> 18.95 | M49: =K49+L49 -> 26.8 | N49: =M49+J49 -> 111.78 | O49: =$O$71/$J$71*J49 -> 0.77971164 | P49: =$P$71/$J$71*J49 -> 7.1109702 | Q49: =$Q$71/$J$71*J49 -> 92.60448 | R49: =R59 -> 100.49516 | S49: =N49+R49 -> 212.27516
G50: =ROUNDDOWN(J49,0) -> 84 | J50: =ROUNDDOWN(J49*0.3025,2) -> 25.7 | K50: =ROUNDDOWN(K49*0.3025,2) -> 2.37 | L50: =ROUNDDOWN(L49*0.3025,2) -> 5.73 | M50: =ROUNDDOWN(M49*0.3025,2) -> 8.1 | N50: =ROUNDDOWN(N49*0.3025,2) -> 33.81 | O50: =ROUNDDOWN(O49*0.3025,2) -> 0.23 | P50: =ROUNDDOWN(P49*0.3025,2) -> 2.15 | Q50: =ROUNDDOWN(Q49*0.3025,2) -> 28.01 | ... S50: =ROUNDDOWN(S49*0.3025,2) -> 64.21
B51: =G68 -> 124 | C51: 9 | D51: =H67 -> 9 | E51: =D51-C51 -> 0 | G51: 소 계 | H51: =SUM(H47:H50) -> 36 | I51: =SUM(I47:I50) -> 0.022915341 | J51: =SUMPRODUCT(H47:H50,J47:J50) -> 2609.46 | K51: =SUMPRODUCT(H47:H50,K47:K50) -> 279 | L51: =SUMPRODUCT(H47:H50,L47:L50) -> 581.94 | M51: =K51+L51 -> 860.94 | N51: =J51+M51 -> 3470.4 | O51: =SUMPRODUCT(H47:H50,O47:O50) -> 23.942414 | P51: =SUMPRODUCT(H47:H50,P47:P50) -> 218.35482 | Q51: =SUMPRODUCT(H47:H50,Q47:Q50) -> 2843.5831 | R51: =O51+P51+Q51 -> 3085.8803 | S51: =N51+R51 -> 6556.2803
J52: =ROUNDDOWN(J51*0.3025,2) -> 789.36 | K52: =ROUNDDOWN(K51*0.3025,2) -> 84.39 | L52: =ROUNDDOWN(L51*0.3025,2) -> 176.03 | M52: =ROUNDDOWN(M51*0.3025,2) -> 260.43 | N52: =ROUNDDOWN(N51*0.3025,2) -> 1049.79 | O52: =ROUNDDOWN(O51*0.3025,2) -> 7.24 | P52: =ROUNDDOWN(P51*0.3025,2) -> 66.05 | Q52: =ROUNDDOWN(Q51*0.3025,2) -> 860.18 | ... S52: =ROUNDDOWN(S51*0.3025,2) -> 1983.27
B53: 세대수합계 | C53: =SUM(C39:C52) -> 1571 | D53: =H71 -> 1571 | E53: =D53-C53 -> 0 | G53: =ROUNDDOWN(N54,0) -> 16 | H53: 22 | I53: =H53/$H$71 -> 0.014003819 | J53: 39.96 | K53: 5.85 | L53: 8.91 | M53: =K53+L53 -> 14.76 | N53: =J53+M53 -> 54.72 | O53: =$O$71/$J$71*J53 -> 0.36664247 | P53: =$P$71/$J$71*J53 -> 3.3437793 | Q53: =$Q$71/$J$71*J53 -> 43.545246 | R53: =O53+P53+Q53 -> 47.255668 | S53: =N53+R53 -> 101.97567 | T53: 분양
G54: 39 | J54: =ROUNDDOWN(J53*0.3025,2) -> 12.08 | K54: =ROUNDDOWN(K53*0.3025,2) -> 1.76 | L54: =ROUNDDOWN(L53*0.3025,2) -> 2.69 | M54: =ROUNDDOWN(M53*0.3025,2) -> 4.46 | N54: =ROUNDDOWN(N53*0.3025,2) -> 16.55 | O54: =ROUNDDOWN(O53*0.3025,2) -> 0.11 | P54: =ROUNDDOWN(P53*0.3025,2) -> 1.01 | Q54: =ROUNDDOWN(Q53*0.3025,2) -> 13.17 | ... S54: =ROUNDDOWN(S53*0.3025,2) -> 30.84
G55: =ROUNDDOWN(N56,0) -> 20 | H55: 95 | I55: =H55/$H$71 -> 0.060471038 | J55: 49.98 | K55: 6.85 | L55: 11.15 | M55: =K55+L55 -> 18 | N55: =M55+J55 -> 67.98 | O55: =$O$71/$J$71*J55 -> 0.45857835 | P55: =$P$71/$J$71*J55 -> 4.1822345 | Q55: =$Q$71/$J$71*J55 -> 54.46425 | R55: =R67 -> 147.76266 | S55: =N55+R55 -> 215.74266
G56: =ROUNDDOWN(J55,0) -> 49 | J56: =ROUNDDOWN(J55*0.3025,2) -> 15.11 | K56: =ROUNDDOWN(K55*0.3025,2) -> 2.07 | L56: =ROUNDDOWN(L55*0.3025,2) -> 3.37 | M56: =ROUNDDOWN(M55*0.3025,2) -> 5.44 | N56: =ROUNDDOWN(N55*0.3025,2) -> 20.56 | O56: =ROUNDDOWN(O55*0.3025,2) -> 0.13 | P56: =ROUNDDOWN(P55*0.3025,2) -> 1.26 | Q56: =ROUNDDOWN(Q55*0.3025,2) -> 16.47 | ... S56: =ROUNDDOWN(S55*0.3025,2) -> 65.26
B57: 용적률 | C57: 2.709 | E57: =D57-C57 -> -2.709 | G57: =ROUNDDOWN(N58,0) -> 24 | H57: 547 | I57: =H57/$H$71 -> 0.34818587 | J57: 59.99 | K57: 7.65 | L57: 13.38 | M57: =K57+L57 -> 21.03 | N57: =M57+J57 -> 81.02 | O57: =$O$71/$J$71*J57 -> 0.55042247 | P57: =$P$71/$J$71*J57 -> 5.0198529 | Q57: =$Q$71/$J$71*J57 -> 65.372356 | R57: =O57+P57+Q57 -> 70.942631 | S57: =N57+R57 -> 151.96263
G58: =ROUNDDOWN(J57,0) -> 59 | J58: =ROUNDDOWN(J57*0.3025,2) -> 18.14 | K58: =ROUNDDOWN(K57*0.3025,2) -> 2.31 | L58: =ROUNDDOWN(L57*0.3025,2) -> 4.04 | M58: =ROUNDDOWN(M57*0.3025,2) -> 6.36 | N58: =ROUNDDOWN(N57*0.3025,2) -> 24.5 | O58: =ROUNDDOWN(O57*0.3025,2) -> 0.16 | P58: =ROUNDDOWN(P57*0.3025,2) -> 1.51 | Q58: =ROUNDDOWN(Q57*0.3025,2) -> 19.77 | ... S58: =ROUNDDOWN(S57*0.3025,2) -> 45.96
B59: 연면적 | C59: 279599.49 | D59: =J27 -> 281108.45 | E59: =((D59/C59)-1) -> 0.0053968625 | G59: =ROUNDDOWN(N60,0) -> 33 | H59: 529 | I59: =H59/$H$71 -> 0.3367282 | J59: 84.98 | K59: 7.85 | L59: 18.95 | M59: =K59+L59 -> 26.8 | N59: =J59+M59 -> 111.78 | O59: =$O$71/$J$71*J59 -> 0.77971164 | P59: =$P$71/$J$71*J59 -> 7.1109702 | Q59: =$Q$71/$J$71*J59 -> 92.60448 | R59: =O59+P59+Q59 -> 100.49516 | S59: =N59+R59 -> 212.27516
G60: =ROUNDDOWN(J59,0) -> 84 | J60: =ROUNDDOWN(J59*0.3025,2) -> 25.7 | K60: =ROUNDDOWN(K59*0.3025,2) -> 2.37 | L60: =ROUNDDOWN(L59*0.3025,2) -> 5.73 | M60: =ROUNDDOWN(M59*0.3025,2) -> 8.1 | N60: =ROUNDDOWN(N59*0.3025,2) -> 33.81 | O60: =ROUNDDOWN(O59*0.3025,2) -> 0.23 | P60: =ROUNDDOWN(P59*0.3025,2) -> 2.15 | Q60: =ROUNDDOWN(Q59*0.3025,2) -> 28.01 | ... S60: =ROUNDDOWN(S59*0.3025,2) -> 64.21
G61: =ROUNDDOWN(N62,0) -> 33 | H61: 10 | I61: =H61/$H$71 -> 0.0063653724 | J61: 84.98 | K61: 7.85 | L61: 18.95 | M61: =K61+L61 -> 26.8 | N61: =J61+M61 -> 111.78 | O61: =$O$71/$J$71*J61 -> 0.77971164 | P61: =$P$71/$J$71*J61 -> 7.1109702 | Q61: =$Q$71/$J$71*J61 -> 92.60448 | R61: =O61+P61+Q61 -> 100.49516 | S61: =N61+R61 -> 212.27516
G62: =ROUNDDOWN(J61,0) -> 84 | J62: =ROUNDDOWN(J61*0.3025,2) -> 25.7 | K62: =ROUNDDOWN(K61*0.3025,2) -> 2.37 | L62: =ROUNDDOWN(L61*0.3025,2) -> 5.73 | M62: =ROUNDDOWN(M61*0.3025,2) -> 8.1 | N62: =ROUNDDOWN(N61*0.3025,2) -> 33.81 | O62: =ROUNDDOWN(O61*0.3025,2) -> 0.23 | P62: =ROUNDDOWN(P61*0.3025,2) -> 2.15 | Q62: =ROUNDDOWN(Q61*0.3025,2) -> 28.01 | ... S62: =ROUNDDOWN(S61*0.3025,2) -> 64.21
F63: 59복층형 | G63: =ROUNDDOWN(N64,0) -> 39 | H63: 4 | I63: =H63/$H$71 -> 0.0025461489 | J63: 98.98 | K63: 10.15 | L63: 22.07 | M63: =K63+L63 -> 32.22 | N63: =J63+M63 -> 131.2 | O63: =$O$71/$J$71*J63 -> 0.90816496 | P63: =$P$71/$J$71*J63 -> 8.2824644 | Q63: =$Q$71/$J$71*J63 -> 107.86057 | R63: =O63+P63+Q63 -> 117.0512 | S63: =N63+R63 -> 248.2512
G64: =ROUNDDOWN(J63,0) -> 98 | J64: =ROUNDDOWN(J63*0.3025,2) -> 29.94 | K64: =ROUNDDOWN(K63*0.3025,2) -> 3.07 | L64: =ROUNDDOWN(L63*0.3025,2) -> 6.67 | M64: =ROUNDDOWN(M63*0.3025,2) -> 9.74 | N64: =ROUNDDOWN(N63*0.3025,2) -> 39.68 | O64: =ROUNDDOWN(O63*0.3025,2) -> 0.27 | P64: =ROUNDDOWN(P63*0.3025,2) -> 2.5 | Q64: =ROUNDDOWN(Q63*0.3025,2) -> 32.62 | ... S64: =ROUNDDOWN(S63*0.3025,2) -> 75.09
G65: =ROUNDDOWN(N66,0) -> 42 | H65: 94 | I65: =H65/$H$71 -> 0.0598345 | J65: 104.99 | K65: 10.45 | L65: 23.41 | M65: =K65+L65 -> 33.86 | N65: =J65+M65 -> 138.85 | O65: =$O$71/$J$71*J65 -> 0.96330814 | P65: =$P$71/$J$71*J65 -> 8.7853702 | Q65: =$Q$71/$J$71*J65 -> 114.4098 | R65: =O65+P65+Q65 -> 124.15847 | S65: =N65+R65 -> 263.00847
G66: =ROUNDDOWN(J65,0) -> 104 | J66: =ROUNDDOWN(J65*0.3025,2) -> 31.75 | K66: =ROUNDDOWN(K65*0.3025,2) -> 3.16 | L66: =ROUNDDOWN(L65*0.3025,2) -> 7.08 | M66: =ROUNDDOWN(M65*0.3025,2) -> 10.24 | N66: =ROUNDDOWN(N65*0.3025,2) -> 42 | O66: =ROUNDDOWN(O65*0.3025,2) -> 0.29 | P66: =ROUNDDOWN(P65*0.3025,2) -> 2.65 | Q66: =ROUNDDOWN(Q65*0.3025,2) -> 34.6 | ... S66: =ROUNDDOWN(S65*0.3025,2) -> 79.56
F67: 펜트 | G67: =ROUNDDOWN(N68,0) -> 49 | H67: 9 | I67: =H67/$H$71 -> 0.0057288351 | J67: 124.95 | K67: 11.85 | L67: 27.85 | M67: =K67+L67 -> 39.7 | N67: =J67+M67 -> 164.65 | O67: =$O$71/$J$71*J67 -> 1.1464459 | P67: =$P$71/$J$71*J67 -> 10.455586 | Q67: =$Q$71/$J$71*J67 -> 136.16062 | R67: =O67+P67+Q67 -> 147.76266 | S67: =N67+R67 -> 312.41266
G68: =ROUNDDOWN(J67,0) -> 124 | J68: =ROUNDDOWN(J67*0.3025,2) -> 37.79 | K68: =ROUNDDOWN(K67*0.3025,2) -> 3.58 | L68: =ROUNDDOWN(L67*0.3025,2) -> 8.42 | M68: =ROUNDDOWN(M67*0.3025,2) -> 12 | N68: =ROUNDDOWN(N67*0.3025,2) -> 49.8 | O68: =ROUNDDOWN(O67*0.3025,2) -> 0.34 | P68: =ROUNDDOWN(P67*0.3025,2) -> 3.16 | Q68: =ROUNDDOWN(Q67*0.3025,2) -> 41.18 | ... S68: =ROUNDDOWN(S67*0.3025,2) -> 94.5
G69: 소 계 | H69: =SUM(H53:H68) -> 1310 | I69: =SUM(I53:I68) -> 0.83386378 | J69: =SUMPRODUCT(H53:H68,J53:J68) -> 95635.5 | K69: =SUMPRODUCT(H53:H68,K53:K68) -> 10324.7 | L69: =SUMPRODUCT(H53:H68,L53:L68) -> 21327.65 | M69: =K69+L69 -> 31652.35 | N69: =J69+M69 -> 127287.85 | O69: =SUMPRODUCT(H53:H68,O53:O68) -> 877.47838 | P69: =SUMPRODUCT(H53:H68,P53:P68) -> 8002.6028 | Q69: =SUMPRODUCT(H53:H68,Q53:Q68) -> 104216 | R69: =O69+P69+Q69 -> 113096.08 | S69: =N69+R69 -> 240383.93
J70: =ROUNDDOWN(J69*0.3025,2) -> 28929.73 | K70: =ROUNDDOWN(K69*0.3025,2) -> 3123.22 | L70: =ROUNDDOWN(L69*0.3025,2) -> 6451.61 | M70: =ROUNDDOWN(M69*0.3025,2) -> 9574.83 | N70: =ROUNDDOWN(N69*0.3025,2) -> 38504.57 | O70: =ROUNDDOWN(O69*0.3025,2) -> 265.43 | P70: =ROUNDDOWN(P69*0.3025,2) -> 2420.78 | Q70: =ROUNDDOWN(Q69*0.3025,2) -> 31525.34 | ... S70: =ROUNDDOWN(S69*0.3025,2) -> 72716.13
G71: 합 계 | H71: =H45+H51+H69 -> 1571 | I71: =I45+I51+I69 -> 1 | J71: =J45+J51+J69 -> 108989.01 | K71: =K45+K51+K69 -> 12085.95 | L71: =L45+L51+L69 -> 24305.89 | M71: =K71+L71 -> 36391.84 | N71: =J71+M71 -> 145380.85 | O71: 1000 | P71: =R6+R7+R8+R9+R10+R11+R12+R13+R14 -> 9120 | Q71: =(R19*42) -> 118767.6 | R71: =O71+P71+Q71 -> 128887.6 | S71: =N71+R71 -> 274268.45
J72: =ROUNDDOWN(J71*0.3025,2) -> 32969.17 | K72: =ROUNDDOWN(K71*0.3025,2) -> 3655.99 | L72: =ROUNDDOWN(L71*0.3025,2) -> 7352.53 | M72: =ROUNDDOWN(M71*0.3025,2) -> 11008.53 | N72: =ROUNDDOWN(N71*0.3025,2) -> 43977.7 | O72: =ROUNDDOWN(O71*0.3025,2) -> 302.5 | P72: =ROUNDDOWN(P71*0.3025,2) -> 2758.8 | Q72: =ROUNDDOWN(Q71*0.3025,2) -> 35927.19 | ... S72: =ROUNDDOWN(S71*0.3025,2) -> 82966.2
G74: ■ 근린생활시설 면적표
G75: 구 분 | I75: 전용면적 | K75: 공용면적 | M75: 소 계 | O75: 기타공용 | P75: 지하주차장 | Q75: 합 계 | S75: 비 고
G76: 문화 및 집회시설 | I76: =M76*0.7 -> 0 | K76: =M76*0.3 -> 0 | M76: 0 | O76: =M76*0.15 -> 0 | P76: =#REF!*42 -> #REF! | Q76: =SUM(M76:P76) -> #REF!
I77: =I76*0.3025 -> 0 | K77: =K76*0.3025 -> 0 | M77: =M76*0.3025 -> 0 | O77: =O76*0.3025 -> 0 | P77: =P76*0.3025 -> #REF! | Q77: =Q76*0.3025 -> #REF!
G78: 근린생활시설 | H78: 지상 | I78: =M78*0.7 -> 1540 | K78: =M78*0.3 -> 660 | M78: 2200 | O78: 0 | P78: 0 | Q78: =SUM(M78:P78) -> 2200
I79: =I78*0.3025 -> 465.85 | K79: =K78*0.3025 -> 199.65 | M79: =M78*0.3025 -> 665.5 | O79: =O78*0.3025 -> 0 | P79: =P78*0.3025 -> 0 | Q79: =Q78*0.3025 -> 665.5
H80: 지하 | I80: =M80*0.7 -> 1680 | K80: =M80*0.3 -> 720 | M80: 2400 | O80: 350 | P80: =R25*42 -> 1890 | Q80: =SUM(M80:P80) -> 4640
I81: =I80*0.3025 -> 508.2 | K81: =K80*0.3025 -> 217.8 | M81: =M80*0.3025 -> 726 | O81: =O80*0.3025 -> 105.875 | P81: =P80*0.3025 -> 571.725 | Q81: =Q80*0.3025 -> 1403.6
G82: 합계 | I82: =M82*0.7 -> 3220 | K82: =M82*0.3 -> 1380 | M82: =M78+M80 -> 4600 | O82: =O80 -> 350 | P82: =P80 -> 1890 | Q82: =SUM(M82:P82) -> 6840
I83: =I82*0.3025 -> 974.05 | K83: =K82*0.3025 -> 417.45 | M83: =M82*0.3025 -> 1391.5 | O83: =O82*0.3025 -> 105.875 | P83: =P82*0.3025 -> 571.725 | Q83: =Q82*0.3025 -> 2069.1
H88: =H41+H57 -> 632 | I88: =I41+I57 -> 0.40229153 | M88: =M51+M69 -> 32513.29 | N88: =N51+N69 -> 130758.25 | O88: =O51+O69 -> 901.42079 | P88: =P51+P69 -> 8220.9576 | Q88: =Q51+Q69 -> 107059.58 | R88: =R51+R69 -> 116181.96 | S88: =S51+S69 -> 246940.21
H89: =H57+H59+H63 -> 1080
G94: ■ 용도별 면적표 | M94: 주택건설기준등에 관한 규정
H95: 지하층면적 | I95: 지상층면적 | J95: 계 | K95: 비고 | N95: 0 | O95: 300 | P95: 500 | Q95: 1000 | R95: 2000
N96: 300세대 미만 | O96: 300~500세대 미만 | P96: 500~1000세대 미만 | Q96: 1000~2000세대 미만 | R96: 2000세대 이상
G97: 아 파 트 | H97: 0 | I97: =N71 -> 145380.85 | J97: =H97+I97 -> 145380.85 | M97: 진입도로 | N97: 6 | O97: 8 | P97: 12 | Q97: 15 | R97: 20
H98: =ROUNDDOWN(H97*0.3025,2) -> 0 | I98: =ROUNDDOWN(I97*0.3025,2) -> 43977.7 | J98: =ROUNDDOWN(J97*0.3025,2) -> 43977.7
G99: 기계,전기실 | H99: =O71 -> 1000 | I99: 0 | J99: =H99+I99 -> 1000
H100: =ROUNDDOWN(H99*0.3025,2) -> 302.5 | I100: =ROUNDDOWN(I99*0.3025,2) -> 0 | J100: =ROUNDDOWN(J99*0.3025,2) -> 302.5 | M100: 필수 주민공동시설 세부면적기준
G101: 부대복리시설 관리사무소 경비실 | H101: =R6+R10+R12+R8+R9+R11 -> 8100 | I101: =R7 -> 100 | J101: =H101+I101 -> 8200 | N101: 0 | O101: 150 | P101: 300 | Q101: 500 | R101: 1000 | S101: 1500
H102: =ROUNDDOWN(H101*0.3025,2) -> 2450.25 | I102: =ROUNDDOWN(I101*0.3025,2) -> 30.25 | J102: =ROUNDDOWN(J101*0.3025,2) -> 2480.5 | N102: 150세대 미만 | O102: 150~300세대 미만 | P102: 300~500세대 미만 | Q102: 500~1000세대 미만 | R102: 1000~1500세대 미만 | S102: 1500세대 이상
G103: 주차장 | H103: =Q71 -> 118767.6 | I103: 0 | J103: =H103+I103 -> 118767.6 | K103: 0.7 | M103: 경로당 | N103: 0 | O103: =50+(H71*0.1) -> 207.1 | P103: 155 | Q103: 225 | R103: 375 | S103: 500
H104: =ROUNDDOWN(H103*0.3025,2) -> 35927.19 | I104: =ROUNDDOWN(I103*0.3025,2) -> 0 | J104: =ROUNDDOWN(J103*0.3025,2) -> 35927.19 | K104: =(H103+H99+H101+H105)/(J17*K103) -> 3.4532016 | M104: 어린이집 | N104: 0 | O104: 0 | P104: 198 | Q104: 330 | R104: 580 | S104: 725
G105: 근린생활시설 | H105: =Q80 -> 4640 | I105: =Q78 -> 2200 | J105: =H105+I105 -> 6840 | M105: 작은도서관 | N105: 0 | O105: 0 | P105: 108 | Q105: 158 | R105: 203 | S105: 298
H106: =ROUNDDOWN(H105*0.3025,2) -> 1403.6 | I106: =ROUNDDOWN(I105*0.3025,2) -> 665.5 | J106: =ROUNDDOWN(J105*0.3025,2) -> 2069.1
G107: 계 | H107: =H97+H99+H101+H103+H105 -> 132507.6 | I107: =I97+I99+I101+I103+I105 -> 147680.85 | J107: =H107+I107 -> 280188.45 | M107: 지하 설비시설 세부 면적기준
H108: =ROUNDDOWN(H107*0.3025,2) -> 40083.54 | I108: =ROUNDDOWN(I107*0.3025,2) -> 44673.45 | J108: =ROUNDDOWN(J107*0.3025,2) -> 84757 | N108: 0 | O108: 500 | P108: 1000 | Q108: 1500
N109: 500세대미만 | O109: 500~1000세대 | P109: 1000세대~1500세대 | Q109: 1500세대 이상
M110: 기계실 | N110: 90 | O110: 90 | P110: 108 | Q110: 138
M111: 저수조실(상부) | N111: 188 | O111: 188 | P111: 324 | Q111: 454
...

Sheet 설계개요(alt1)
G2: ■ 설 계 개 요 (alt1) | N2: ■ 부대복리시설
E3: 0.7 | G3: 사업명 | H3: 마포구 성산시영아파트 재건축정비사업 | N3: 구 분 | P3: 법적 설치기준 및 지침기준 | R3: 설치계획 | S3: 비고
E4: =J23/(J14*E3) -> 2.7720436 | G4: 대지위치 | H4: 서울특별시 마포구 성산동 446일대 | N4: 진입도로 | O4: =INDEX($N$103:$R$103,MATCH($H$78,$N$102:$R$102,1)) -> 2000세대 이상 | R4: =INDEX($N$104:$R$104,MATCH($H$78,$N$102:$R$102,1)) -> 20
G5: 지역지구 | H5: 제3종 일반주거지역 | N5: 단지내도로 | O5: 폭 7m 이상 | R5: 7M도로
G6: 건축규모 | H6: 지상 35층 / | I6: =ROUNDUP(E4,0) -> 3 | N6: 관리사무소 | O6: =H78 -> 4706 | Q6: =IF(H78>=50, ROUNDUP((10+(H78-50)*0.05),2), "해당없음") -> 242.8 | R6: 280 | S6: (방재실, MDF포함)
G7: 용도 | H7: 공동주택 및 부대복리시설, 근린생활시설 | N7: 경 비 실 | R7: 300
G8: 대 지 면 적 | H8: 사업면적 | J8: 182618.4 | K8: =ROUNDDOWN(J8*0.3025,2) -> 55242.06 | L8: =J8/$J$8 -> 1 | N8: 경 로 당 | O8: 주민공동시설 총량제 | P8: 1,500세대 이상 (서울시 주택조례) | Q8: 500 | R8: 1100
H9: 제외면적 | I9: 도로 | J9: 6830.9 | K9: =ROUNDDOWN(J9*0.3025,2) -> 2066.34 | L9: =J9/$J$8 -> 0.037405322 | N9: 어린이집 | Q9: 725 | R9: 1400
C10: 1000세대이상 | D10: 3 | E10: =$H$78*D10 -> 14118 | I10: 유치원 | J10: 1000 | K10: =ROUNDDOWN(J10*0.3025,2) -> 302.5 | L10: =J10/$J$8 -> 0.0054758995 | N10: 작은도서관 | Q10: 298 | R10: 650
I11: 공원 | J11: =H78*3 -> 14118 | K11: =ROUNDDOWN(J11*0.3025,2) -> 4270.69 | L11: =J11/$J$8 -> 0.077308749 | N11: 다함께돌봄센터 | P11: =IF(H78>=500,"500세대이상 의무설치", "해당없음") -> 500세대이상 의무설치 | Q11: =IF(H78>=500,"66㎡ 이상", "해당없음") -> 66㎡ 이상 | R11: 600
N12: 주민공동시설 | R12: 5500
I13: 소계 | J13: =SUM(J9:J12) -> 21948.9 | K13: =ROUNDDOWN(J13*0.3025,2) -> 6639.54 | L13: =J13/$J$8 -> 0.12018997 | N13: 주민운동시설(옥외) | P13: =IF(H78>=500,"500세대이상 의무설치", "해당없음") -> 500세대이상 의무설치 | R13: 3800
H14: 실사용 대지면적 | J14: =J8-J13 -> 160669.5 | K14: =ROUNDDOWN(J14*0.3025,2) -> 48602.52 | L14: =J14/$J$8 -> 0.87981003 | N14: 어린이놀이터(옥외) | P14: =IF(H78<100,"해당없음",IF(H78<300,"지역여건에 맞게 설치",IF(H78<1000,"200㎡+세대당 1㎡",IF(H78>1000,"500㎡+세대당 0.7㎡")))) -> 500㎡+세대당 0.7㎡ | Q14: =500+(H78*0.7) -> 3794.2 | R14: 3700
C15: 120698 | G15: 연 면 적 | H15: 구 분 | J15: 계 획 | L15: 비 율 | N15: 총량검토 | O15: (500㎡+세대당 x 2㎡) x 1.25이상 설치 | Q15: =500+($H$78*2)*1.25 -> 12265 | R15: =R8+R9+R10+R11+R12+R13+R14 -> 16750 | S15: 총량제 면적 (관리사무소 제외)
C16: 93504.3 | D16: =C16/C15 -> 0.77469635 | H16: 아파트 | I16: 지상 | J16: =N78+R8+R9+R7 -> 480773.66 | K16: =ROUNDDOWN(J16*0.3025,2) -> 145434.03 | L16: =J16/$J$22 -> 0.99751024 | N16: 조경시설 | O16: 대지면적 x 0.15 | Q16: =J14*0.15 -> 24100.425 | R16: =ROUNDUP(Q16,-2)+100 -> 24300 | V16: 주차대당
I17: 지하 | J17: =O78+Q78+R6+R10+R12+R11 -> 304558 | K17: =ROUNDDOWN(J17*0.3025,2) -> 92128.79 | N17: 유치원 | R17: 1000 | V17: 42
I18: 소계 | J18: =SUM(J16:J17) -> 785331.66 | K18: =ROUNDDOWN(J18*0.3025,2) -> 237562.82 | N18: 주차대수 | O18: 면적기준 | P18: 85㎡이하 전용/75 | Q18: =ROUNDUP((SUMPRODUCT(H36:H51,J36:J51)+SUMPRODUCT(H56:H63,J56:J63))/75,0) -> 4207 | R18: =H78*S18 -> 7059 | S18: 1.5
H19: 근린생활시설 | I19: 지상 | J19: =Q85 -> 1200 | K19: =ROUNDDOWN(J19*0.3025,2) -> 363 | L19: =J19/$J$22 -> 0.0024897626 | P19: 85㎡초과 전용/65 | Q19: =ROUNDUP((SUMPRODUCT(H64:H75,J64:J75))/65,0) -> 522
I20: 지하 | J20: =Q87 -> 7210 | K20: =ROUNDDOWN(J20*0.3025,2) -> 2181.02 | P20: 소 계 | Q20: =SUM(Q18:Q19) -> 4729
I21: 소계 | J21: =J19+J20 -> 8410 | K21: =ROUNDDOWN(J21*0.3025,2) -> 2544.02 | O21: 세대기준 | P21: 세대당0.8대(전용60㎡이하) | Q21: =(SUM(H36:H47)+SUM(H56:H59))*0.8 -> 1553.6
H22: 합계 | I22: 지상 | J22: =J16+J19 -> 481973.66 | K22: =ROUNDDOWN(J22*0.3025,2) -> 145797.03 | L22: =J22/$J$22 -> 1 | P22: 세대당1대(전용60㎡초과) | Q22: =(SUM(H48:H51)+SUM(H60:H75))*1 -> 2764
I23: 지하 | J23: =J17+J20 -> 311768 | K23: =ROUNDDOWN(J23*0.3025,2) -> 94309.82 | P23: 소 계 | Q23: =SUM(Q21:Q22) -> 4317.6
I24: 합계 | J24: =J18+J21 -> 793741.66 | K24: =ROUNDDOWN(J24*0.3025,2) -> 240106.85 | O24: 근린생활시설 | P24: 134 | Q24: =(M89+O89)/P24 -> 45.522388 | R24: =ROUNDUP(Q24*S24,0) -> 55 | S24: 1.2
O25: 합 계 | Q25: =Q20+Q24 -> 4774.5224 | R25: =SUM(R18+R24) -> 7114
G26: 건축면적 | H26: =J14*0.2842 -> 45662.272 | K26: =ROUNDDOWN(H26*0.3025,2) -> 13812.83 | L26: 50
G27: 건폐율 | H27: =H26/J14 -> 0.2842 | N27: 재건축 소택임대비율 | O27: =H29 -> 2.9997832 | P27: 2.5 | Q27: 2 | R27: =(O27-P27)/Q27 -> 0.24989158 | S27: =R28 -> 40149.955 | T27: =P29+P30+P31 -> 472
G28: 용적률 산정 연면적 | H28: =J22 -> 481973.66 | K28: =ROUNDDOWN(H28*0.3025,2) -> 145797.03 | L28: 법적상한용적률 ( 300% 이하 ) | P28: =J14 -> 160669.5 | Q28: =R27 -> 0.24989158 | R28: =P28*Q28 -> 40149.955
G29: 용 적 율 | H29: =H28/J14 -> 2.9997832 | O29: =G45 -> 49 | P29: =H42 -> 192 | Q29: =N42 -> 71.05 | R29: =P29*Q29 -> 13641.6 | S29: =R29+R30+R31 -> 40216.2 | V29: =S29-S27 -> 66.245
G30: 세 대 수 | H30: =H78 -> 4706 | O30: =G47 -> 59 | P30: =H46 -> 190 | Q30: =N46 -> 85.35 | R30: =P30*Q30 -> 16216.5
G31: 주차대수 | H31: =R25 -> 7114 | L31: =$R$18/$H$78 -> 1.5 | O31: =G51 -> 84 | P31: =H50 -> 90 | Q31: =N50 -> 115.09 | R31: =P31*Q31 -> 10358.1
G33: ■ 아파트 분양면적표
G34: 구 분 | H34: 세대수 | I34: 세대비 | J34: 주거전용 | K34: 주 거 공 용 면 적 | N34: 공급면적 | O34: 기타공용면적 | R34: 소 계 | S34: 계약면적 | T34: 비 고
K35: 벽체공용 | L35: 코어공용 | M35: 소 계 | O35: 기계,전기실 | P35: 부대복리시설 | Q35: 지하주차장
E36: =ROUNDUP(H78*0.05,0) -> 236 | F36: =H36/#REF! -> #REF! | G36: =ROUNDDOWN(N37,0) -> 17 | I36: =H36/$H$78 -> 0 | J36: =J54 -> 39.96 | K36: =K54 -> 3.65 | L36: =L54 -> 14.8 | M36: =K36+L36 -> 18.45 | N36: =J36+M36 -> 58.41 | O36: =$O$78/$J$78*J36 -> 0.12009731 | P36: =$P$78/$J$78*J36 -> 1.1243396 | Q36: =$Q$78/$J$78*J36 -> 33.910676 | R36: =O36+P36+Q36 -> 35.155113 | S36: =N36+R36 -> 93.565113 | T36: 의무임대
G37: 39 | J37: =ROUNDDOWN(J36*0.3025,2) -> 12.08 | K37: =ROUNDDOWN(K36*0.3025,2) -> 1.1 | L37: =ROUNDDOWN(L36*0.3025,2) -> 4.47 | M37: =ROUNDDOWN(M36*0.3025,2) -> 5.58 | N37: =ROUNDDOWN(N36*0.3025,2) -> 17.66 | O37: =ROUNDDOWN(O36*0.3025,2) -> 0.03 | P37: =ROUNDDOWN(P36*0.3025,2) -> 0.34 | Q37: =ROUNDDOWN(Q36*0.3025,2) -> 10.25 | ... S37: =ROUNDDOWN(S36*0.3025,2) -> 28.3
F38: =H38/#REF! -> #REF! | G38: =ROUNDDOWN(N39,0) -> 21 | I38: =H38/$H$78 -> 0 | J38: =J56 -> 49.95 | K38: =K56 -> 4.5 | L38: =L56 -> 16.6 | M38: =K38+L38 -> 21.1 | N38: =M38+J38 -> 71.05 | O38: =$O$78/$J$78*J38 -> 0.15012163 | P38: =$P$78/$J$78*J38 -> 1.4054244 | Q38: =$Q$78/$J$78*J38 -> 42.388345 | R38: =O38+P38+Q38 -> 43.943891 | S38: =N38+R38 -> 114.99389
G39: =ROUNDDOWN(J38,0) -> 49 | J39: =ROUNDDOWN(J38*0.3025,2) -> 15.1 | K39: =ROUNDDOWN(K38*0.3025,2) -> 1.36 | L39: =ROUNDDOWN(L38*0.3025,2) -> 5.02 | M39: =ROUNDDOWN(M38*0.3025,2) -> 6.38 | N39: =ROUNDDOWN(N38*0.3025,2) -> 21.49 | O39: =ROUNDDOWN(O38*0.3025,2) -> 0.04 | P39: =ROUNDDOWN(P38*0.3025,2) -> 0.42 | Q39: =ROUNDDOWN(Q38*0.3025,2) -> 12.82 | ... S39: =ROUNDDOWN(S38*0.3025,2) -> 34.78
F40: =H40/#REF! -> #REF! | G40: =ROUNDDOWN(N41,0) -> 25 | I40: =H40/$H$78 -> 0 | J40: =J58 -> 59.95 | K40: =K58 -> 5.8 | L40: =L58 -> 19.6 | M40: =K40+L40 -> 25.4 | N40: =M40+J40 -> 85.35 | O40: =$O$78/$J$78*J40 -> 0.18017602 | P40: =$P$78/$J$78*J40 -> 1.6867907 | Q40: =$Q$78/$J$78*J40 -> 50.8745 | R40: =O40+P40+Q40 -> 52.741466 | S40: =N40+R40 -> 138.09147
G41: =ROUNDDOWN(J40,0) -> 59 | J41: =ROUNDDOWN(J40*0.3025,2) -> 18.13 | K41: =ROUNDDOWN(K40*0.3025,2) -> 1.75 | L41: =ROUNDDOWN(L40*0.3025,2) -> 5.92 | M41: =ROUNDDOWN(M40*0.3025,2) -> 7.68 | N41: =ROUNDDOWN(N40*0.3025,2) -> 25.81 | O41: =ROUNDDOWN(O40*0.3025,2) -> 0.05 | P41: =ROUNDDOWN(P40*0.3025,2) -> 0.51 | Q41: =ROUNDDOWN(Q40*0.3025,2) -> 15.38 | ... S41: =ROUNDDOWN(S40*0.3025,2) -> 41.77
E42: =H42/$H$52 -> 0.40677966 | G42: =ROUNDDOWN(N43,0) -> 21 | H42: 192 | I42: =H42/$H$78 -> 0.04079898 | J42: =J56 -> 49.95 | K42: =K56 -> 4.5 | L42: =L56 -> 16.6 | M42: =K42+L42 -> 21.1 | N42: =M42+J42 -> 71.05 | O42: =$O$78/$J$78*J42 -> 0.15012163 | P42: =$P$78/$J$78*J42 -> 1.4054244 | Q42: =$Q$78/$J$78*J42 -> 42.388345 | R42: =O42+P42+Q42 -> 43.943891 | S42: =N42+R42 -> 114.99389 | T42: 임대
G43: =ROUNDDOWN(J42,0) -> 49 | I43: =I42+I56 -> 0.15129622 | J43: =ROUNDDOWN(J42*0.3025,2) -> 15.1 | K43: =ROUNDDOWN(K42*0.3025,2) -> 1.36 | L43: =ROUNDDOWN(L42*0.3025,2) -> 5.02 | M43: =ROUNDDOWN(M42*0.3025,2) -> 6.38 | N43: =ROUNDDOWN(N42*0.3025,2) -> 21.49 | O43: =ROUNDDOWN(O42*0.3025,2) -> 0.04 | P43: =ROUNDDOWN(P42*0.3025,2) -> 0.42 | Q43: =ROUNDDOWN(Q42*0.3025,2) -> 12.82 | ... S43: =ROUNDDOWN(S42*0.3025,2) -> 34.78
E44: =C44/$H$78 -> 0 | G44: =ROUNDDOWN(N43,0) -> 21 | I44: =H44/$H$78 -> 0
G45: =ROUNDDOWN(J42,0) -> 49
E46: =H46/$H$52 -> 0.40254237 | G46: =ROUNDDOWN(N47,0) -> 25 | H46: 190 | I46: =H46/$H$78 -> 0.040373991 | J46: =J58 -> 59.95 | K46: =K58 -> 5.8 | L46: =L58 -> 19.6 | M46: =K46+L46 -> 25.4 | N46: =M46+J46 -> 85.35 | O46: =$O$78/$J$78*J46 -> 0.18017602 | P46: =$P$78/$J$78*J46 -> 1.6867907 | Q46: =$Q$78/$J$78*J46 -> 50.8745 | R46: =O46+P46+Q46 -> 52.741466 | S46: =N46+R46 -> 138.09147
G47: =ROUNDDOWN(J46,0) -> 59 | I47: =I46+I58 -> 0.26136847 | J47: =ROUNDDOWN(J46*0.3025,2) -> 18.13 | K47: =ROUNDDOWN(K46*0.3025,2) -> 1.75 | L47: =ROUNDDOWN(L46*0.3025,2) -> 5.92 | M47: =ROUNDDOWN(M46*0.3025,2) -> 7.68 | N47: =ROUNDDOWN(N46*0.3025,2) -> 25.81 | O47: =ROUNDDOWN(O46*0.3025,2) -> 0.05 | P47: =ROUNDDOWN(P46*0.3025,2) -> 0.51 | Q47: =ROUNDDOWN(Q46*0.3025,2) -> 15.38 | ... S47: =ROUNDDOWN(S46*0.3025,2) -> 41.77
E48: =C48/$H$78 -> 0 | G48: =ROUNDDOWN(N49,0) -> 30 | I48: =H48/$H$78 -> 0 | J48: =J60 -> 74 | K48: =K60 -> 7.12 | L48: =L60 -> 18.37 | M48: =K48+L48 -> 25.49 | N48: =M48+J48 -> 99.49 | O48: =$O$78/$J$78*J48 -> 0.22240242 | P48: =$P$78/$J$78*J48 -> 2.0821103 | Q48: =$Q$78/$J$78*J48 -> 62.797548 | R48: =O48+P48+Q48 -> 65.10206 | S48: =N48+R48 -> 164.59206
G49: =ROUNDDOWN(J48,0) -> 74 | J49: =ROUNDDOWN(J48*0.3025,2) -> 22.38 | K49: =ROUNDDOWN(K48*0.3025,2) -> 2.15 | L49: =ROUNDDOWN(L48*0.3025,2) -> 5.55 | M49: =ROUNDDOWN(M48*0.3025,2) -> 7.71 | N49: =ROUNDDOWN(N48*0.3025,2) -> 30.09 | O49: =ROUNDDOWN(O48*0.3025,2) -> 0.06 | P49: =ROUNDDOWN(P48*0.3025,2) -> 0.62 | Q49: =ROUNDDOWN(Q48*0.3025,2) -> 18.99 | ... S49: =ROUNDDOWN(S48*0.3025,2) -> 49.78
E50: =H50/$H$52 -> 0.19067797 | G50: =ROUNDDOWN(N51,0) -> 34 | H50: 90 | I50: =H50/$H$78 -> 0.019124522 | J50: =J62 -> 84.95 | K50: =K62 -> 7.74 | L50: =L62 -> 22.4 | M50: =K50+L50 -> 30.14 | N50: =M50+J50 -> 115.09 | O50: =$O$78/$J$78*J50 -> 0.25531197 | P50: =$P$78/$J$78*J50 -> 2.3902063 | Q50: =$Q$78/$J$78*J50 -> 72.089888 | R50: =O50+P50+Q50 -> 74.735406 | S50: =N50+R50 -> 189.82541
G51: =ROUNDDOWN(J50,0) -> 84 | I51: =I50+I62 -> 0.43433914 | J51: =ROUNDDOWN(J50*0.3025,2) -> 25.69 | K51: =ROUNDDOWN(K50*0.3025,2) -> 2.34 | L51: =ROUNDDOWN(L50*0.3025,2) -> 6.77 | M51: =ROUNDDOWN(M50*0.3025,2) -> 9.11 | N51: =ROUNDDOWN(N50*0.3025,2) -> 34.81 | O51: =ROUNDDOWN(O50*0.3025,2) -> 0.07 | P51: =ROUNDDOWN(P50*0.3025,2) -> 0.72 | Q51: =ROUNDDOWN(Q50*0.3025,2) -> 21.8 | ... S51: =ROUNDDOWN(S50*0.3025,2) -> 57.42
E52: =SUM(E42:E51) -> 1 | G52: 소 계 | H52: =SUM(H36:H51) -> 472 | I52: =I42+I46+I50 -> 0.10029749 | J52: =SUMPRODUCT(H36:H51,J36:J51) -> 28626.4 | K52: =SUMPRODUCT(H36:H51,K36:K51) -> 2662.6 | L52: =SUMPRODUCT(H36:H51,L36:L51) -> 8927.2 | M52: =K52+L52 -> 11589.8 | N52: =J52+M52 -> 40216.2 | O52: =SUMPRODUCT(H36:H51,O36:O51) -> 86.034874 | P52: =SUMPRODUCT(H36:H51,P36:P51) -> 805.4503 | Q52: =SUMPRODUCT(H36:H51,Q36:Q51) -> 24292.807 | R52: =O52+P52+Q52 -> 25184.292 | S52: =N52+R52 -> 65400.492
J53: =ROUNDDOWN(J52*0.3025,2) -> 8659.48 | K53: =ROUNDDOWN(K52*0.3025,2) -> 805.43 | L53: =ROUNDDOWN(L52*0.3025,2) -> 2700.47 | M53: =ROUNDDOWN(M52*0.3025,2) -> 3505.91 | N53: =ROUNDDOWN(N52*0.3025,2) -> 12165.4 | O53: =ROUNDDOWN(O52*0.3025,2) -> 26.02 | P53: =ROUNDDOWN(P52*0.3025,2) -> 243.64 | Q53: =ROUNDDOWN(Q52*0.3025,2) -> 7348.57 | ... S53: =ROUNDDOWN(S52*0.3025,2) -> 19783.64
E54: =C54/$H$78 -> 0 | G54: =ROUNDDOWN(N55,0) -> 17 | I54: =H54/$H$78 -> 0 | J54: 39.96 | K54: 3.65 | L54: 14.8 | M54: =K54+L54 -> 18.45 | N54: =J54+M54 -> 58.41 | O54: =$O$78/$J$78*J54 -> 0.12009731 | P54: =$P$78/$J$78*J54 -> 1.1243396 | Q54: =$Q$78/$J$78*J54 -> 33.910676 | R54: =O54+P54+Q54 -> 35.155113 | S54: =N54+R54 -> 93.565113 | T54: 분양
G55: 39 | J55: =ROUNDDOWN(J54*0.3025,2) -> 12.08 | K55: =ROUNDDOWN(K54*0.3025,2) -> 1.1 | L55: =ROUNDDOWN(L54*0.3025,2) -> 4.47 | M55: =ROUNDDOWN(M54*0.3025,2) -> 5.58 | N55: =ROUNDDOWN(N54*0.3025,2) -> 17.66 | O55: =ROUNDDOWN(O54*0.3025,2) -> 0.03 | P55: =ROUNDDOWN(P54*0.3025,2) -> 0.34 | Q55: =ROUNDDOWN(Q54*0.3025,2) -> 10.25 | ... S55: =ROUNDDOWN(S54*0.3025,2) -> 28.3
E56: =H56/$H$76 -> 0.1228153 | G56: =ROUNDDOWN(N57,0) -> 21 | H56: 520 | I56: =H56/$H$78 -> 0.11049724 | J56: 49.95 | K56: 4.5 | L56: 16.6 | M56: =K56+L56 -> 21.1 | N56: =M56+J56 -> 71.05 | O56: =$O$78/$J$78*J56 -> 0.15012163 | P56: =$P$78/$J$78*J56 -> 1.4054244 | Q56: =$Q$78/$J$78*J56 -> 42.388345 | R56: =O56+P56+Q56 -> 43.943891 | S56: =N56+R56 -> 114.99389
G57: =ROUNDDOWN(J56,0) -> 49 | I57: =I43 -> 0.15129622 | J57: =ROUNDDOWN(J56*0.3025,2) -> 15.1 | K57: =ROUNDDOWN(K56*0.3025,2) -> 1.36 | L57: =ROUNDDOWN(L56*0.3025,2) -> 5.02 | M57: =ROUNDDOWN(M56*0.3025,2) -> 6.38 | N57: =ROUNDDOWN(N56*0.3025,2) -> 21.49 | O57: =ROUNDDOWN(O56*0.3025,2) -> 0.04 | P57: =ROUNDDOWN(P56*0.3025,2) -> 0.42 | Q57: =ROUNDDOWN(Q56*0.3025,2) -> 12.82 | ... S57: =ROUNDDOWN(S56*0.3025,2) -> 34.78
E58: =H58/$H$76 -> 0.24563061 | G58: =ROUNDDOWN(N59,0) -> 25 | H58: 1040 | I58: =H58/$H$78 -> 0.22099448 | J58: 59.95 | K58: 5.8 | L58: 19.6 | M58: =K58+L58 -> 25.4 | N58: =M58+J58 -> 85.35 | O58: =$O$78/$J$78*J58 -> 0.18017602 | P58: =$P$78/$J$78*J58 -> 1.6867907 | Q58: =$Q$78/$J$78*J58 -> 50.8745 | R58: =O58+P58+Q58 -> 52.741466 | S58: =N58+R58 -> 138.09147
G59: =ROUNDDOWN(J58,0) -> 59 | I59: =I46+I58 -> 0.26136847 | J59: =ROUNDDOWN(J58*0.3025,2) -> 18.13 | K59: =ROUNDDOWN(K58*0.3025,2) -> 1.75 | L59: =ROUNDDOWN(L58*0.3025,2) -> 5.92 | M59: =ROUNDDOWN(M58*0.3025,2) -> 7.68 | N59: =ROUNDDOWN(N58*0.3025,2) -> 25.81 | O59: =ROUNDDOWN(O58*0.3025,2) -> 0.05 | P59: =ROUNDDOWN(P58*0.3025,2) -> 0.51 | Q59: =ROUNDDOWN(Q58*0.3025,2) -> 15.38 | ... S59: =ROUNDDOWN(S58*0.3025,2) -> 41.77
E60: =H60/$H$76 -> 0.10392064 | G60: =ROUNDDOWN(N61,0) -> 30 | H60: 440 | I60: =H60/$H$78 -> 0.093497663 | J60: 74 | K60: 7.12 | L60: 18.37 | M60: =K60+L60 -> 25.49 | N60: =J60+M60 -> 99.49 | O60: =$O$78/$J$78*J60 -> 0.22240242 | P60: =$P$78/$J$78*J60 -> 2.0821103 | Q60: =$Q$78/$J$78*J60 -> 62.797548 | R60: =O60+P60+Q60 -> 65.10206 | S60: =N60+R60 -> 164.59206
G61: =ROUNDDOWN(J60,0) -> 74 | J61: =ROUNDDOWN(J60*0.3025,2) -> 22.38 | K61: =ROUNDDOWN(K60*0.3025,2) -> 2.15 | L61: =ROUNDDOWN(L60*0.3025,2) -> 5.55 | M61: =ROUNDDOWN(M60*0.3025,2) -> 7.71 | N61: =ROUNDDOWN(N60*0.3025,2) -> 30.09 | O61: =ROUNDDOWN(O60*0.3025,2) -> 0.06 | P61: =ROUNDDOWN(P60*0.3025,2) -> 0.62 | Q61: =ROUNDDOWN(Q60*0.3025,2) -> 18.99 | ... S61: =ROUNDDOWN(S60*0.3025,2) -> 49.78
E62: =H62/$H$76 -> 0.46150213 | G62: =ROUNDDOWN(N63,0) -> 34 | H62: 1954 | I62: =H62/$H$78 -> 0.41521462 | J62: 84.95 | K62: 7.74 | L62: 22.4 | M62: =K62+L62 -> 30.14 | N62: =J62+M62 -> 115.09 | O62: =$O$78/$J$78*J62 -> 0.25531197 | P62: =$P$78/$J$78*J62 -> 2.3902063 | Q62: =$Q$78/$J$78*J62 -> 72.089888 | R62: =O62+P62+Q62 -> 74.735406 | S62: =N62+R62 -> 189.82541
G63: =ROUNDDOWN(J62,0) -> 84 | I63: =I50+I62 -> 0.43433914 | J63: =ROUNDDOWN(J62*0.3025,2) -> 25.69 | K63: =ROUNDDOWN(K62*0.3025,2) -> 2.34 | L63: =ROUNDDOWN(L62*0.3025,2) -> 6.77 | M63: =ROUNDDOWN(M62*0.3025,2) -> 9.11 | N63: =ROUNDDOWN(N62*0.3025,2) -> 34.81 | O63: =ROUNDDOWN(O62*0.3025,2) -> 0.07 | P63: =ROUNDDOWN(P62*0.3025,2) -> 0.72 | Q63: =ROUNDDOWN(Q62*0.3025,2) -> 21.8 | ... S63: =ROUNDDOWN(S62*0.3025,2) -> 57.42
E64: =C64/$H$78 -> 0 | G64: =ROUNDDOWN(N65,0) -> 40 | I64: =H64/$H$78 -> 0 | J64: 102.98 | K64: 8.72 | L64: 22.8 | M64: =K64+L64 -> 31.52 | N64: =J64+M64 -> 134.5 | O64: =$O$78/$J$78*J64 -> 0.30950002 | P64: =$P$78/$J$78*J64 -> 2.8975097 | Q64: =$Q$78/$J$78*J64 -> 87.390425 | R64: =O64+P64+Q64 -> 90.597435 | S64: =N64+R64 -> 225.09743
G65: =ROUNDDOWN(J64,0) -> 102 | J65: =ROUNDDOWN(J64*0.3025,2) -> 31.15 | K65: =ROUNDDOWN(K64*0.3025,2) -> 2.63 | L65: =ROUNDDOWN(L64*0.3025,2) -> 6.89 | M65: =ROUNDDOWN(M64*0.3025,2) -> 9.53 | N65: =ROUNDDOWN(N64*0.3025,2) -> 40.68 | O65: =ROUNDDOWN(O64*0.3025,2) -> 0.09 | P65: =ROUNDDOWN(P64*0.3025,2) -> 0.87 | Q65: =ROUNDDOWN(Q64*0.3025,2) -> 26.43 | ... S65: =ROUNDDOWN(S64*0.3025,2) -> 68.09
E66: =H66/$H$76 -> 0.066131318 | G66: =ROUNDDOWN(N67,0) -> 46 | H66: 280 | I66: =H66/$H$78 -> 0.059498513 | J66: 120.95 | K66: 8.5 | L66: 25.5 | M66: =K66+L66 -> 34 | N66: =J66+M66 -> 154.95 | O66: =$O$78/$J$78*J66 -> 0.36350774 | P66: =$P$78/$J$78*J66 -> 3.4031249 | Q66: =$Q$78/$J$78*J66 -> 102.64005 | R66: =O66+P66+Q66 -> 106.40668 | S66: =N66+R66 -> 261.35668
G67: =ROUNDDOWN(J66,0) -> 120 | J67: =ROUNDDOWN(J66*0.3025,2) -> 36.58 | K67: =ROUNDDOWN(K66*0.3025,2) -> 2.57 | L67: =ROUNDDOWN(L66*0.3025,2) -> 7.71 | M67: =ROUNDDOWN(M66*0.3025,2) -> 10.28 | N67: =ROUNDDOWN(N66*0.3025,2) -> 46.87 | O67: =ROUNDDOWN(O66*0.3025,2) -> 0.1 | P67: =ROUNDDOWN(P66*0.3025,2) -> 1.02 | Q67: =ROUNDDOWN(Q66*0.3025,2) -> 31.04 | ... S67: =ROUNDDOWN(S66*0.3025,2) -> 79.06
E68: =C68/$H$78 -> 0 | G68: =ROUNDDOWN(N69,0) -> 47 | I68: =H68/$H$78 -> 0 | J68: 120.97 | K68: 10.72 | L68: 24.8 | M68: =K68+L68 -> 35.52 | N68: =J68+M68 -> 156.49 | O68: =$O$78/$J$78*J68 -> 0.36356785 | P68: =$P$78/$J$78*J68 -> 3.4036876 | Q68: =$Q$78/$J$78*J68 -> 102.65702 | R68: =O68+P68+Q68 -> 106.42427 | S68: =N68+R68 -> 262.91427
G69: =ROUNDDOWN(J68,0) -> 120 | J69: =ROUNDDOWN(J68*0.3025,2) -> 36.59 | K69: =ROUNDDOWN(K68*0.3025,2) -> 3.24 | L69: =ROUNDDOWN(L68*0.3025,2) -> 7.5 | M69: =ROUNDDOWN(M68*0.3025,2) -> 10.74 | N69: =ROUNDDOWN(N68*0.3025,2) -> 47.33 | O69: =ROUNDDOWN(O68*0.3025,2) -> 0.1 | P69: =ROUNDDOWN(P68*0.3025,2) -> 1.02 | Q69: =ROUNDDOWN(Q68*0.3025,2) -> 31.05 | ... S69: =ROUNDDOWN(S68*0.3025,2) -> 79.53
E70: =C70/$H$78 -> 0 | G70: =ROUNDDOWN(N71,0) -> 52 | I70: =H70/$H$78 -> 0 | J70: 137.35 | K70: 11.28 | L70: 25.54 | M70: =K70+L70 -> 36.82 | N70: =J70+M70 -> 174.17 | O70: =$O$78/$J$78*J70 -> 0.41279693 | P70: =$P$78/$J$78*J70 -> 3.8645655 | Q70: =$Q$78/$J$78*J70 -> 116.55734 | R70: =O70+P70+Q70 -> 120.8347 | S70: =N70+R70 -> 295.0047
G71: =ROUNDDOWN(J70,0) -> 137 | J71: =ROUNDDOWN(J70*0.3025,2) -> 41.54 | K71: =ROUNDDOWN(K70*0.3025,2) -> 3.41 | L71: =ROUNDDOWN(L70*0.3025,2) -> 7.72 | M71: =ROUNDDOWN(M70*0.3025,2) -> 11.13 | N71: =ROUNDDOWN(N70*0.3025,2) -> 52.68 | O71: =ROUNDDOWN(O70*0.3025,2) -> 0.12 | P71: =ROUNDDOWN(P70*0.3025,2) -> 1.16 | Q71: =ROUNDDOWN(Q70*0.3025,2) -> 35.25 | ... S71: =ROUNDDOWN(S70*0.3025,2) -> 89.23
E72: =C72/$H$75 -> #DIV/0! | G72: =ROUNDDOWN(N73,0) -> 62 | I72: =H72/$H$75 -> #DIV/0! | J72: 165.89 | K72: 13.45 | L72: 26.42 | M72: =K72+L72 -> 39.87 | N72: =J72+M72 -> 205.76 | O72: =$O$75/$J$75*J72 -> 0.48287642 | P72: =$P$75/$J$75*J72 -> 4.6531728 | Q72: =$Q$75/$J$75*J72 -> 140.78043 | R72: =O72+P72+Q72 -> 145.91648 | S72: =N72+R72 -> 351.67648
G73: =ROUNDDOWN(J72,0) -> 165 | J73: =ROUNDDOWN(J72*0.3025,2) -> 50.18 | K73: =ROUNDDOWN(K72*0.3025,2) -> 4.06 | L73: =ROUNDDOWN(L72*0.3025,2) -> 7.99 | M73: =ROUNDDOWN(M72*0.3025,2) -> 12.06 | N73: =ROUNDDOWN(N72*0.3025,2) -> 62.24 | O73: =ROUNDDOWN(O72*0.3025,2) -> 0.14 | P73: =ROUNDDOWN(P72*0.3025,2) -> 1.4 | Q73: =ROUNDDOWN(Q72*0.3025,2) -> 42.58 | ... S73: =ROUNDDOWN(S72*0.3025,2) -> 106.38
E74: =C74/$H$78 -> 0 | G74: =ROUNDDOWN(N75,0) -> 49 | I74: =H74/$H$78 -> 0 | J74: 124.94 | K74: 11.85 | L74: 27.85 | M74: =K74+L74 -> 39.7 | N74: =J74+M74 -> 164.64 | O74: =$O$78/$J$78*J74 -> 0.37549944 | P74: =$P$78/$J$78*J74 -> 3.51539 | Q74: =$Q$78/$J$78*J74 -> 106.02602 | R74: =O74+P74+Q74 -> 109.91691 | S74: =N74+R74 -> 274.55691 | V74: =N52+N76 -> 477973.66
G75: =ROUNDDOWN(J74,0) -> 124 | J75: =ROUNDDOWN(J74*0.3025,2) -> 37.79 | K75: =ROUNDDOWN(K74*0.3025,2) -> 3.58 | L75: =ROUNDDOWN(L74*0.3025,2) -> 8.42 | M75: =ROUNDDOWN(M74*0.3025,2) -> 12 | N75: =ROUNDDOWN(N74*0.3025,2) -> 49.8 | O75: =ROUNDDOWN(O74*0.3025,2) -> 0.11 | P75: =ROUNDDOWN(P74*0.3025,2) -> 1.06 | Q75: =ROUNDDOWN(Q74*0.3025,2) -> 32.07 | ... S75: =ROUNDDOWN(S74*0.3025,2) -> 83.05 | V75: =R52+R76 -> 307358
E76: =E56+E58+E60+E62+E66 -> 1 | G76: 소 계 | H76: =SUM(H54:H75) -> 4234 | I76: =I56+I58+I60+I62+I66 -> 0.89970251 | J76: =SUMPRODUCT(H54:H75,J54:J75) -> 320740.3 | K76: =SUMPRODUCT(H54:H75,K54:K75) -> 29008.76 | L76: =SUMPRODUCT(H54:H75,L54:L75) -> 88008.4 | M76: =K76+L76 -> 117017.16 | N76: =J76+M76 -> 437757.46 | O76: =SUMPRODUCT(H54:H75,O54:O75) -> 963.96513 | P76: =SUMPRODUCT(H54:H75,P54:P75) -> 9024.5497 | Q76: =SUMPRODUCT(H54:H75,Q54:Q75) -> 272185.19 | R76: =O76+P76+Q76 -> 282173.71 | S76: =N76+R76 -> 719931.17 | V76: =S52+S76 -> 785331.66
J77: =ROUNDDOWN(J76*0.3025,2) -> 97023.94 | K77: =ROUNDDOWN(K76*0.3025,2) -> 8775.14 | L77: =ROUNDDOWN(L76*0.3025,2) -> 26622.54 | M77: =ROUNDDOWN(M76*0.3025,2) -> 35397.69 | N77: =ROUNDDOWN(N76*0.3025,2) -> 132421.63 | O77: =ROUNDDOWN(O76*0.3025,2) -> 291.59 | P77: =ROUNDDOWN(P76*0.3025,2) -> 2729.92 | Q77: =ROUNDDOWN(Q76*0.3025,2) -> 82336.02 | ... S77: =ROUNDDOWN(S76*0.3025,2) -> 217779.17
G78: 합 계 | H78: =H52+H76 -> 4706 | I78: =I52+I76 -> 1 | J78: =J52+J76 -> 349366.7 | K78: =K52+K76 -> 31671.36 | L78: =L52+L76 -> 96935.6 | M78: =K78+L78 -> 128606.96 | N78: =J78+M78 -> 477973.66 | O78: 1050 | P78: =R6+R7+R8+R9+R10+R11+R12 -> 9830 | Q78: =(R18*V17) -> 296478 | R78: =O78+P78+Q78 -> 307358 | S78: =N78+R78 -> 785331.66
J79: =ROUNDDOWN(J78*0.3025,2) -> 105683.42 | K79: =ROUNDDOWN(K78*0.3025,2) -> 9580.58 | L79: =ROUNDDOWN(L78*0.3025,2) -> 29323.01 | M79: =ROUNDDOWN(M78*0.3025,2) -> 38903.6 | N79: =ROUNDDOWN(N78*0.3025,2) -> 144587.03 | O79: =ROUNDDOWN(O78*0.3025,2) -> 317.62 | P79: =ROUNDDOWN(P78*0.3025,2) -> 2973.57 | Q79: =ROUNDDOWN(Q78*0.3025,2) -> 89684.59 | ... S79: =ROUNDDOWN(S78*0.3025,2) -> 237562.82
G81: ■ 근린생활시설 면적표
G82: 구 분 | I82: 전용면적 | K82: 공용면적 | M82: 소 계 | O82: 기타공용 (기전실) | P82: 지하주차장 | Q82: 합 계 | S82: 비 고
G83: 문화 및 집회시설 | I83: =M83*0.7 -> 0 | K83: =M83*0.3 -> 0 | M83: 0 | O83: =M83*0.15 -> 0 | P83: =#REF!*42 -> #REF! | Q83: =SUM(M83:P83) -> #REF!
I84: =I83*0.3025 -> 0 | K84: =K83*0.3025 -> 0 | M84: =M83*0.3025 -> 0 | O84: =O83*0.3025 -> 0 | P84: =P83*0.3025 -> #REF! | Q84: =Q83*0.3025 -> #REF!
G85: 근린생활시설 | H85: 지상 | I85: =M85*0.7 -> 840 | K85: =M85*0.3 -> 360 | M85: 1200 | O85: 0 | P85: 0 | Q85: =SUM(M85:P85) -> 1200
I86: =I85*0.3025 -> 254.1 | K86: =K85*0.3025 -> 108.9 | M86: =M85*0.3025 -> 363 | O86: =O85*0.3025 -> 0 | P86: =P85*0.3025 -> 0 | Q86: =Q85*0.3025 -> 363
H87: 지하 | I87: =M87*0.7 -> 2800 | K87: =M87*0.3 -> 1200 | M87: 4000 | O87: =O89 -> 900 | P87: =R24*V17 -> 2310 | Q87: =SUM(M87:P87) -> 7210
I88: =I87*0.3025 -> 847 | K88: =K87*0.3025 -> 363 | M88: =M87*0.3025 -> 1210 | O88: =O87*0.3025 -> 272.25 | P88: =P87*0.3025 -> 698.775 | Q88: =Q87*0.3025 -> 2181.025
G89: 합 계 | I89: =M89*0.7 -> 3640 | K89: =M89*0.3 -> 1560 | M89: =M85+M87 -> 5200 | O89: 900 | P89: =P87 -> 2310 | Q89: =SUM(M89:P89) -> 8410
I90: =I89*0.3025 -> 1101.1 | K90: =K89*0.3025 -> 471.9 | M90: =M89*0.3025 -> 1573 | O90: =O89*0.3025 -> 272.25 | P90: =P89*0.3025 -> 698.775 | Q90: =Q89*0.3025 -> 2544.025
J92: =H56*J56+J58*H58+H60*J60+J62*H62+H66*J66 -> 320740.3 | K92: =H56*K56+K58*H58+H60*K60+K62*H62+H66*K66 -> 29008.76
H95: =H38+H58 -> 1040 | I95: =I38+I58 -> 0.22099448 | M95: =M52+M76 -> 128606.96 | N95: =N52+N76 -> 477973.66 | O95: =O52+O76 -> 1050 | P95: =P52+P76 -> 9830 | Q95: =Q52+Q76 -> 296478 | R95: =R52+R76 -> 307358 | S95: =S52+S76 -> 785331.66
H96: =H58+H60+H64 -> 1480
M101: 주택건설기준등에 관한 규정
N102: 0 | O102: 300 | P102: 500 | Q102: 1000 | R102: 2000
N103: 300세대 미만 | O103: 300~500세대 미만 | P103: 500~1000세대 미만 | Q103: 1000~2000세대 미만 | R103: 2000세대 이상
M104: 진입도로 | N104: 6 | O104: 8 | P104: 12 | Q104: 15 | R104: 20
M107: 필수 주민공동시설 세부면적기준
N108: 0 | O108: 150 | P108: 300 | Q108: 500 | R108: 1000 | S108: 1500
N109: 150세대 미만 | O109: 150~300세대 미만 | P109: 300~500세대 미만 | Q109: 500~1000세대 미만 | R109: 1000~1500세대 미만 | S109: 1500세대 이상
M110: 경로당 | N110: 0 | O110: =50+(H78*0.1) -> 520.6 | P110: 155 | Q110: 225 | R110: 375 | S110: 500
M111: 어린이집 | N111: 0 | O111: 0 | P111: 198 | Q111: 330 | R111: 580 | S111: 725
M112: 작은도서관 | N112: 0 | O112: 0 | P112: 108 | Q112: 158 | R112: 203 | S112: 298
...

Sheet 설계개요(alt2)
G2: ■ 설 계 개 요 (alt2) | N2: ■ 부대복리시설
E3: 0.7 | G3: 사업명 | H3: 마포구 성산시영아파트 재건축정비사업 | N3: 구 분 | P3: 법적 설치기준 및 지침기준 | R3: 설치계획 | S3: 비고
E4: =J23/(J14*E3) -> 2.7506405 | G4: 대지위치 | H4: 서울특별시 마포구 성산동 446일대 | N4: 진입도로 | O4: =INDEX($N$103:$R$103,MATCH($H$78,$N$102:$R$102,1)) -> 2000세대 이상 | R4: =INDEX($N$104:$R$104,MATCH($H$78,$N$102:$R$102,1)) -> 20
G5: 지역지구 | H5: 제3종 일반주거지역 | N5: 단지내도로 | O5: 폭 7m 이상 | R5: 7M도로
G6: 건축규모 | H6: 지상 35층 / | I6: =ROUNDUP(E4,0) -> 3 | N6: 관리사무소 | O6: =H78 -> 4671 | Q6: =IF(H78>=50, ROUNDUP((10+(H78-50)*0.05),2), "해당없음") -> 241.05 | R6: 280 | S6: (방재실, MDF포함)
G7: 용도 | H7: 공동주택 및 부대복리시설, 근린생활시설 | N7: 경 비 실 | R7: 300
G8: 대 지 면 적 | H8: 사업면적 | J8: 182618.4 | K8: =ROUNDDOWN(J8*0.3025,2) -> 55242.06 | L8: =J8/$J$8 -> 1 | N8: 경 로 당 | O8: 주민공동시설 총량제 | P8: 1,500세대 이상 (서울시 주택조례) | Q8: 500 | R8: 1100
H9: 제외면적 | I9: 도로 | J9: 6830.9 | K9: =ROUNDDOWN(J9*0.3025,2) -> 2066.34 | L9: =J9/$J$8 -> 0.037405322 | N9: 어린이집 | Q9: 725 | R9: 1400
C10: 1000세대이상 | D10: 3 | E10: =$H$78*D10 -> 14013 | I10: 유치원 | J10: 1000 | K10: =ROUNDDOWN(J10*0.3025,2) -> 302.5 | L10: =J10/$J$8 -> 0.0054758995 | N10: 작은도서관 | Q10: 298 | R10: 650
I11: 공원 | J11: =H78*3 -> 14013 | K11: =ROUNDDOWN(J11*0.3025,2) -> 4238.93 | L11: =J11/$J$8 -> 0.076733779 | N11: 다함께돌봄센터 | P11: =IF(H78>=500,"500세대이상 의무설치", "해당없음") -> 500세대이상 의무설치 | Q11: =IF(H78>=500,"66㎡ 이상", "해당없음") -> 66㎡ 이상 | R11: 600
N12: 주민공동시설 | R12: 5500
I13: 소계 | J13: =SUM(J9:J12) -> 21843.9 | K13: =ROUNDDOWN(J13*0.3025,2) -> 6607.77 | L13: =J13/$J$8 -> 0.119615 | N13: 주민운동시설(옥외) | P13: =IF(H78>=500,"500세대이상 의무설치", "해당없음") -> 500세대이상 의무설치 | R13: 3800
H14: 실사용 대지면적 | J14: =J8-J13 -> 160774.5 | K14: =ROUNDDOWN(J14*0.3025,2) -> 48634.28 | L14: =J14/$J$8 -> 0.880385 | N14: 어린이놀이터(옥외) | P14: =IF(H78<100,"해당없음",IF(H78<300,"지역여건에 맞게 설치",IF(H78<1000,"200㎡+세대당 1㎡",IF(H78>1000,"500㎡+세대당 0.7㎡")))) -> 500㎡+세대당 0.7㎡ | Q14: =500+(H78*0.7) -> 3769.7 | R14: 3700
C15: 120698 | G15: 연 면 적 | H15: 구 분 | J15: 계 획 | L15: 비 율 | N15: 총량검토 | O15: (500㎡+세대당 x 2㎡) x 1.25이상 설치 | Q15: =500+($H$78*2)*1.25 -> 12177.5 | R15: =R8+R9+R10+R11+R12+R13+R14 -> 16750 | S15: 총량제 면적 (관리사무소 제외)
C16: 93504.3 | D16: =C16/C15 -> 0.77469635 | H16: 아파트 | I16: 지상 | J16: =N78+R8+R9+R7 -> 481051.95 | K16: =ROUNDDOWN(J16*0.3025,2) -> 145518.21 | L16: =J16/$J$22 -> 0.99751167 | N16: 조경시설 | O16: 대지면적 x 0.15 | Q16: =J14*0.15 -> 24116.175 | R16: =ROUNDUP(Q16,-2)+100 -> 24300 | V16: 주차대당
I17: 지하 | J17: =O78+Q78+R6+R10+R12+R11 -> 302353 | K17: =ROUNDDOWN(J17*0.3025,2) -> 91461.78 | N17: 유치원 | R17: 1000 | V17: 42
I18: 소계 | J18: =SUM(J16:J17) -> 783404.95 | K18: =ROUNDDOWN(J18*0.3025,2) -> 236979.99 | N18: 주차대수 | O18: 면적기준 | P18: 85㎡이하 전용/75 | Q18: =ROUNDUP((SUMPRODUCT(H36:H51,J36:J51)+SUMPRODUCT(H56:H63,J56:J63))/75,0) -> 4208 | R18: =H78*S18 -> 7006.5 | S18: 1.5
H19: 근린생활시설 | I19: 지상 | J19: =Q85 -> 1200 | K19: =ROUNDDOWN(J19*0.3025,2) -> 363 | L19: =J19/$J$22 -> 0.0024883259 | P19: 85㎡초과 전용/65 | Q19: =ROUNDUP((SUMPRODUCT(H64:H75,J64:J75))/65,0) -> 522
I20: 지하 | J20: =Q87 -> 7210 | K20: =ROUNDDOWN(J20*0.3025,2) -> 2181.02 | P20: 소 계 | Q20: =SUM(Q18:Q19) -> 4730
I21: 소계 | J21: =J19+J20 -> 8410 | K21: =ROUNDDOWN(J21*0.3025,2) -> 2544.02 | O21: 세대기준 | P21: 세대당0.8대(전용60㎡이하) | Q21: =(SUM(H36:H47)+SUM(H56:H59))*0.8 -> 1544.8
H22: 합계 | I22: 지상 | J22: =J16+J19 -> 482251.95 | K22: =ROUNDDOWN(J22*0.3025,2) -> 145881.21 | L22: =J22/$J$22 -> 1 | P22: 세대당1대(전용60㎡초과) | Q22: =(SUM(H48:H51)+SUM(H60:H75))*1 -> 2740
I23: 지하 | J23: =J17+J20 -> 309563 | K23: =ROUNDDOWN(J23*0.3025,2) -> 93642.8 | P23: 소 계 | Q23: =SUM(Q21:Q22) -> 4284.8
I24: 합계 | J24: =J18+J21 -> 791814.95 | K24: =ROUNDDOWN(J24*0.3025,2) -> 239524.02 | O24: 근린생활시설 | P24: 134 | Q24: =(M89+O89)/P24 -> 45.522388 | R24: =ROUNDUP(Q24*S24,0) -> 55 | S24: 1.2
O25: 합 계 | Q25: =Q20+Q24 -> 4775.5224 | R25: =SUM(R18+R24) -> 7061.5
G26: 건축면적 | H26: =J14*0.2842 -> 45692.113 | K26: =ROUNDDOWN(H26*0.3025,2) -> 13821.86 | L26: 50
G27: 건폐율 | H27: =H26/J14 -> 0.2842 | N27: 재건축 소택임대비율 | O27: =H29 -> 2.999555 | P27: 2.5 | Q27: 2 | R27: =(O27-P27)/Q27 -> 0.24977748 | S27: =R28 -> 40157.85 | T27: =P29+P30+P31 -> 472
G28: 용적률 산정 연면적 | H28: =J22 -> 482251.95 | K28: =ROUNDDOWN(H28*0.3025,2) -> 145881.21 | L28: 법적상한용적률 ( 300% 이하 ) | P28: =J14 -> 160774.5 | Q28: =R27 -> 0.24977748 | R28: =P28*Q28 -> 40157.85
G29: 용 적 율 | H29: =H28/J14 -> 2.999555 | O29: =G45 -> 49 | P29: =H42 -> 192 | Q29: =N42 -> 71.05 | R29: =P29*Q29 -> 13641.6 | S29: =R29+R30+R31 -> 40216.2 | V29: =S29-S27 -> 58.35
G30: 세 대 수 | H30: =H78 -> 4671 | O30: =G47 -> 59 | P30: =H46 -> 190 | Q30: =N46 -> 85.35 | R30: =P30*Q30 -> 16216.5
G31: 주차대수 | H31: =R25 -> 7061.5 | L31: =$R$18/$H$78 -> 1.5 | O31: =G51 -> 84 | P31: =H50 -> 90 | Q31: =N50 -> 115.09 | R31: =P31*Q31 -> 10358.1
G33: ■ 아파트 분양면적표
G34: 구 분 | H34: 세대수 | I34: 세대비 | J34: 주거전용 | K34: 주 거 공 용 면 적 | N34: 공급면적 | O34: 기타공용면적 | R34: 소 계 | S34: 계약면적 | T34: 비 고
K35: 벽체공용 | L35: 코어공용 | M35: 소 계 | O35: 기계,전기실 | P35: 부대복리시설 | Q35: 지하주차장
E36: =ROUNDUP(H78*0.05,0) -> 234 | F36: =H36/#REF! -> #REF! | G36: =ROUNDDOWN(N37,0) -> 17 | I36: =H36/$H$78 -> 0 | J36: =J54 -> 39.96 | K36: =K54 -> 3.65 | L36: =L54 -> 14.8 | M36: =K36+L36 -> 18.45 | N36: =J36+M36 -> 58.41 | O36: =$O$78/$J$78*J36 -> 0.12006638 | P36: =$P$78/$J$78*J36 -> 1.12405 | Q36: =$Q$78/$J$78*J36 -> 33.649803 | R36: =O36+P36+Q36 -> 34.893919 | S36: =N36+R36 -> 93.303919 | T36: 의무임대
G37: 39 | J37: =ROUNDDOWN(J36*0.3025,2) -> 12.08 | K37: =ROUNDDOWN(K36*0.3025,2) -> 1.1 | L37: =ROUNDDOWN(L36*0.3025,2) -> 4.47 | M37: =ROUNDDOWN(M36*0.3025,2) -> 5.58 | N37: =ROUNDDOWN(N36*0.3025,2) -> 17.66 | O37: =ROUNDDOWN(O36*0.3025,2) -> 0.03 | P37: =ROUNDDOWN(P36*0.3025,2) -> 0.34 | Q37: =ROUNDDOWN(Q36*0.3025,2) -> 10.17 | ... S37: =ROUNDDOWN(S36*0.3025,2) -> 28.22
F38: =H38/#REF! -> #REF! | G38: =ROUNDDOWN(N39,0) -> 21 | I38: =H38/$H$78 -> 0 | J38: =J56 -> 49.95 | K38: =K56 -> 4.5 | L38: =L56 -> 16.6 | M38: =K38+L38 -> 21.1 | N38: =M38+J38 -> 71.05 | O38: =$O$78/$J$78*J38 -> 0.15008297 | P38: =$P$78/$J$78*J38 -> 1.4050625 | Q38: =$Q$78/$J$78*J38 -> 42.062254 | R38: =O38+P38+Q38 -> 43.617399 | S38: =N38+R38 -> 114.6674
G39: =ROUNDDOWN(J38,0) -> 49 | J39: =ROUNDDOWN(J38*0.3025,2) -> 15.1 | K39: =ROUNDDOWN(K38*0.3025,2) -> 1.36 | L39: =ROUNDDOWN(L38*0.3025,2) -> 5.02 | M39: =ROUNDDOWN(M38*0.3025,2) -> 6.38 | N39: =ROUNDDOWN(N38*0.3025,2) -> 21.49 | O39: =ROUNDDOWN(O38*0.3025,2) -> 0.04 | P39: =ROUNDDOWN(P38*0.3025,2) -> 0.42 | Q39: =ROUNDDOWN(Q38*0.3025,2) -> 12.72 | ... S39: =ROUNDDOWN(S38*0.3025,2) -> 34.68
F40: =H40/#REF! -> #REF! | G40: =ROUNDDOWN(N41,0) -> 25 | I40: =H40/$H$78 -> 0 | J40: =J58 -> 59.95 | K40: =K58 -> 5.8 | L40: =L58 -> 19.6 | M40: =K40+L40 -> 25.4 | N40: =M40+J40 -> 85.35 | O40: =$O$78/$J$78*J40 -> 0.18012961 | P40: =$P$78/$J$78*J40 -> 1.6863563 | Q40: =$Q$78/$J$78*J40 -> 50.483125 | R40: =O40+P40+Q40 -> 52.349611 | S40: =N40+R40 -> 137.69961
G41: =ROUNDDOWN(J40,0) -> 59 | J41: =ROUNDDOWN(J40*0.3025,2) -> 18.13 | K41: =ROUNDDOWN(K40*0.3025,2) -> 1.75 | L41: =ROUNDDOWN(L40*0.3025,2) -> 5.92 | M41: =ROUNDDOWN(M40*0.3025,2) -> 7.68 | N41: =ROUNDDOWN(N40*0.3025,2) -> 25.81 | O41: =ROUNDDOWN(O40*0.3025,2) -> 0.05 | P41: =ROUNDDOWN(P40*0.3025,2) -> 0.51 | Q41: =ROUNDDOWN(Q40*0.3025,2) -> 15.27 | ... S41: =ROUNDDOWN(S40*0.3025,2) -> 41.65
E42: =H42/$H$52 -> 0.40677966 | G42: =ROUNDDOWN(N43,0) -> 21 | H42: 192 | I42: =H42/$H$78 -> 0.041104689 | J42: =J56 -> 49.95 | K42: =K56 -> 4.5 | L42: =L56 -> 16.6 | M42: =K42+L42 -> 21.1 | N42: =M42+J42 -> 71.05 | O42: =$O$78/$J$78*J42 -> 0.15008297 | P42: =$P$78/$J$78*J42 -> 1.4050625 | Q42: =$Q$78/$J$78*J42 -> 42.062254 | R42: =O42+P42+Q42 -> 43.617399 | S42: =N42+R42 -> 114.6674 | T42: 임대
G43: =ROUNDDOWN(J42,0) -> 49 | I43: =I42+I56 -> 0.1243845 | J43: =ROUNDDOWN(J42*0.3025,2) -> 15.1 | K43: =ROUNDDOWN(K42*0.3025,2) -> 1.36 | L43: =ROUNDDOWN(L42*0.3025,2) -> 5.02 | M43: =ROUNDDOWN(M42*0.3025,2) -> 6.38 | N43: =ROUNDDOWN(N42*0.3025,2) -> 21.49 | O43: =ROUNDDOWN(O42*0.3025,2) -> 0.04 | P43: =ROUNDDOWN(P42*0.3025,2) -> 0.42 | Q43: =ROUNDDOWN(Q42*0.3025,2) -> 12.72 | ... S43: =ROUNDDOWN(S42*0.3025,2) -> 34.68
E44: =C44/$H$78 -> 0 | G44: =ROUNDDOWN(N43,0) -> 21 | I44: =H44/$H$78 -> 0
G45: =ROUNDDOWN(J42,0) -> 49
E46: =H46/$H$52 -> 0.40254237 | G46: =ROUNDDOWN(N47,0) -> 25 | H46: 190 | I46: =H46/$H$78 -> 0.040676515 | J46: =J58 -> 59.95 | K46: =K58 -> 5.8 | L46: =L58 -> 19.6 | M46: =K46+L46 -> 25.4 | N46: =M46+J46 -> 85.35 | O46: =$O$78/$J$78*J46 -> 0.18012961 | P46: =$P$78/$J$78*J46 -> 1.6863563 | Q46: =$Q$78/$J$78*J46 -> 50.483125 | R46: =O46+P46+Q46 -> 52.349611 | S46: =N46+R46 -> 137.69961
G47: =ROUNDDOWN(J46,0) -> 59 | I47: =I46+I58 -> 0.28901734 | J47: =ROUNDDOWN(J46*0.3025,2) -> 18.13 | K47: =ROUNDDOWN(K46*0.3025,2) -> 1.75 | L47: =ROUNDDOWN(L46*0.3025,2) -> 5.92 | M47: =ROUNDDOWN(M46*0.3025,2) -> 7.68 | N47: =ROUNDDOWN(N46*0.3025,2) -> 25.81 | O47: =ROUNDDOWN(O46*0.3025,2) -> 0.05 | P47: =ROUNDDOWN(P46*0.3025,2) -> 0.51 | Q47: =ROUNDDOWN(Q46*0.3025,2) -> 15.27 | ... S47: =ROUNDDOWN(S46*0.3025,2) -> 41.65
E48: =C48/$H$78 -> 0 | G48: =ROUNDDOWN(N49,0) -> 30 | I48: =H48/$H$78 -> 0 | J48: =J60 -> 74 | K48: =K60 -> 7.12 | L48: =L60 -> 18.37 | M48: =K48+L48 -> 25.49 | N48: =M48+J48 -> 99.49 | O48: =$O$78/$J$78*J48 -> 0.22234514 | P48: =$P$78/$J$78*J48 -> 2.0815741 | Q48: =$Q$78/$J$78*J48 -> 62.31445 | R48: =O48+P48+Q48 -> 64.618369 | S48: =N48+R48 -> 164.10837
G49: =ROUNDDOWN(J48,0) -> 74 | J49: =ROUNDDOWN(J48*0.3025,2) -> 22.38 | K49: =ROUNDDOWN(K48*0.3025,2) -> 2.15 | L49: =ROUNDDOWN(L48*0.3025,2) -> 5.55 | M49: =ROUNDDOWN(M48*0.3025,2) -> 7.71 | N49: =ROUNDDOWN(N48*0.3025,2) -> 30.09 | O49: =ROUNDDOWN(O48*0.3025,2) -> 0.06 | P49: =ROUNDDOWN(P48*0.3025,2) -> 0.62 | Q49: =ROUNDDOWN(Q48*0.3025,2) -> 18.85 | ... S49: =ROUNDDOWN(S48*0.3025,2) -> 49.64
E50: =H50/$H$52 -> 0.19067797 | G50: =ROUNDDOWN(N51,0) -> 34 | H50: 90 | I50: =H50/$H$78 -> 0.019267823 | J50: =J62 -> 84.95 | K50: =K62 -> 7.74 | L50: =L62 -> 22.4 | M50: =K50+L50 -> 30.14 | N50: =M50+J50 -> 115.09 | O50: =$O$78/$J$78*J50 -> 0.25524622 | P50: =$P$78/$J$78*J50 -> 2.3895908 | Q50: =$Q$78/$J$78*J50 -> 71.535304 | R50: =O50+P50+Q50 -> 74.180141 | S50: =N50+R50 -> 189.27014
G51: =ROUNDDOWN(J50,0) -> 84 | I51: =I50+I62 -> 0.46135731 | J51: =ROUNDDOWN(J50*0.3025,2) -> 25.69 | K51: =ROUNDDOWN(K50*0.3025,2) -> 2.34 | L51: =ROUNDDOWN(L50*0.3025,2) -> 6.77 | M51: =ROUNDDOWN(M50*0.3025,2) -> 9.11 | N51: =ROUNDDOWN(N50*0.3025,2) -> 34.81 | O51: =ROUNDDOWN(O50*0.3025,2) -> 0.07 | P51: =ROUNDDOWN(P50*0.3025,2) -> 0.72 | Q51: =ROUNDDOWN(Q50*0.3025,2) -> 21.63 | ... S51: =ROUNDDOWN(S50*0.3025,2) -> 57.25
E52: =SUM(E42:E51) -> 1 | G52: 소 계 | H52: =SUM(H36:H51) -> 472 | I52: =I42+I46+I50 -> 0.10104903 | J52: =SUMPRODUCT(H36:H51,J36:J51) -> 28626.4 | K52: =SUMPRODUCT(H36:H51,K36:K51) -> 2662.6 | L52: =SUMPRODUCT(H36:H51,L36:L51) -> 8927.2 | M52: =K52+L52 -> 11589.8 | N52: =J52+M52 -> 40216.2 | O52: =SUMPRODUCT(H36:H51,O36:O51) -> 86.012716 | P52: =SUMPRODUCT(H36:H51,P36:P51) -> 805.24286 | Q52: =SUMPRODUCT(H36:H51,Q36:Q51) -> 24105.924 | R52: =O52+P52+Q52 -> 24997.179 | S52: =N52+R52 -> 65213.379
J53: =ROUNDDOWN(J52*0.3025,2) -> 8659.48 | K53: =ROUNDDOWN(K52*0.3025,2) -> 805.43 | L53: =ROUNDDOWN(L52*0.3025,2) -> 2700.47 | M53: =ROUNDDOWN(M52*0.3025,2) -> 3505.91 | N53: =ROUNDDOWN(N52*0.3025,2) -> 12165.4 | O53: =ROUNDDOWN(O52*0.3025,2) -> 26.01 | P53: =ROUNDDOWN(P52*0.3025,2) -> 243.58 | Q53: =ROUNDDOWN(Q52*0.3025,2) -> 7292.04 | ... S53: =ROUNDDOWN(S52*0.3025,2) -> 19727.04
E54: =C54/$H$78 -> 0 | G54: =ROUNDDOWN(N55,0) -> 17 | I54: =H54/$H$78 -> 0 | J54: 39.96 | K54: 3.65 | L54: 14.8 | M54: =K54+L54 -> 18.45 | N54: =J54+M54 -> 58.41 | O54: =$O$78/$J$78*J54 -> 0.12006638 | P54: =$P$78/$J$78*J54 -> 1.12405 | Q54: =$Q$78/$J$78*J54 -> 33.649803 | R54: =O54+P54+Q54 -> 34.893919 | S54: =N54+R54 -> 93.303919 | T54: 분양
G55: 39 | J55: =ROUNDDOWN(J54*0.3025,2) -> 12.08 | K55: =ROUNDDOWN(K54*0.3025,2) -> 1.1 | L55: =ROUNDDOWN(L54*0.3025,2) -> 4.47 | M55: =ROUNDDOWN(M54*0.3025,2) -> 5.58 | N55: =ROUNDDOWN(N54*0.3025,2) -> 17.66 | O55: =ROUNDDOWN(O54*0.3025,2) -> 0.03 | P55: =ROUNDDOWN(P54*0.3025,2) -> 0.34 | Q55: =ROUNDDOWN(Q54*0.3025,2) -> 10.17 | ... S55: =ROUNDDOWN(S54*0.3025,2) -> 28.22
E56: =H56/$H$76 -> 0.092641105 | G56: =ROUNDDOWN(N57,0) -> 21 | H56: 389 | I56: =H56/$H$78 -> 0.083279812 | J56: 49.95 | K56: 4.5 | L56: 16.6 | M56: =K56+L56 -> 21.1 | N56: =M56+J56 -> 71.05 | O56: =$O$78/$J$78*J56 -> 0.15008297 | P56: =$P$78/$J$78*J56 -> 1.4050625 | Q56: =$Q$78/$J$78*J56 -> 42.062254 | R56: =O56+P56+Q56 -> 43.617399 | S56: =N56+R56 -> 114.6674
G57: =ROUNDDOWN(J56,0) -> 49 | I57: =I43 -> 0.1243845 | J57: =ROUNDDOWN(J56*0.3025,2) -> 15.1 | K57: =ROUNDDOWN(K56*0.3025,2) -> 1.36 | L57: =ROUNDDOWN(L56*0.3025,2) -> 5.02 | M57: =ROUNDDOWN(M56*0.3025,2) -> 6.38 | N57: =ROUNDDOWN(N56*0.3025,2) -> 21.49 | O57: =ROUNDDOWN(O56*0.3025,2) -> 0.04 | P57: =ROUNDDOWN(P56*0.3025,2) -> 0.42 | Q57: =ROUNDDOWN(Q56*0.3025,2) -> 12.72 | ... S57: =ROUNDDOWN(S56*0.3025,2) -> 34.68
E58: =H58/$H$76 -> 0.27625625 | G58: =ROUNDDOWN(N59,0) -> 25 | H58: 1160 | I58: =H58/$H$78 -> 0.24834083 | J58: 59.95 | K58: 5.8 | L58: 19.6 | M58: =K58+L58 -> 25.4 | N58: =M58+J58 -> 85.35 | O58: =$O$78/$J$78*J58 -> 0.18012961 | P58: =$P$78/$J$78*J58 -> 1.6863563 | Q58: =$Q$78/$J$78*J58 -> 50.483125 | R58: =O58+P58+Q58 -> 52.349611 | S58: =N58+R58 -> 137.69961
G59: =ROUNDDOWN(J58,0) -> 59 | I59: =I46+I58 -> 0.28901734 | J59: =ROUNDDOWN(J58*0.3025,2) -> 18.13 | K59: =ROUNDDOWN(K58*0.3025,2) -> 1.75 | L59: =ROUNDDOWN(L58*0.3025,2) -> 5.92 | M59: =ROUNDDOWN(M58*0.3025,2) -> 7.68 | N59: =ROUNDDOWN(N58*0.3025,2) -> 25.81 | O59: =ROUNDDOWN(O58*0.3025,2) -> 0.05 | P59: =ROUNDDOWN(P58*0.3025,2) -> 0.51 | Q59: =ROUNDDOWN(Q58*0.3025,2) -> 15.27 | ... S59: =ROUNDDOWN(S58*0.3025,2) -> 41.65
E60: =H60/$H$76 -> 0.072636342 | G60: =ROUNDDOWN(N61,0) -> 30 | H60: 305 | I60: =H60/$H$78 -> 0.06529651 | J60: 74 | K60: 7.12 | L60: 18.37 | M60: =K60+L60 -> 25.49 | N60: =J60+M60 -> 99.49 | O60: =$O$78/$J$78*J60 -> 0.22234514 | P60: =$P$78/$J$78*J60 -> 2.0815741 | Q60: =$Q$78/$J$78*J60 -> 62.31445 | R60: =O60+P60+Q60 -> 64.618369 | S60: =N60+R60 -> 164.10837
G61: =ROUNDDOWN(J60,0) -> 74 | J61: =ROUNDDOWN(J60*0.3025,2) -> 22.38 | K61: =ROUNDDOWN(K60*0.3025,2) -> 2.15 | L61: =ROUNDDOWN(L60*0.3025,2) -> 5.55 | M61: =ROUNDDOWN(M60*0.3025,2) -> 7.71 | N61: =ROUNDDOWN(N60*0.3025,2) -> 30.09 | O61: =ROUNDDOWN(O60*0.3025,2) -> 0.06 | P61: =ROUNDDOWN(P60*0.3025,2) -> 0.62 | Q61: =ROUNDDOWN(Q60*0.3025,2) -> 18.85 | ... S61: =ROUNDDOWN(S60*0.3025,2) -> 49.64
E62: =H62/$H$76 -> 0.49178376 | G62: =ROUNDDOWN(N63,0) -> 34 | H62: 2065 | I62: =H62/$H$78 -> 0.44208949 | J62: 84.95 | K62: 7.74 | L62: 22.4 | M62: =K62+L62 -> 30.14 | N62: =J62+M62 -> 115.09 | O62: =$O$78/$J$78*J62 -> 0.25524622 | P62: =$P$78/$J$78*J62 -> 2.3895908 | Q62: =$Q$78/$J$78*J62 -> 71.535304 | R62: =O62+P62+Q62 -> 74.180141 | S62: =N62+R62 -> 189.27014
G63: =ROUNDDOWN(J62,0) -> 84 | I63: =I50+I62 -> 0.46135731 | J63: =ROUNDDOWN(J62*0.3025,2) -> 25.69 | K63: =ROUNDDOWN(K62*0.3025,2) -> 2.34 | L63: =ROUNDDOWN(L62*0.3025,2) -> 6.77 | M63: =ROUNDDOWN(M62*0.3025,2) -> 9.11 | N63: =ROUNDDOWN(N62*0.3025,2) -> 34.81 | O63: =ROUNDDOWN(O62*0.3025,2) -> 0.07 | P63: =ROUNDDOWN(P62*0.3025,2) -> 0.72 | Q63: =ROUNDDOWN(Q62*0.3025,2) -> 21.63 | ... S63: =ROUNDDOWN(S62*0.3025,2) -> 57.25
E64: =C64/$H$78 -> 0 | G64: =ROUNDDOWN(N65,0) -> 40 | I64: =H64/$H$78 -> 0 | J64: 102.98 | K64: 8.72 | L64: 22.8 | M64: =K64+L64 -> 31.52 | N64: =J64+M64 -> 134.5 | O64: =$O$78/$J$78*J64 -> 0.30942031 | P64: =$P$78/$J$78*J64 -> 2.8967635 | Q64: =$Q$78/$J$78*J64 -> 86.718136 | R64: =O64+P64+Q64 -> 89.924319 | S64: =N64+R64 -> 224.42432
G65: =ROUNDDOWN(J64,0) -> 102 | J65: =ROUNDDOWN(J64*0.3025,2) -> 31.15 | K65: =ROUNDDOWN(K64*0.3025,2) -> 2.63 | L65: =ROUNDDOWN(L64*0.3025,2) -> 6.89 | M65: =ROUNDDOWN(M64*0.3025,2) -> 9.53 | N65: =ROUNDDOWN(N64*0.3025,2) -> 40.68 | O65: =ROUNDDOWN(O64*0.3025,2) -> 0.09 | P65: =ROUNDDOWN(P64*0.3025,2) -> 0.87 | Q65: =ROUNDDOWN(Q64*0.3025,2) -> 26.23 | ... S65: =ROUNDDOWN(S64*0.3025,2) -> 67.88
E66: =H66/$H$76 -> 0.066682543 | G66: =ROUNDDOWN(N67,0) -> 46 | H66: 280 | I66: =H66/$H$78 -> 0.059944337 | J66: 120.95 | K66: 8.5 | L66: 25.5 | M66: =K66+L66 -> 34 | N66: =J66+M66 -> 154.95 | O66: =$O$78/$J$78*J66 -> 0.36341412 | P66: =$P$78/$J$78*J66 -> 3.4022484 | Q66: =$Q$78/$J$78*J66 -> 101.85044 | R66: =O66+P66+Q66 -> 105.6161 | S66: =N66+R66 -> 260.5661
G67: =ROUNDDOWN(J66,0) -> 120 | J67: =ROUNDDOWN(J66*0.3025,2) -> 36.58 | K67: =ROUNDDOWN(K66*0.3025,2) -> 2.57 | L67: =ROUNDDOWN(L66*0.3025,2) -> 7.71 | M67: =ROUNDDOWN(M66*0.3025,2) -> 10.28 | N67: =ROUNDDOWN(N66*0.3025,2) -> 46.87 | O67: =ROUNDDOWN(O66*0.3025,2) -> 0.1 | P67: =ROUNDDOWN(P66*0.3025,2) -> 1.02 | Q67: =ROUNDDOWN(Q66*0.3025,2) -> 30.8 | ... S67: =ROUNDDOWN(S66*0.3025,2) -> 78.82
E68: =C68/$H$78 -> 0 | G68: =ROUNDDOWN(N69,0) -> 47 | I68: =H68/$H$78 -> 0 | J68: 120.97 | K68: 10.72 | L68: 24.8 | M68: =K68+L68 -> 35.52 | N68: =J68+M68 -> 156.49 | O68: =$O$78/$J$78*J68 -> 0.36347422 | P68: =$P$78/$J$78*J68 -> 3.402811 | Q68: =$Q$78/$J$78*J68 -> 101.86728 | R68: =O68+P68+Q68 -> 105.63357 | S68: =N68+R68 -> 262.12357
G69: =ROUNDDOWN(J68,0) -> 120 | J69: =ROUNDDOWN(J68*0.3025,2) -> 36.59 | K69: =ROUNDDOWN(K68*0.3025,2) -> 3.24 | L69: =ROUNDDOWN(L68*0.3025,2) -> 7.5 | M69: =ROUNDDOWN(M68*0.3025,2) -> 10.74 | N69: =ROUNDDOWN(N68*0.3025,2) -> 47.33 | O69: =ROUNDDOWN(O68*0.3025,2) -> 0.1 | P69: =ROUNDDOWN(P68*0.3025,2) -> 1.02 | Q69: =ROUNDDOWN(Q68*0.3025,2) -> 30.81 | ... S69: =ROUNDDOWN(S68*0.3025,2) -> 79.29
E70: =C70/$H$78 -> 0 | G70: =ROUNDDOWN(N71,0) -> 52 | I70: =H70/$H$78 -> 0 | J70: 137.35 | K70: 11.28 | L70: 25.54 | M70: =K70+L70 -> 36.82 | N70: =J70+M70 -> 174.17 | O70: =$O$78/$J$78*J70 -> 0.41269061 | P70: =$P$78/$J$78*J70 -> 3.8635702 | Q70: =$Q$78/$J$78*J70 -> 115.66067 | R70: =O70+P70+Q70 -> 119.93693 | S70: =N70+R70 -> 294.10693
G71: =ROUNDDOWN(J70,0) -> 137 | J71: =ROUNDDOWN(J70*0.3025,2) -> 41.54 | K71: =ROUNDDOWN(K70*0.3025,2) -> 3.41 | L71: =ROUNDDOWN(L70*0.3025,2) -> 7.72 | M71: =ROUNDDOWN(M70*0.3025,2) -> 11.13 | N71: =ROUNDDOWN(N70*0.3025,2) -> 52.68 | O71: =ROUNDDOWN(O70*0.3025,2) -> 0.12 | P71: =ROUNDDOWN(P70*0.3025,2) -> 1.16 | Q71: =ROUNDDOWN(Q70*0.3025,2) -> 34.98 | ... S71: =ROUNDDOWN(S70*0.3025,2) -> 88.96
E72: =C72/$H$75 -> #DIV/0! | G72: =ROUNDDOWN(N73,0) -> 62 | I72: =H72/$H$75 -> #DIV/0! | J72: 165.89 | K72: 13.45 | L72: 26.42 | M72: =K72+L72 -> 39.87 | N72: =J72+M72 -> 205.76 | O72: =$O$75/$J$75*J72 -> 0.48287642 | P72: =$P$75/$J$75*J72 -> 4.6531728 | Q72: =$Q$75/$J$75*J72 -> 139.68298 | R72: =O72+P72+Q72 -> 144.81903 | S72: =N72+R72 -> 350.57903
G73: =ROUNDDOWN(J72,0) -> 165 | J73: =ROUNDDOWN(J72*0.3025,2) -> 50.18 | K73: =ROUNDDOWN(K72*0.3025,2) -> 4.06 | L73: =ROUNDDOWN(L72*0.3025,2) -> 7.99 | M73: =ROUNDDOWN(M72*0.3025,2) -> 12.06 | N73: =ROUNDDOWN(N72*0.3025,2) -> 62.24 | O73: =ROUNDDOWN(O72*0.3025,2) -> 0.14 | P73: =ROUNDDOWN(P72*0.3025,2) -> 1.4 | Q73: =ROUNDDOWN(Q72*0.3025,2) -> 42.25 | ... S73: =ROUNDDOWN(S72*0.3025,2) -> 106.05
E74: =C74/$H$78 -> 0 | G74: =ROUNDDOWN(N75,0) -> 49 | I74: =H74/$H$78 -> 0 | J74: 124.94 | K74: 11.85 | L74: 27.85 | M74: =K74+L74 -> 39.7 | N74: =J74+M74 -> 164.64 | O74: =$O$78/$J$78*J74 -> 0.37540273 | P74: =$P$78/$J$78*J74 -> 3.5144846 | Q74: =$Q$78/$J$78*J74 -> 105.21037 | R74: =O74+P74+Q74 -> 109.10026 | S74: =N74+R74 -> 273.74026 | V74: =N52+N76 -> 478251.95
G75: =ROUNDDOWN(J74,0) -> 124 | J75: =ROUNDDOWN(J74*0.3025,2) -> 37.79 | K75: =ROUNDDOWN(K74*0.3025,2) -> 3.58 | L75: =ROUNDDOWN(L74*0.3025,2) -> 8.42 | M75: =ROUNDDOWN(M74*0.3025,2) -> 12 | N75: =ROUNDDOWN(N74*0.3025,2) -> 49.8 | O75: =ROUNDDOWN(O74*0.3025,2) -> 0.11 | P75: =ROUNDDOWN(P74*0.3025,2) -> 1.06 | Q75: =ROUNDDOWN(Q74*0.3025,2) -> 31.82 | ... S75: =ROUNDDOWN(S74*0.3025,2) -> 82.8 | V75: =R52+R76 -> 305153
E76: =E56+E58+E60+E62+E66 -> 1 | G76: 소 계 | H76: =SUM(H54:H75) -> 4199 | I76: =I56+I58+I60+I62+I66 -> 0.89895097 | J76: =SUMPRODUCT(H54:H75,J54:J75) -> 320830.3 | K76: =SUMPRODUCT(H54:H75,K54:K75) -> 29013.2 | L76: =SUMPRODUCT(H54:H75,L54:L75) -> 88192.25 | M76: =K76+L76 -> 117205.45 | N76: =J76+M76 -> 438035.75 | O76: =SUMPRODUCT(H54:H75,O54:O75) -> 963.98728 | P76: =SUMPRODUCT(H54:H75,P54:P75) -> 9024.7571 | Q76: =SUMPRODUCT(H54:H75,Q54:Q75) -> 270167.08 | R76: =O76+P76+Q76 -> 280155.82 | S76: =N76+R76 -> 718191.57 | V76: =S52+S76 -> 783404.95
J77: =ROUNDDOWN(J76*0.3025,2) -> 97051.16 | K77: =ROUNDDOWN(K76*0.3025,2) -> 8776.49 | L77: =ROUNDDOWN(L76*0.3025,2) -> 26678.15 | M77: =ROUNDDOWN(M76*0.3025,2) -> 35454.64 | N77: =ROUNDDOWN(N76*0.3025,2) -> 132505.81 | O77: =ROUNDDOWN(O76*0.3025,2) -> 291.6 | P77: =ROUNDDOWN(P76*0.3025,2) -> 2729.98 | Q77: =ROUNDDOWN(Q76*0.3025,2) -> 81725.54 | ... S77: =ROUNDDOWN(S76*0.3025,2) -> 217252.95
G78: 합 계 | H78: =H52+H76 -> 4671 | I78: =I52+I76 -> 1 | J78: =J52+J76 -> 349456.7 | K78: =K52+K76 -> 31675.8 | L78: =L52+L76 -> 97119.45 | M78: =K78+L78 -> 128795.25 | N78: =J78+M78 -> 478251.95 | O78: 1050 | P78: =R6+R7+R8+R9+R10+R11+R12 -> 9830 | Q78: =(R18*V17) -> 294273 | R78: =O78+P78+Q78 -> 305153 | S78: =N78+R78 -> 783404.95
J79: =ROUNDDOWN(J78*0.3025,2) -> 105710.65 | K79: =ROUNDDOWN(K78*0.3025,2) -> 9581.92 | L79: =ROUNDDOWN(L78*0.3025,2) -> 29378.63 | M79: =ROUNDDOWN(M78*0.3025,2) -> 38960.56 | N79: =ROUNDDOWN(N78*0.3025,2) -> 144671.21 | O79: =ROUNDDOWN(O78*0.3025,2) -> 317.62 | P79: =ROUNDDOWN(P78*0.3025,2) -> 2973.57 | Q79: =ROUNDDOWN(Q78*0.3025,2) -> 89017.58 | ... S79: =ROUNDDOWN(S78*0.3025,2) -> 236979.99
G81: ■ 근린생활시설 면적표
G82: 구 분 | I82: 전용면적 | K82: 공용면적 | M82: 소 계 | O82: 기타공용 (기전실) | P82: 지하주차장 | Q82: 합 계 | S82: 비 고
G83: 문화 및 집회시설 | I83: =M83*0.7 -> 0 | K83: =M83*0.3 -> 0 | M83: 0 | O83: =M83*0.15 -> 0 | P83: =#REF!*42 -> #REF! | Q83: =SUM(M83:P83) -> #REF!
I84: =I83*0.3025 -> 0 | K84: =K83*0.3025 -> 0 | M84: =M83*0.3025 -> 0 | O84: =O83*0.3025 -> 0 | P84: =P83*0.3025 -> #REF! | Q84: =Q83*0.3025 -> #REF!
G85: 근린생활시설 | H85: 지상 | I85: =M85*0.7 -> 840 | K85: =M85*0.3 -> 360 | M85: 1200 | O85: 0 | P85: 0 | Q85: =SUM(M85:P85) -> 1200
I86: =I85*0.3025 -> 254.1 | K86: =K85*0.3025 -> 108.9 | M86: =M85*0.3025 -> 363 | O86: =O85*0.3025 -> 0 | P86: =P85*0.3025 -> 0 | Q86: =Q85*0.3025 -> 363
H87: 지하 | I87: =M87*0.7 -> 2800 | K87: =M87*0.3 -> 1200 | M87: 4000 | O87: =O89 -> 900 | P87: =R24*V17 -> 2310 | Q87: =SUM(M87:P87) -> 7210
I88: =I87*0.3025 -> 847 | K88: =K87*0.3025 -> 363 | M88: =M87*0.3025 -> 1210 | O88: =O87*0.3025 -> 272.25 | P88: =P87*0.3025 -> 698.775 | Q88: =Q87*0.3025 -> 2181.025
G89: 합 계 | I89: =M89*0.7 -> 3640 | K89: =M89*0.3 -> 1560 | M89: =M85+M87 -> 5200 | O89: 900 | P89: =P87 -> 2310 | Q89: =SUM(M89:P89) -> 8410
I90: =I89*0.3025 -> 1101.1 | K90: =K89*0.3025 -> 471.9 | M90: =M89*0.3025 -> 1573 | O90: =O89*0.3025 -> 272.25 | P90: =P89*0.3025 -> 698.775 | Q90: =Q89*0.3025 -> 2544.025
J92: =H56*J56+J58*H58+H60*J60+J62*H62+H66*J66 -> 320830.3 | K92: =H56*K56+K58*H58+H60*K60+K62*H62+H66*K66 -> 29013.2
H95: =H38+H58 -> 1160 | I95: =I38+I58 -> 0.24834083 | M95: =M52+M76 -> 128795.25 | N95: =N52+N76 -> 478251.95 | O95: =O52+O76 -> 1050 | P95: =P52+P76 -> 9830 | Q95: =Q52+Q76 -> 294273 | R95: =R52+R76 -> 305153 | S95: =S52+S76 -> 783404.95
H96: =H58+H60+H64 -> 1465
M101: 주택건설기준등에 관한 규정
N102: 0 | O102: 300 | P102: 500 | Q102: 1000 | R102: 2000
N103: 300세대 미만 | O103: 300~500세대 미만 | P103: 500~1000세대 미만 | Q103: 1000~2000세대 미만 | R103: 2000세대 이상
M104: 진입도로 | N104: 6 | O104: 8 | P104: 12 | Q104: 15 | R104: 20
M107: 필수 주민공동시설 세부면적기준
N108: 0 | O108: 150 | P108: 300 | Q108: 500 | R108: 1000 | S108: 1500
N109: 150세대 미만 | O109: 150~300세대 미만 | P109: 300~500세대 미만 | Q109: 500~1000세대 미만 | R109: 1000~1500세대 미만 | S109: 1500세대 이상
M110: 경로당 | N110: 0 | O110: =50+(H78*0.1) -> 517.1 | P110: 155 | Q110: 225 | R110: 375 | S110: 500
M111: 어린이집 | N111: 0 | O111: 0 | P111: 198 | Q111: 330 | R111: 580 | S111: 725
M112: 작은도서관 | N112: 0 | O112: 0 | P112: 108 | Q112: 158 | R112: 203 | S112: 298
...

Sheet 설계개요(alt2) (j)
G2: ■ 설 계 개 요 (alt3) | N2: ■ 부대복리시설
E3: 0.7 | G3: 사업명 | H3: 마포구 성산시영아파트 재건축정비사업 | N3: 구 분 | P3: 법적 설치기준 및 지침기준 | R3: 설치계획 | S3: 비고
E4: =J23/(J14*E3) -> 2.8278227 | G4: 대지위치 | H4: 서울특별시 마포구 성산동 446일대 | N4: 진입도로 | O4: =INDEX($N$103:$R$103,MATCH($H$78,$N$102:$R$102,1)) -> 2000세대 이상 | R4: =INDEX($N$104:$R$104,MATCH($H$78,$N$102:$R$102,1)) -> 20
G5: 지역지구 | H5: 제3종 일반주거지역 | N5: 단지내도로 | O5: 폭 7m 이상 | R5: 7M도로
G6: 건축규모 | H6: 지상 35층 / | I6: =ROUNDUP(E4,0) -> 3 | N6: 관리사무소 | O6: =H78 -> 4797 | Q6: =IF(H78>=50, ROUNDUP((10+(H78-50)*0.05),2), "해당없음") -> 247.35 | R6: 280 | S6: (방재실, MDF포함)
G7: 용도 | H7: 공동주택 및 부대복리시설, 근린생활시설 | N7: 경 비 실 | R7: 300
G8: 대 지 면 적 | H8: 사업면적 | J8: 182618.4 | K8: =ROUNDDOWN(J8*0.3025,2) -> 55242.06 | L8: =J8/$J$8 -> 1 | N8: 경 로 당 | O8: 주민공동시설 총량제 | P8: 1,500세대 이상 (서울시 주택조례) | Q8: 500 | R8: 1100
H9: 제외면적 | I9: 도로 | J9: 6830.9 | K9: =ROUNDDOWN(J9*0.3025,2) -> 2066.34 | L9: =J9/$J$8 -> 0.037405322 | N9: 어린이집 | Q9: 725 | R9: 1400
C10: 1000세대이상 | D10: 3 | E10: =$H$78*D10 -> 14391 | I10: 유치원 | J10: 1000 | K10: =ROUNDDOWN(J10*0.3025,2) -> 302.5 | L10: =J10/$J$8 -> 0.0054758995 | N10: 작은도서관 | Q10: 298 | R10: 650
I11: 공원 | J11: =H78*3 -> 14391 | K11: =ROUNDDOWN(J11*0.3025,2) -> 4353.27 | L11: =J11/$J$8 -> 0.078803669 | N11: 다함께돌봄센터 | P11: =IF(H78>=500,"500세대이상 의무설치", "해당없음") -> 500세대이상 의무설치 | Q11: =IF(H78>=500,"66㎡ 이상", "해당없음") -> 66㎡ 이상 | R11: 600
N12: 주민공동시설 | R12: 5500
I13: 소계 | J13: =SUM(J9:J12) -> 22221.9 | K13: =ROUNDDOWN(J13*0.3025,2) -> 6722.12 | L13: =J13/$J$8 -> 0.12168489 | N13: 주민운동시설(옥외) | P13: =IF(H78>=500,"500세대이상 의무설치", "해당없음") -> 500세대이상 의무설치 | R13: 3800
H14: 실사용 대지면적 | J14: =J8-J13 -> 160396.5 | K14: =ROUNDDOWN(J14*0.3025,2) -> 48519.94 | L14: =J14/$J$8 -> 0.87831511 | N14: 어린이놀이터(옥외) | P14: =IF(H78<100,"해당없음",IF(H78<300,"지역여건에 맞게 설치",IF(H78<1000,"200㎡+세대당 1㎡",IF(H78>1000,"500㎡+세대당 0.7㎡")))) -> 500㎡+세대당 0.7㎡ | Q14: =500+(H78*0.7) -> 3857.9 | R14: 3700
C15: 120698 | G15: 연 면 적 | H15: 구 분 | J15: 계 획 | L15: 비 율 | N15: 총량검토 | O15: (500㎡+세대당 x 2㎡) x 1.25이상 설치 | Q15: =500+($H$78*2)*1.25 -> 12492.5 | R15: =R8+R9+R10+R11+R12+R13+R14 -> 16750 | S15: 총량제 면적 (관리사무소 제외)
C16: 93504.3 | D16: =C16/C15 -> 0.77469635 | H16: 아파트 | I16: 지상 | J16: =N78+R8+R9+R7 -> 479809.63 | K16: =ROUNDDOWN(J16*0.3025,2) -> 145142.41 | L16: =J16/$J$22 -> 0.99750525 | N16: 조경시설 | O16: 대지면적 x 0.15 | Q16: =J14*0.15 -> 24059.475 | R16: =ROUNDUP(Q16,-2)+100 -> 24200 | V16: 주차대당
I17: 지하 | J17: =O78+Q78+R6+R10+R12+R11 -> 310291 | K17: =ROUNDDOWN(J17*0.3025,2) -> 93863.02 | N17: 유치원 | R17: 1000 | V17: 42
I18: 소계 | J18: =SUM(J16:J17) -> 790100.63 | K18: =ROUNDDOWN(J18*0.3025,2) -> 239005.44 | N18: 주차대수 | O18: 면적기준 | P18: 85㎡이하 전용/75 | Q18: =ROUNDUP((SUMPRODUCT(H36:H51,J36:J51)+SUMPRODUCT(H56:H63,J56:J63))/75,0) -> 4206 | R18: =H78*S18 -> 7195.5 | S18: 1.5
H19: 근린생활시설 | I19: 지상 | J19: =Q85 -> 1200 | K19: =ROUNDDOWN(J19*0.3025,2) -> 363 | L19: =J19/$J$22 -> 0.0024947525 | P19: 85㎡초과 전용/65 | Q19: =ROUNDUP((SUMPRODUCT(H64:H75,J64:J75))/65,0) -> 494
I20: 지하 | J20: =Q87 -> 7210 | K20: =ROUNDDOWN(J20*0.3025,2) -> 2181.02 | P20: 소 계 | Q20: =SUM(Q18:Q19) -> 4700
I21: 소계 | J21: =J19+J20 -> 8410 | K21: =ROUNDDOWN(J21*0.3025,2) -> 2544.02 | O21: 세대기준 | P21: 세대당0.8대(전용60㎡이하) | Q21: =(SUM(H36:H47)+SUM(H56:H59))*0.8 -> 1840
H22: 합계 | I22: 지상 | J22: =J16+J19 -> 481009.63 | K22: =ROUNDDOWN(J22*0.3025,2) -> 145505.41 | L22: =J22/$J$22 -> 1 | P22: 세대당1대(전용60㎡초과) | Q22: =(SUM(H48:H51)+SUM(H60:H75))*1 -> 2497
I23: 지하 | J23: =J17+J20 -> 317501 | K23: =ROUNDDOWN(J23*0.3025,2) -> 96044.05 | P23: 소 계 | Q23: =SUM(Q21:Q22) -> 4337
I24: 합계 | J24: =J18+J21 -> 798510.63 | K24: =ROUNDDOWN(J24*0.3025,2) -> 241549.46 | O24: 근린생활시설 | P24: 134 | Q24: =(M89+O89)/P24 -> 45.522388 | R24: =ROUNDUP(Q24*S24,0) -> 55 | S24: 1.2
O25: 합 계 | Q25: =Q20+Q24 -> 4745.5224 | R25: =SUM(R18+R24) -> 7250.5
G26: 건축면적 | H26: =J14*0.2842 -> 45584.685 | K26: =ROUNDDOWN(H26*0.3025,2) -> 13789.36 | L26: 50
G27: 건폐율 | H27: =H26/J14 -> 0.2842 | N27: 재건축 소택임대비율 | O27: =H29 -> 2.9988786 | P27: 2.5 | Q27: 2 | R27: =(O27-P27)/Q27 -> 0.2494393 | S27: =R28 -> 40009.19 | T27: =P29+P30+P31 -> 470
G28: 용적률 산정 연면적 | H28: =J22 -> 481009.63 | K28: =ROUNDDOWN(H28*0.3025,2) -> 145505.41 | L28: 법적상한용적률 ( 300% 이하 ) | P28: =J14 -> 160396.5 | Q28: =R27 -> 0.2494393 | R28: =P28*Q28 -> 40009.19
G29: 용 적 율 | H29: =H28/J14 -> 2.9988786 | O29: =G45 -> 49 | P29: =H42 -> 190 | Q29: =N42 -> 71.05 | R29: =P29*Q29 -> 13499.5 | S29: =R29+R30+R31 -> 40074.1 | V29: =S29-S27 -> 64.91
G30: 세 대 수 | H30: =H78 -> 4797 | O30: =G47 -> 59 | P30: =H46 -> 190 | Q30: =N46 -> 85.35 | R30: =P30*Q30 -> 16216.5
G31: 주차대수 | H31: =R25 -> 7250.5 | L31: =$R$18/$H$78 -> 1.5 | O31: =G51 -> 84 | P31: =H50 -> 90 | Q31: =N50 -> 115.09 | R31: =P31*Q31 -> 10358.1
G33: ■ 아파트 분양면적표
G34: 구 분 | H34: 세대수 | I34: 세대비 | J34: 주거전용 | K34: 주 거 공 용 면 적 | N34: 공급면적 | O34: 기타공용면적 | R34: 소 계 | S34: 계약면적 | T34: 비 고
K35: 벽체공용 | L35: 코어공용 | M35: 소 계 | O35: 기계,전기실 | P35: 부대복리시설 | Q35: 지하주차장
E36: =ROUNDUP(H78*0.05,0) -> 240 | F36: =H36/#REF! -> #REF! | G36: =ROUNDDOWN(N37,0) -> 17 | I36: =H36/$H$78 -> 0 | J36: =J54 -> 39.96 | K36: =K54 -> 3.65 | L36: =L54 -> 14.8 | M36: =K36+L36 -> 18.45 | N36: =J36+M36 -> 58.41 | O36: =$O$78/$J$78*J36 -> 0.12075282 | P36: =$P$78/$J$78*J36 -> 1.1304764 | Q36: =$Q$78/$J$78*J36 -> 34.755076 | R36: =O36+P36+Q36 -> 36.006305 | S36: =N36+R36 -> 94.416305 | T36: 의무임대
G37: 39 | J37: =ROUNDDOWN(J36*0.3025,2) -> 12.08 | K37: =ROUNDDOWN(K36*0.3025,2) -> 1.1 | L37: =ROUNDDOWN(L36*0.3025,2) -> 4.47 | M37: =ROUNDDOWN(M36*0.3025,2) -> 5.58 | N37: =ROUNDDOWN(N36*0.3025,2) -> 17.66 | O37: =ROUNDDOWN(O36*0.3025,2) -> 0.03 | P37: =ROUNDDOWN(P36*0.3025,2) -> 0.34 | Q37: =ROUNDDOWN(Q36*0.3025,2) -> 10.51 | ... S37: =ROUNDDOWN(S36*0.3025,2) -> 28.56
F38: =H38/#REF! -> #REF! | G38: =ROUNDDOWN(N39,0) -> 21 | I38: =H38/$H$78 -> 0 | J38: =J56 -> 49.95 | K38: =K56 -> 4.5 | L38: =L56 -> 16.6 | M38: =K38+L38 -> 21.1 | N38: =M38+J38 -> 71.05 | O38: =$O$78/$J$78*J38 -> 0.15094102 | P38: =$P$78/$J$78*J38 -> 1.4130955 | Q38: =$Q$78/$J$78*J38 -> 43.443845 | R38: =O38+P38+Q38 -> 45.007882 | S38: =N38+R38 -> 116.05788
G39: =ROUNDDOWN(J38,0) -> 49 | J39: =ROUNDDOWN(J38*0.3025,2) -> 15.1 | K39: =ROUNDDOWN(K38*0.3025,2) -> 1.36 | L39: =ROUNDDOWN(L38*0.3025,2) -> 5.02 | M39: =ROUNDDOWN(M38*0.3025,2) -> 6.38 | N39: =ROUNDDOWN(N38*0.3025,2) -> 21.49 | O39: =ROUNDDOWN(O38*0.3025,2) -> 0.04 | P39: =ROUNDDOWN(P38*0.3025,2) -> 0.42 | Q39: =ROUNDDOWN(Q38*0.3025,2) -> 13.14 | ... S39: =ROUNDDOWN(S38*0.3025,2) -> 35.1
F40: =H40/#REF! -> #REF! | G40: =ROUNDDOWN(N41,0) -> 25 | I40: =H40/$H$78 -> 0 | J40: =J58 -> 59.95 | K40: =K58 -> 5.8 | L40: =L58 -> 19.6 | M40: =K40+L40 -> 25.4 | N40: =M40+J40 -> 85.35 | O40: =$O$78/$J$78*J40 -> 0.18115945 | P40: =$P$78/$J$78*J40 -> 1.6959975 | Q40: =$Q$78/$J$78*J40 -> 52.141312 | R40: =O40+P40+Q40 -> 54.018469 | S40: =N40+R40 -> 139.36847
G41: =ROUNDDOWN(J40,0) -> 59 | J41: =ROUNDDOWN(J40*0.3025,2) -> 18.13 | K41: =ROUNDDOWN(K40*0.3025,2) -> 1.75 | L41: =ROUNDDOWN(L40*0.3025,2) -> 5.92 | M41: =ROUNDDOWN(M40*0.3025,2) -> 7.68 | N41: =ROUNDDOWN(N40*0.3025,2) -> 25.81 | O41: =ROUNDDOWN(O40*0.3025,2) -> 0.05 | P41: =ROUNDDOWN(P40*0.3025,2) -> 0.51 | Q41: =ROUNDDOWN(Q40*0.3025,2) -> 15.77 | ... S41: =ROUNDDOWN(S40*0.3025,2) -> 42.15
E42: =H42/$H$52 -> 0.40425532 | G42: =ROUNDDOWN(N43,0) -> 21 | H42: 190 | I42: =H42/$H$78 -> 0.039608088 | J42: =J56 -> 49.95 | K42: =K56 -> 4.5 | L42: =L56 -> 16.6 | M42: =K42+L42 -> 21.1 | N42: =M42+J42 -> 71.05 | O42: =$O$78/$J$78*J42 -> 0.15094102 | P42: =$P$78/$J$78*J42 -> 1.4130955 | Q42: =$Q$78/$J$78*J42 -> 43.443845 | R42: =O42+P42+Q42 -> 45.007882 | S42: =N42+R42 -> 116.05788 | T42: 임대
G43: =ROUNDDOWN(J42,0) -> 49 | I43: =H42/$H$52 -> 0.40425532 | J43: =ROUNDDOWN(J42*0.3025,2) -> 15.1 | K43: =ROUNDDOWN(K42*0.3025,2) -> 1.36 | L43: =ROUNDDOWN(L42*0.3025,2) -> 5.02 | M43: =ROUNDDOWN(M42*0.3025,2) -> 6.38 | N43: =ROUNDDOWN(N42*0.3025,2) -> 21.49 | O43: =ROUNDDOWN(O42*0.3025,2) -> 0.04 | P43: =ROUNDDOWN(P42*0.3025,2) -> 0.42 | Q43: =ROUNDDOWN(Q42*0.3025,2) -> 13.14 | ... S43: =ROUNDDOWN(S42*0.3025,2) -> 35.1
E44: =C44/$H$78 -> 0 | G44: =ROUNDDOWN(N43,0) -> 21 | I44: =H44/$H$78 -> 0
G45: =ROUNDDOWN(J42,0) -> 49
E46: =H46/$H$52 -> 0.40425532 | G46: =ROUNDDOWN(N47,0) -> 25 | H46: 190 | I46: =H46/$H$78 -> 0.039608088 | J46: =J58 -> 59.95 | K46: =K58 -> 5.8 | L46: =L58 -> 19.6 | M46: =K46+L46 -> 25.4 | N46: =M46+J46 -> 85.35 | O46: =$O$78/$J$78*J46 -> 0.18115945 | P46: =$P$78/$J$78*J46 -> 1.6959975 | Q46: =$Q$78/$J$78*J46 -> 52.141312 | R46: =O46+P46+Q46 -> 54.018469 | S46: =N46+R46 -> 139.36847
G47: =ROUNDDOWN(J46,0) -> 59 | I47: =H46/$H$52 -> 0.40425532 | J47: =ROUNDDOWN(J46*0.3025,2) -> 18.13 | K47: =ROUNDDOWN(K46*0.3025,2) -> 1.75 | L47: =ROUNDDOWN(L46*0.3025,2) -> 5.92 | M47: =ROUNDDOWN(M46*0.3025,2) -> 7.68 | N47: =ROUNDDOWN(N46*0.3025,2) -> 25.81 | O47: =ROUNDDOWN(O46*0.3025,2) -> 0.05 | P47: =ROUNDDOWN(P46*0.3025,2) -> 0.51 | Q47: =ROUNDDOWN(Q46*0.3025,2) -> 15.77 | ... S47: =ROUNDDOWN(S46*0.3025,2) -> 42.15
E48: =C48/$H$78 -> 0 | G48: =ROUNDDOWN(N49,0) -> 30 | I48: =H48/$H$78 -> 0 | J48: =J60 -> 74 | K48: =K60 -> 7.12 | L48: =L60 -> 18.37 | M48: =K48+L48 -> 25.49 | N48: =M48+J48 -> 99.49 | O48: =$O$78/$J$78*J48 -> 0.22361633 | P48: =$P$78/$J$78*J48 -> 2.0934748 | Q48: =$Q$78/$J$78*J48 -> 64.361252 | R48: =O48+P48+Q48 -> 66.678343 | S48: =N48+R48 -> 166.16834
G49: =ROUNDDOWN(J48,0) -> 74 | J49: =ROUNDDOWN(J48*0.3025,2) -> 22.38 | K49: =ROUNDDOWN(K48*0.3025,2) -> 2.15 | L49: =ROUNDDOWN(L48*0.3025,2) -> 5.55 | M49: =ROUNDDOWN(M48*0.3025,2) -> 7.71 | N49: =ROUNDDOWN(N48*0.3025,2) -> 30.09 | O49: =ROUNDDOWN(O48*0.3025,2) -> 0.06 | P49: =ROUNDDOWN(P48*0.3025,2) -> 0.63 | Q49: =ROUNDDOWN(Q48*0.3025,2) -> 19.46 | ... S49: =ROUNDDOWN(S48*0.3025,2) -> 50.26
E50: =H50/$H$52 -> 0.19148936 | G50: =ROUNDDOWN(N51,0) -> 34 | H50: 90 | I50: =H50/$H$78 -> 0.018761726 | J50: =J62 -> 84.95 | K50: =K62 -> 7.74 | L50: =L62 -> 22.4 | M50: =K50+L50 -> 30.14 | N50: =M50+J50 -> 115.09 | O50: =$O$78/$J$78*J50 -> 0.2567055 | P50: =$P$78/$J$78*J50 -> 2.4032525 | Q50: =$Q$78/$J$78*J50 -> 73.884978 | R50: =O50+P50+Q50 -> 76.544936 | S50: =N50+R50 -> 191.63494
G51: =ROUNDDOWN(J50,0) -> 84 | I51: =H50/$H$52 -> 0.19148936 | J51: =ROUNDDOWN(J50*0.3025,2) -> 25.69 | K51: =ROUNDDOWN(K50*0.3025,2) -> 2.34 | L51: =ROUNDDOWN(L50*0.3025,2) -> 6.77 | M51: =ROUNDDOWN(M50*0.3025,2) -> 9.11 | N51: =ROUNDDOWN(N50*0.3025,2) -> 34.81 | O51: =ROUNDDOWN(O50*0.3025,2) -> 0.07 | P51: =ROUNDDOWN(P50*0.3025,2) -> 0.72 | Q51: =ROUNDDOWN(Q50*0.3025,2) -> 22.35 | ... S51: =ROUNDDOWN(S50*0.3025,2) -> 57.96
E52: =SUM(E42:E51) -> 1 | G52: 소 계 | H52: =SUM(H36:H51) -> 470 | I52: =I42+I46+I50 -> 0.097977903 | J52: =SUMPRODUCT(H36:H51,J36:J51) -> 28526.5 | K52: =SUMPRODUCT(H36:H51,K36:K51) -> 2653.6 | L52: =SUMPRODUCT(H36:H51,L36:L51) -> 8894 | M52: =K52+L52 -> 11547.6 | N52: =J52+M52 -> 40074.1 | O52: =SUMPRODUCT(H36:H51,O36:O51) -> 86.202585 | P52: =SUMPRODUCT(H36:H51,P36:P51) -> 807.02039 | Q52: =SUMPRODUCT(H36:H51,Q36:Q51) -> 24810.828 | R52: =O52+P52+Q52 -> 25704.051 | S52: =N52+R52 -> 65778.151
I53: =I43+I47+I51 -> 1 | J53: =ROUNDDOWN(J52*0.3025,2) -> 8629.26 | K53: =ROUNDDOWN(K52*0.3025,2) -> 802.71 | L53: =ROUNDDOWN(L52*0.3025,2) -> 2690.43 | M53: =ROUNDDOWN(M52*0.3025,2) -> 3493.14 | N53: =ROUNDDOWN(N52*0.3025,2) -> 12122.41 | O53: =ROUNDDOWN(O52*0.3025,2) -> 26.07 | P53: =ROUNDDOWN(P52*0.3025,2) -> 244.12 | Q53: =ROUNDDOWN(Q52*0.3025,2) -> 7505.27 | ... S53: =ROUNDDOWN(S52*0.3025,2) -> 19897.89
E54: =C54/$H$78 -> 0 | G54: =ROUNDDOWN(N55,0) -> 17 | I54: =H54/$H$78 -> 0 | J54: 39.96 | K54: 3.65 | L54: 14.8 | M54: =K54+L54 -> 18.45 | N54: =J54+M54 -> 58.41 | O54: =$O$78/$J$78*J54 -> 0.12075282 | P54: =$P$78/$J$78*J54 -> 1.1304764 | Q54: =$Q$78/$J$78*J54 -> 34.755076 | R54: =O54+P54+Q54 -> 36.006305 | S54: =N54+R54 -> 94.416305 | T54: 분양
G55: 39 | J55: =ROUNDDOWN(J54*0.3025,2) -> 12.08 | K55: =ROUNDDOWN(K54*0.3025,2) -> 1.1 | L55: =ROUNDDOWN(L54*0.3025,2) -> 4.47 | M55: =ROUNDDOWN(M54*0.3025,2) -> 5.58 | N55: =ROUNDDOWN(N54*0.3025,2) -> 17.66 | O55: =ROUNDDOWN(O54*0.3025,2) -> 0.03 | P55: =ROUNDDOWN(P54*0.3025,2) -> 0.34 | Q55: =ROUNDDOWN(Q54*0.3025,2) -> 10.51 | ... S55: =ROUNDDOWN(S54*0.3025,2) -> 28.56
E56: =H56/$H$76 -> 0.10862029 | G56: =ROUNDDOWN(N57,0) -> 21 | H56: 470 | I56: =H56/$H$78 -> 0.097977903 | J56: 49.95 | K56: 4.5 | L56: 16.6 | M56: =K56+L56 -> 21.1 | N56: =M56+J56 -> 71.05 | O56: =$O$78/$J$78*J56 -> 0.15094102 | P56: =$P$78/$J$78*J56 -> 1.4130955 | Q56: =$Q$78/$J$78*J56 -> 43.443845 | R56: =O56+P56+Q56 -> 45.007882 | S56: =N56+R56 -> 116.05788
G57: =ROUNDDOWN(J56,0) -> 49 | I57: =H56/$H$76 -> 0.10862029 | J57: =ROUNDDOWN(J56*0.3025,2) -> 15.1 | K57: =ROUNDDOWN(K56*0.3025,2) -> 1.36 | L57: =ROUNDDOWN(L56*0.3025,2) -> 5.02 | M57: =ROUNDDOWN(M56*0.3025,2) -> 6.38 | N57: =ROUNDDOWN(N56*0.3025,2) -> 21.49 | O57: =ROUNDDOWN(O56*0.3025,2) -> 0.04 | P57: =ROUNDDOWN(P56*0.3025,2) -> 0.42 | Q57: =ROUNDDOWN(Q56*0.3025,2) -> 13.14 | ... S57: =ROUNDDOWN(S56*0.3025,2) -> 35.1
E58: =H58/$H$76 -> 0.33510515 | G58: =ROUNDDOWN(N59,0) -> 25 | H58: 1450 | I58: =H58/$H$78 -> 0.30227225 | J58: 59.95 | K58: 5.8 | L58: 19.6 | M58: =K58+L58 -> 25.4 | N58: =M58+J58 -> 85.35 | O58: =$O$78/$J$78*J58 -> 0.18115945 | P58: =$P$78/$J$78*J58 -> 1.6959975 | Q58: =$Q$78/$J$78*J58 -> 52.141312 | R58: =O58+P58+Q58 -> 54.018469 | S58: =N58+R58 -> 139.36847
G59: =ROUNDDOWN(J58,0) -> 59 | I59: =H58/$H$76 -> 0.33510515 | J59: =ROUNDDOWN(J58*0.3025,2) -> 18.13 | K59: =ROUNDDOWN(K58*0.3025,2) -> 1.75 | L59: =ROUNDDOWN(L58*0.3025,2) -> 5.92 | M59: =ROUNDDOWN(M58*0.3025,2) -> 7.68 | N59: =ROUNDDOWN(N58*0.3025,2) -> 25.81 | O59: =ROUNDDOWN(O58*0.3025,2) -> 0.05 | P59: =ROUNDDOWN(P58*0.3025,2) -> 0.51 | Q59: =ROUNDDOWN(Q58*0.3025,2) -> 15.77 | ... S59: =ROUNDDOWN(S58*0.3025,2) -> 42.15
E60: =H60/$H$76 -> 0.1155535 | G60: =ROUNDDOWN(N61,0) -> 30 | H60: 500 | I60: =H60/$H$78 -> 0.10423181 | J60: 74 | K60: 7.12 | L60: 18.37 | M60: =K60+L60 -> 25.49 | N60: =J60+M60 -> 99.49 | O60: =$O$78/$J$78*J60 -> 0.22361633 | P60: =$P$78/$J$78*J60 -> 2.0934748 | Q60: =$Q$78/$J$78*J60 -> 64.361252 | R60: =O60+P60+Q60 -> 66.678343 | S60: =N60+R60 -> 166.16834
G61: =ROUNDDOWN(J60,0) -> 74 | I61: =H60/$H$76 -> 0.1155535 | J61: =ROUNDDOWN(J60*0.3025,2) -> 22.38 | K61: =ROUNDDOWN(K60*0.3025,2) -> 2.15 | L61: =ROUNDDOWN(L60*0.3025,2) -> 5.55 | M61: =ROUNDDOWN(M60*0.3025,2) -> 7.71 | N61: =ROUNDDOWN(N60*0.3025,2) -> 30.09 | O61: =ROUNDDOWN(O60*0.3025,2) -> 0.06 | P61: =ROUNDDOWN(P60*0.3025,2) -> 0.63 | Q61: =ROUNDDOWN(Q60*0.3025,2) -> 19.46 | ... S61: =ROUNDDOWN(S60*0.3025,2) -> 50.26
E62: =H62/$H$76 -> 0.3794777 | G62: =ROUNDDOWN(N63,0) -> 34 | H62: 1642 | I62: =H62/$H$78 -> 0.34229727 | J62: 84.95 | K62: 7.74 | L62: 22.4 | M62: =K62+L62 -> 30.14 | N62: =J62+M62 -> 115.09 | O62: =$O$78/$J$78*J62 -> 0.2567055 | P62: =$P$78/$J$78*J62 -> 2.4032525 | Q62: =$Q$78/$J$78*J62 -> 73.884978 | R62: =O62+P62+Q62 -> 76.544936 | S62: =N62+R62 -> 191.63494
G63: =ROUNDDOWN(J62,0) -> 84 | I63: =H62/$H$76 -> 0.3794777 | J63: =ROUNDDOWN(J62*0.3025,2) -> 25.69 | K63: =ROUNDDOWN(K62*0.3025,2) -> 2.34 | L63: =ROUNDDOWN(L62*0.3025,2) -> 6.77 | M63: =ROUNDDOWN(M62*0.3025,2) -> 9.11 | N63: =ROUNDDOWN(N62*0.3025,2) -> 34.81 | O63: =ROUNDDOWN(O62*0.3025,2) -> 0.07 | P63: =ROUNDDOWN(P62*0.3025,2) -> 0.72 | Q63: =ROUNDDOWN(Q62*0.3025,2) -> 22.35 | ... S63: =ROUNDDOWN(S62*0.3025,2) -> 57.96
E64: =C64/$H$78 -> 0 | G64: =ROUNDDOWN(N65,0) -> 40 | I64: =H64/$H$78 -> 0 | J64: 102.98 | K64: 8.72 | L64: 22.8 | M64: =K64+L64 -> 31.52 | N64: =J64+M64 -> 134.5 | O64: =$O$78/$J$78*J64 -> 0.31118932 | P64: =$P$78/$J$78*J64 -> 2.9133248 | Q64: =$Q$78/$J$78*J64 -> 89.56651 | R64: =O64+P64+Q64 -> 92.791024 | S64: =N64+R64 -> 227.29102
G65: =ROUNDDOWN(J64,0) -> 102 | J65: =ROUNDDOWN(J64*0.3025,2) -> 31.15 | K65: =ROUNDDOWN(K64*0.3025,2) -> 2.63 | L65: =ROUNDDOWN(L64*0.3025,2) -> 6.89 | M65: =ROUNDDOWN(M64*0.3025,2) -> 9.53 | N65: =ROUNDDOWN(N64*0.3025,2) -> 40.68 | O65: =ROUNDDOWN(O64*0.3025,2) -> 0.09 | P65: =ROUNDDOWN(P64*0.3025,2) -> 0.88 | Q65: =ROUNDDOWN(Q64*0.3025,2) -> 27.09 | ... S65: =ROUNDDOWN(S64*0.3025,2) -> 68.75
E66: =H66/$H$76 -> 0.061243356 | G66: =ROUNDDOWN(N67,0) -> 46 | H66: 265 | I66: =H66/$H$78 -> 0.05524286 | J66: 120.95 | K66: 8.5 | L66: 25.5 | M66: =K66+L66 -> 34 | N66: =J66+M66 -> 154.95 | O66: =$O$78/$J$78*J66 -> 0.36549183 | P66: =$P$78/$J$78*J66 -> 3.4216997 | Q66: =$Q$78/$J$78*J66 -> 105.19586 | R66: =O66+P66+Q66 -> 108.98305 | S66: =N66+R66 -> 263.93305
G67: =ROUNDDOWN(J66,0) -> 120 | I67: =H66/$H$76 -> 0.061243356 | J67: =ROUNDDOWN(J66*0.3025,2) -> 36.58 | K67: =ROUNDDOWN(K66*0.3025,2) -> 2.57 | L67: =ROUNDDOWN(L66*0.3025,2) -> 7.71 | M67: =ROUNDDOWN(M66*0.3025,2) -> 10.28 | N67: =ROUNDDOWN(N66*0.3025,2) -> 46.87 | O67: =ROUNDDOWN(O66*0.3025,2) -> 0.11 | P67: =ROUNDDOWN(P66*0.3025,2) -> 1.03 | Q67: =ROUNDDOWN(Q66*0.3025,2) -> 31.82 | ... S67: =ROUNDDOWN(S66*0.3025,2) -> 79.83
E68: =C68/$H$78 -> 0 | G68: =ROUNDDOWN(N69,0) -> 47 | I68: =H68/$H$78 -> 0 | J68: 120.97 | K68: 10.72 | L68: 24.8 | M68: =K68+L68 -> 35.52 | N68: =J68+M68 -> 156.49 | O68: =$O$78/$J$78*J68 -> 0.36555226 | P68: =$P$78/$J$78*J68 -> 3.4222655 | Q68: =$Q$78/$J$78*J68 -> 105.21325 | R68: =O68+P68+Q68 -> 109.00107 | S68: =N68+R68 -> 265.49107
G69: =ROUNDDOWN(J68,0) -> 120 | J69: =ROUNDDOWN(J68*0.3025,2) -> 36.59 | K69: =ROUNDDOWN(K68*0.3025,2) -> 3.24 | L69: =ROUNDDOWN(L68*0.3025,2) -> 7.5 | M69: =ROUNDDOWN(M68*0.3025,2) -> 10.74 | N69: =ROUNDDOWN(N68*0.3025,2) -> 47.33 | O69: =ROUNDDOWN(O68*0.3025,2) -> 0.11 | P69: =ROUNDDOWN(P68*0.3025,2) -> 1.03 | Q69: =ROUNDDOWN(Q68*0.3025,2) -> 31.82 | ... S69: =ROUNDDOWN(S68*0.3025,2) -> 80.31
E70: =C70/$H$78 -> 0 | G70: =ROUNDDOWN(N71,0) -> 52 | I70: =H70/$H$78 -> 0 | J70: 137.35 | K70: 11.28 | L70: 25.54 | M70: =K70+L70 -> 36.82 | N70: =J70+M70 -> 174.17 | O70: =$O$78/$J$78*J70 -> 0.41505004 | P70: =$P$78/$J$78*J70 -> 3.885659 | Q70: =$Q$78/$J$78*J70 -> 119.4597 | R70: =O70+P70+Q70 -> 123.76041 | S70: =N70+R70 -> 297.93041
G71: =ROUNDDOWN(J70,0) -> 137 | J71: =ROUNDDOWN(J70*0.3025,2) -> 41.54 | K71: =ROUNDDOWN(K70*0.3025,2) -> 3.41 | L71: =ROUNDDOWN(L70*0.3025,2) -> 7.72 | M71: =ROUNDDOWN(M70*0.3025,2) -> 11.13 | N71: =ROUNDDOWN(N70*0.3025,2) -> 52.68 | O71: =ROUNDDOWN(O70*0.3025,2) -> 0.12 | P71: =ROUNDDOWN(P70*0.3025,2) -> 1.17 | Q71: =ROUNDDOWN(Q70*0.3025,2) -> 36.13 | ... S71: =ROUNDDOWN(S70*0.3025,2) -> 90.12
E72: =C72/$H$75 -> #DIV/0! | G72: =ROUNDDOWN(N73,0) -> 62 | I72: =H72/$H$75 -> #DIV/0! | J72: 165.89 | K72: 13.45 | L72: 26.42 | M72: =K72+L72 -> 39.87 | N72: =J72+M72 -> 205.76 | O72: =$O$75/$J$75*J72 -> 0.48287642 | P72: =$P$75/$J$75*J72 -> 4.6531728 | Q72: =$Q$75/$J$75*J72 -> 144.29225 | R72: =O72+P72+Q72 -> 149.4283 | S72: =N72+R72 -> 355.1883
G73: =ROUNDDOWN(J72,0) -> 165 | J73: =ROUNDDOWN(J72*0.3025,2) -> 50.18 | K73: =ROUNDDOWN(K72*0.3025,2) -> 4.06 | L73: =ROUNDDOWN(L72*0.3025,2) -> 7.99 | M73: =ROUNDDOWN(M72*0.3025,2) -> 12.06 | N73: =ROUNDDOWN(N72*0.3025,2) -> 62.24 | O73: =ROUNDDOWN(O72*0.3025,2) -> 0.14 | P73: =ROUNDDOWN(P72*0.3025,2) -> 1.4 | Q73: =ROUNDDOWN(Q72*0.3025,2) -> 43.64 | ... S73: =ROUNDDOWN(S72*0.3025,2) -> 107.44
E74: =C74/$H$78 -> 0 | G74: =ROUNDDOWN(N75,0) -> 49 | I74: =H74/$H$78 -> 0 | J74: 124.94 | K74: 11.85 | L74: 27.85 | M74: =K74+L74 -> 39.7 | N74: =J74+M74 -> 164.64 | O74: =$O$78/$J$78*J74 -> 0.37754898 | P74: =$P$78/$J$78*J74 -> 3.5345776 | Q74: =$Q$78/$J$78*J74 -> 108.66615 | R74: =O74+P74+Q74 -> 112.57827 | S74: =N74+R74 -> 277.21827 | V74: =N52+N76 -> 477009.63
G75: =ROUNDDOWN(J74,0) -> 124 | J75: =ROUNDDOWN(J74*0.3025,2) -> 37.79 | K75: =ROUNDDOWN(K74*0.3025,2) -> 3.58 | L75: =ROUNDDOWN(L74*0.3025,2) -> 8.42 | M75: =ROUNDDOWN(M74*0.3025,2) -> 12 | N75: =ROUNDDOWN(N74*0.3025,2) -> 49.8 | O75: =ROUNDDOWN(O74*0.3025,2) -> 0.11 | P75: =ROUNDDOWN(P74*0.3025,2) -> 1.06 | Q75: =ROUNDDOWN(Q74*0.3025,2) -> 32.87 | ... S75: =ROUNDDOWN(S74*0.3025,2) -> 83.85 | V75: =R52+R76 -> 313091
E76: =E56+E58+E60+E62+E66 -> 1 | G76: 소 계 | H76: =SUM(H54:H75) -> 4327 | I76: =I56+I58+I60+I62+I66 -> 0.9020221 | J76: =SUMPRODUCT(H54:H75,J54:J75) -> 318943.65 | K76: =SUMPRODUCT(H54:H75,K54:K75) -> 29046.58 | L76: =SUMPRODUCT(H54:H75,L54:L75) -> 88945.3 | M76: =K76+L76 -> 117991.88 | N76: =J76+M76 -> 436935.53 | O76: =SUMPRODUCT(H54:H75,O54:O75) -> 963.79742 | P76: =SUMPRODUCT(H54:H75,P54:P75) -> 9022.9796 | Q76: =SUMPRODUCT(H54:H75,Q54:Q75) -> 277400.17 | R76: =O76+P76+Q76 -> 287386.95 | S76: =N76+R76 -> 724322.48 | V76: =S52+S76 -> 790100.63
I77: =H76/$H$76 -> 1 | J77: =ROUNDDOWN(J76*0.3025,2) -> 96480.45 | K77: =ROUNDDOWN(K76*0.3025,2) -> 8786.59 | L77: =ROUNDDOWN(L76*0.3025,2) -> 26905.95 | M77: =ROUNDDOWN(M76*0.3025,2) -> 35692.54 | N77: =ROUNDDOWN(N76*0.3025,2) -> 132172.99 | O77: =ROUNDDOWN(O76*0.3025,2) -> 291.54 | P77: =ROUNDDOWN(P76*0.3025,2) -> 2729.45 | Q77: =ROUNDDOWN(Q76*0.3025,2) -> 83913.55 | ... S77: =ROUNDDOWN(S76*0.3025,2) -> 219107.54
G78: 합 계 | H78: =H52+H76 -> 4797 | I78: =I52+I76 -> 1 | J78: =J52+J76 -> 347470.15 | K78: =K52+K76 -> 31700.18 | L78: =L52+L76 -> 97839.3 | M78: =K78+L78 -> 129539.48 | N78: =J78+M78 -> 477009.63 | O78: 1050 | P78: =R6+R7+R8+R9+R10+R11+R12 -> 9830 | Q78: =(R18*V17) -> 302211 | R78: =O78+P78+Q78 -> 313091 | S78: =N78+R78 -> 790100.63
J79: =ROUNDDOWN(J78*0.3025,2) -> 105109.72 | K79: =ROUNDDOWN(K78*0.3025,2) -> 9589.3 | L79: =ROUNDDOWN(L78*0.3025,2) -> 29596.38 | M79: =ROUNDDOWN(M78*0.3025,2) -> 39185.69 | N79: =ROUNDDOWN(N78*0.3025,2) -> 144295.41 | O79: =ROUNDDOWN(O78*0.3025,2) -> 317.62 | P79: =ROUNDDOWN(P78*0.3025,2) -> 2973.57 | Q79: =ROUNDDOWN(Q78*0.3025,2) -> 91418.82 | ... S79: =ROUNDDOWN(S78*0.3025,2) -> 239005.44
G81: ■ 근린생활시설 면적표
G82: 구 분 | I82: 전용면적 | K82: 공용면적 | M82: 소 계 | O82: 기타공용 (기전실) | P82: 지하주차장 | Q82: 합 계 | S82: 비 고
G83: 문화 및 집회시설 | I83: =M83*0.7 -> 0 | K83: =M83*0.3 -> 0 | M83: 0 | O83: =M83*0.15 -> 0 | P83: =#REF!*42 -> #REF! | Q83: =SUM(M83:P83) -> #REF!
I84: =I83*0.3025 -> 0 | K84: =K83*0.3025 -> 0 | M84: =M83*0.3025 -> 0 | O84: =O83*0.3025 -> 0 | P84: =P83*0.3025 -> #REF! | Q84: =Q83*0.3025 -> #REF!
G85: 근린생활시설 | H85: 지상 | I85: =M85*0.7 -> 840 | K85: =M85*0.3 -> 360 | M85: 1200 | O85: 0 | P85: 0 | Q85: =SUM(M85:P85) -> 1200
I86: =I85*0.3025 -> 254.1 | K86: =K85*0.3025 -> 108.9 | M86: =M85*0.3025 -> 363 | O86: =O85*0.3025 -> 0 | P86: =P85*0.3025 -> 0 | Q86: =Q85*0.3025 -> 363
H87: 지하 | I87: =M87*0.7 -> 2800 | K87: =M87*0.3 -> 1200 | M87: 4000 | O87: =O89 -> 900 | P87: =R24*V17 -> 2310 | Q87: =SUM(M87:P87) -> 7210
I88: =I87*0.3025 -> 847 | K88: =K87*0.3025 -> 363 | M88: =M87*0.3025 -> 1210 | O88: =O87*0.3025 -> 272.25 | P88: =P87*0.3025 -> 698.775 | Q88: =Q87*0.3025 -> 2181.025
G89: 합 계 | I89: =M89*0.7 -> 3640 | K89: =M89*0.3 -> 1560 | M89: =M85+M87 -> 5200 | O89: 900 | P89: =P87 -> 2310 | Q89: =SUM(M89:P89) -> 8410
I90: =I89*0.3025 -> 1101.1 | K90: =K89*0.3025 -> 471.9 | M90: =M89*0.3025 -> 1573 | O90: =O89*0.3025 -> 272.25 | P90: =P89*0.3025 -> 698.775 | Q90: =Q89*0.3025 -> 2544.025
J92: =H56*J56+J58*H58+H60*J60+J62*H62+H66*J66 -> 318943.65 | K92: =H56*K56+K58*H58+H60*K60+K62*H62+H66*K66 -> 29046.58
H95: =H38+H58 -> 1450 | I95: =I38+I58 -> 0.30227225 | M95: =M52+M76 -> 129539.48 | N95: =N52+N76 -> 477009.63 | O95: =O52+O76 -> 1050 | P95: =P52+P76 -> 9830 | Q95: =Q52+Q76 -> 302211 | R95: =R52+R76 -> 313091 | S95: =S52+S76 -> 790100.63
H96: =H58+H60+H64 -> 1950
M101: 주택건설기준등에 관한 규정
N102: 0 | O102: 300 | P102: 500 | Q102: 1000 | R102: 2000
N103: 300세대 미만 | O103: 300~500세대 미만 | P103: 500~1000세대 미만 | Q103: 1000~2000세대 미만 | R103: 2000세대 이상
M104: 진입도로 | N104: 6 | O104: 8 | P104: 12 | Q104: 15 | R104: 20
M107: 필수 주민공동시설 세부면적기준
N108: 0 | O108: 150 | P108: 300 | Q108: 500 | R108: 1000 | S108: 1500
N109: 150세대 미만 | O109: 150~300세대 미만 | P109: 300~500세대 미만 | Q109: 500~1000세대 미만 | R109: 1000~1500세대 미만 | S109: 1500세대 이상
M110: 경로당 | N110: 0 | O110: =50+(H78*0.1) -> 529.7 | P110: 155 | Q110: 225 | R110: 375 | S110: 500
M111: 어린이집 | N111: 0 | O111: 0 | P111: 198 | Q111: 330 | R111: 580 | S111: 725
M112: 작은도서관 | N112: 0 | O112: 0 | P112: 108 | Q112: 158 | R112: 203 | S112: 298
...

Sheet 설계개요(alt2) (조정)
G2: ■ 설 계 개 요 (4802세대) | N2: ■ 부대복리시설 | S2: 44762
E3: 0.7 | G3: 사업명 | H3: 마포구 성산시영아파트 재건축정비사업 | N3: 구 분 | P3: 법적 설치기준 및 지침기준 | R3: 설치계획 | S3: 비고
E4: =J23/(J14*E3) -> 2.6878451 | G4: 대지위치 | H4: 서울특별시 마포구 성산동 446일대 | N4: 진입도로 | O4: =INDEX($N$103:$R$103,MATCH($H$78,$N$102:$R$102,1)) -> 2000세대 이상 | R4: =INDEX($N$104:$R$104,MATCH($H$78,$N$102:$R$102,1)) -> 20
G5: 지역지구 | H5: 제3종 일반주거지역 | N5: 단지내도로 | O5: 폭 7m 이상 | R5: 7M도로
G6: 건축규모 | H6: 지상 35층 / | I6: =ROUNDUP(E4,0) -> 3 | N6: 관리사무소 | O6: =H78 -> 4802 | Q6: =IF(H78>=50, ROUNDUP((10+(H78-50)*0.05),2), "해당없음") -> 247.6 | R6: 280 | S6: (방재실, MDF포함)
G7: 용도 | H7: 공동주택 및 부대복리시설, 근린생활시설 | N7: 경 비 실 | R7: 280
G8: 대 지 면 적 | H8: 사업면적 | J8: 182618.4 | K8: =ROUNDDOWN(J8*0.3025,2) -> 55242.06 | L8: =J8/$J$8 -> 1 | N8: 경 로 당 | O8: 주민공동시설 총량제 | P8: 1,500세대 이상 (서울시 주택조례) | Q8: 500 | R8: 1100 | S8: *서울시 용적률완화적용
H9: 제외면적 | I9: 도로 | J9: 6830.9 | K9: =ROUNDDOWN(J9*0.3025,2) -> 2066.34 | L9: =J9/$J$8 -> 0.037405322 | N9: 어린이집 | Q9: 725 | R9: 1400 | S9: *서울시 용적률완화적용
C10: 1000세대이상 | D10: 3 | E10: =$H$78*D10 -> 14406 | I10: 유치원 | J10: 1000 | K10: =ROUNDDOWN(J10*0.3025,2) -> 302.5 | L10: =J10/$J$8 -> 0.0054758995 | N10: 작은도서관 | Q10: 298 | R10: 650
I11: 공원 | J11: =(H78*3)+30 -> 14436 | K11: =ROUNDDOWN(J11*0.3025,2) -> 4366.89 | L11: =J11/$J$8 -> 0.079050085 | N11: 다함께돌봄센터 | P11: =IF(H78>=500,"500세대이상 의무설치", "해당없음") -> 500세대이상 의무설치 | Q11: =IF(H78>=500,"66㎡ 이상", "해당없음") -> 66㎡ 이상 | R11: 600
N12: 주민공동시설 | R12: 5500
I13: 소계 | J13: =SUM(J9:J12) -> 22266.9 | K13: =ROUNDDOWN(J13*0.3025,2) -> 6735.73 | L13: =J13/$J$8 -> 0.12193131 | N13: 주민운동시설(옥외) | P13: =IF(H78>=500,"500세대이상 의무설치", "해당없음") -> 500세대이상 의무설치 | R13: 3800
H14: 실사용 대지면적 | J14: =J8-J13 -> 160351.5 | K14: =ROUNDDOWN(J14*0.3025,2) -> 48506.32 | L14: =J14/$J$8 -> 0.87806869 | N14: 어린이놀이터(옥외) | P14: =IF(H78<100,"해당없음",IF(H78<300,"지역여건에 맞게 설치",IF(H78<1000,"200㎡+세대당 1㎡",IF(H78>1000,"500㎡+세대당 0.7㎡")))) -> 500㎡+세대당 0.7㎡ | Q14: =500+(H78*0.7) -> 3861.4 | R14: 3700
C15: 120698 | G15: 연 면 적 | H15: 구 분 | J15: 계 획 | L15: 비 율 | N15: 총량검토 | O15: (500㎡+세대당 x 2㎡) x 1.25이상 설치 | Q15: =500+($H$78*2)*1.25 -> 12505 | R15: =R8+R9+R10+R11+R12+R13+R14 -> 16750 | S15: 총량제 면적 (관리사무소 제외)
C16: 93504.3 | D16: =C16/C15 -> 0.77469635 | H16: 아파트 | I16: 지상 | J16: =N78+R8+R9+R7 -> 479863.6 | K16: =ROUNDDOWN(J16*0.3025,2) -> 145158.73 | L16: =J16/$J$22 -> 0.99255373 | N16: 조경시설 | O16: 대지면적 x 0.15 | Q16: =J14*0.15 -> 24052.725 | R16: =ROUNDUP(Q16,-2)+100 -> 24200 | V16: 주차대당
I17: 지하 | J17: =O78+Q78+R6+R10+R12+R11 -> 296200 | K17: =ROUNDDOWN(J17*0.3025,2) -> 89600.5 | N17: 유치원 | R17: 1000 | S17: *유치원용지 계획 | V17: 40
I18: 소계 | J18: =SUM(J16:J17) -> 776063.6 | K18: =ROUNDDOWN(J18*0.3025,2) -> 234759.23 | N18: 주차대수 | O18: 면적기준 | P18: 85㎡이하 전용/75 | Q18: =ROUNDUP((SUMPRODUCT(H36:H51,J36:J51)+SUMPRODUCT(H56:H63,J56:J63))/75,0) -> 4335 | R18: =H78*S18 -> 7203 | S18: 1.5
H19: 근린생활시설 | I19: 지상 | J19: =M85 -> 3600 | K19: =ROUNDDOWN(J19*0.3025,2) -> 1089 | L19: =J19/$J$22 -> 0.007446269 | P19: 85㎡초과 전용/65 | Q19: =ROUNDUP((SUMPRODUCT(H64:H75,J64:J75))/65,0) -> 475
I20: 지하 | J20: =M87+O89+P89 -> 5500 | K20: =ROUNDDOWN(J20*0.3025,2) -> 1663.75 | P20: 소 계 | Q20: =SUM(Q18:Q19) -> 4810
I21: 소계 | J21: =J19+J20 -> 9100 | K21: =ROUNDDOWN(J21*0.3025,2) -> 2752.75 | O21: 세대기준 | P21: 세대당0.8대(전용60㎡이하) | Q21: =(SUM(H36:H47)+SUM(H56:H59))*0.8 -> 1577.6
H22: 합계 | I22: 지상 | J22: =J16+J19 -> 483463.6 | K22: =ROUNDDOWN(J22*0.3025,2) -> 146247.73 | L22: =J22/$J$22 -> 1 | P22: 세대당1대(전용60㎡초과) | Q22: =(SUM(H48:H51)+SUM(H60:H75))*1 -> 2830
I23: 지하 | J23: =J17+J20 -> 301700 | K23: =ROUNDDOWN(J23*0.3025,2) -> 91264.25 | P23: 소 계 | Q23: =SUM(Q21:Q22) -> 4407.6
I24: 합계 | J24: =J18+J21 -> 785163.6 | K24: =ROUNDDOWN(J24*0.3025,2) -> 237511.98 | O24: 근린생활시설 | P24: 134 | Q24: =(M89+O89)/P24 -> 50 | R24: =ROUNDUP(Q24*S24,0) -> 60 | S24: 1.2
O25: 합 계 | Q25: =Q20+Q24 -> 4860 | R25: =SUM(R18+R24) -> 7263
G26: 건축면적 | H26: =J14*0.2842 -> 45571.896 | K26: =ROUNDDOWN(H26*0.3025,2) -> 13785.49 | L26: 50
G27: 건폐율 | H27: =H26/J14 -> 0.2842 | N27: 재건축 소택임대비율 | O27: =H29 -> 2.9994331 | P27: 2.5 | Q27: 2 | R27: =(O27-P27)/Q27 -> 0.24971656 | S27: =R28 -> 40042.425 | T27: =P29+P30+P31 -> 483
G28: 용적률 산정 연면적 | H28: =J22-R8-R9 -> 480963.6 | K28: =ROUNDDOWN(H28*0.3025,2) -> 145491.48 | L28: 법적상한용적률 ( 300% 이하 ) | P28: =J14 -> 160351.5 | Q28: =R27 -> 0.24971656 | R28: =P28*Q28 -> 40042.425
G29: 용 적 율 | H29: =H28/J14 -> 2.9994331 | O29: =G45 -> 49 | P29: =H42 -> 193 | Q29: =N42 -> 68.25 | R29: =P29*Q29 -> 13172.25 | S29: =R29+R30+R31 -> 40075.75 | V29: =S29-S27 -> 33.325
G30: 세 대 수 | H30: =H78 -> 4802 | O30: =G47 -> 59 | P30: =H46 -> 190 | Q30: =N46 -> 82.15 | R30: =P30*Q30 -> 15608.5
G31: 주차대수 | H31: =R25 -> 7263 | L31: =$R$18/$H$78 -> 1.5 | O31: =G51 -> 84 | P31: =H50 -> 100 | Q31: =N50 -> 112.95 | R31: =P31*Q31 -> 11295
G33: ■ 아파트 분양면적표
G34: 구 분 | H34: 세대수 | I34: 세대비 | J34: 주거전용 | K34: 주 거 공 용 면 적 | N34: 공급면적 | O34: 기타공용면적 | R34: 소 계 | S34: 계약면적 | T34: 비 고
K35: 벽체공용 | L35: 코어공용 | M35: 소 계 | O35: 기계,전기실 | P35: 부대복리시설 | Q35: 지하주차장
E36: =ROUNDUP(H78*0.05,0) -> 241 | F36: =H36/#REF! -> #REF! | G36: =ROUNDDOWN(N37,0) -> 17 | I36: =H36/$H$78 -> 0 | J36: =J54 -> 39.96 | K36: =K54 -> 3.65 | L36: =L54 -> 14.8 | M36: =K36+L36 -> 18.45 | N36: =J36+M36 -> 58.41 | O36: =$O$78/$J$78*J36 -> 0.11787056 | P36: =$P$78/$J$78*J36 -> 1.1012478 | Q36: =$Q$78/$J$78*J36 -> 32.343682 | R36: =O36+P36+Q36 -> 33.5628 | S36: =N36+R36 -> 91.9728 | T36: 의무임대
G37: 39 | J37: =ROUNDDOWN(J36*0.3025,2) -> 12.08 | K37: =ROUNDDOWN(K36*0.3025,2) -> 1.1 | L37: =ROUNDDOWN(L36*0.3025,2) -> 4.47 | M37: =ROUNDDOWN(M36*0.3025,2) -> 5.58 | N37: =ROUNDDOWN(N36*0.3025,2) -> 17.66 | O37: =ROUNDDOWN(O36*0.3025,2) -> 0.03 | P37: =ROUNDDOWN(P36*0.3025,2) -> 0.33 | Q37: =ROUNDDOWN(Q36*0.3025,2) -> 9.78 | ... S37: =ROUNDDOWN(S36*0.3025,2) -> 27.82
F38: =H38/#REF! -> #REF! | G38: =ROUNDDOWN(N39,0) -> 20 | I38: =H38/$H$78 -> 0 | J38: =J56 -> 49.9 | K38: =K56 -> 3.85 | L38: =L56 -> 14.9 | M38: =K38+L38 -> 18.75 | N38: =M38+J38 -> 68.65 | O38: =$O$78/$J$78*J38 -> 0.14719071 | P38: =$P$78/$J$78*J38 -> 1.3751818 | Q38: =$Q$78/$J$78*J38 -> 40.389132 | R38: =O38+P38+Q38 -> 41.911504 | S38: =N38+R38 -> 110.5615
G39: =ROUNDDOWN(J38,0) -> 49 | J39: =ROUNDDOWN(J38*0.3025,2) -> 15.09 | K39: =ROUNDDOWN(K38*0.3025,2) -> 1.16 | L39: =ROUNDDOWN(L38*0.3025,2) -> 4.5 | M39: =ROUNDDOWN(M38*0.3025,2) -> 5.67 | N39: =ROUNDDOWN(N38*0.3025,2) -> 20.76 | O39: =ROUNDDOWN(O38*0.3025,2) -> 0.04 | P39: =ROUNDDOWN(P38*0.3025,2) -> 0.41 | Q39: =ROUNDDOWN(Q38*0.3025,2) -> 12.21 | ... S39: =ROUNDDOWN(S38*0.3025,2) -> 33.44
F40: =H40/#REF! -> #REF! | G40: =ROUNDDOWN(N41,0) -> 24 | I40: =H40/$H$78 -> 0 | J40: =J58 -> 59.95 | K40: =K58 -> 5.8 | L40: =L58 -> 16.4 | M40: =K40+L40 -> 22.2 | N40: =M40+J40 -> 82.15 | O40: =$O$78/$J$78*J40 -> 0.17683534 | P40: =$P$78/$J$78*J40 -> 1.6521473 | Q40: =$Q$78/$J$78*J40 -> 48.523616 | R40: =O40+P40+Q40 -> 50.352599 | S40: =N40+R40 -> 132.5026
G41: =ROUNDDOWN(J40,0) -> 59 | J41: =ROUNDDOWN(J40*0.3025,2) -> 18.13 | K41: =ROUNDDOWN(K40*0.3025,2) -> 1.75 | L41: =ROUNDDOWN(L40*0.3025,2) -> 4.96 | M41: =ROUNDDOWN(M40*0.3025,2) -> 6.71 | N41: =ROUNDDOWN(N40*0.3025,2) -> 24.85 | O41: =ROUNDDOWN(O40*0.3025,2) -> 0.05 | P41: =ROUNDDOWN(P40*0.3025,2) -> 0.49 | Q41: =ROUNDDOWN(Q40*0.3025,2) -> 14.67 | ... S41: =ROUNDDOWN(S40*0.3025,2) -> 40.08
E42: =H42/$H$52 -> 0.39958592 | G42: =ROUNDDOWN(N43,0) -> 20 | H42: 193 | I42: =H42/$H$78 -> 0.040191587 | J42: 49.9 | K42: 3.85 | L42: 14.5 | M42: =K42+L42 -> 18.35 | N42: =M42+J42 -> 68.25 | O42: =$O$78/$J$78*J42 -> 0.14719071 | P42: =$P$78/$J$78*J42 -> 1.3751818 | Q42: =$Q$78/$J$78*J42 -> 40.389132 | R42: =O42+P42+Q42 -> 41.911504 | S42: =N42+R42 -> 110.1615 | T42: 임대 | U42: =J42/N42 -> 0.73113553
G43: =ROUNDDOWN(J42,0) -> 49 | I43: =H42/$H$52 -> 0.39958592 | J43: =ROUNDDOWN(J42*0.3025,2) -> 15.09 | K43: =ROUNDDOWN(K42*0.3025,2) -> 1.16 | L43: =ROUNDDOWN(L42*0.3025,2) -> 4.38 | M43: =ROUNDDOWN(M42*0.3025,2) -> 5.55 | N43: =ROUNDDOWN(N42*0.3025,2) -> 20.64 | O43: =ROUNDDOWN(O42*0.3025,2) -> 0.04 | P43: =ROUNDDOWN(P42*0.3025,2) -> 0.41 | Q43: =ROUNDDOWN(Q42*0.3025,2) -> 12.21 | ... S43: =ROUNDDOWN(S42*0.3025,2) -> 33.32
E44: =C44/$H$78 -> 0 | G44: =ROUNDDOWN(N43,0) -> 20 | I44: =H44/$H$78 -> 0
G45: =ROUNDDOWN(J42,0) -> 49
E46: =H46/$H$52 -> 0.39337474 | G46: =ROUNDDOWN(N47,0) -> 24 | H46: 190 | I46: =H46/$H$78 -> 0.039566847 | J46: =J58 -> 59.95 | K46: =K58 -> 5.8 | L46: 16.4 | M46: =K46+L46 -> 22.2 | N46: =M46+J46 -> 82.15 | O46: =$O$78/$J$78*J46 -> 0.17683534 | P46: =$P$78/$J$78*J46 -> 1.6521473 | Q46: =$Q$78/$J$78*J46 -> 48.523616 | R46: =O46+P46+Q46 -> 50.352599 | S46: =N46+R46 -> 132.5026 | U46: =J46/N46 -> 0.72976263
G47: =ROUNDDOWN(J46,0) -> 59 | I47: =H46/$H$52 -> 0.39337474 | J47: =ROUNDDOWN(J46*0.3025,2) -> 18.13 | K47: =ROUNDDOWN(K46*0.3025,2) -> 1.75 | L47: =ROUNDDOWN(L46*0.3025,2) -> 4.96 | M47: =ROUNDDOWN(M46*0.3025,2) -> 6.71 | N47: =ROUNDDOWN(N46*0.3025,2) -> 24.85 | O47: =ROUNDDOWN(O46*0.3025,2) -> 0.05 | P47: =ROUNDDOWN(P46*0.3025,2) -> 0.49 | Q47: =ROUNDDOWN(Q46*0.3025,2) -> 14.67 | ... S47: =ROUNDDOWN(S46*0.3025,2) -> 40.08
E48: =C48/$H$78 -> 0 | G48: =ROUNDDOWN(N49,0) -> 30 | I48: =H48/$H$78 -> 0 | J48: =J60 -> 74 | K48: =K60 -> 6.8 | L48: =L60 -> 18.5 | M48: =K48+L48 -> 25.3 | N48: =M48+J48 -> 99.3 | O48: =$O$78/$J$78*J48 -> 0.21827881 | P48: =$P$78/$J$78*J48 -> 2.0393478 | Q48: =$Q$78/$J$78*J48 -> 59.895707 | R48: =O48+P48+Q48 -> 62.153333 | S48: =N48+R48 -> 161.45333
G49: =ROUNDDOWN(J48,0) -> 74 | J49: =ROUNDDOWN(J48*0.3025,2) -> 22.38 | K49: =ROUNDDOWN(K48*0.3025,2) -> 2.05 | L49: =ROUNDDOWN(L48*0.3025,2) -> 5.59 | M49: =ROUNDDOWN(M48*0.3025,2) -> 7.65 | N49: =ROUNDDOWN(N48*0.3025,2) -> 30.03 | O49: =ROUNDDOWN(O48*0.3025,2) -> 0.06 | P49: =ROUNDDOWN(P48*0.3025,2) -> 0.61 | Q49: =ROUNDDOWN(Q48*0.3025,2) -> 18.11 | ... S49: =ROUNDDOWN(S48*0.3025,2) -> 48.83
E50: =H50/$H$52 -> 0.20703934 | G50: =ROUNDDOWN(N51,0) -> 34 | H50: 100 | I50: =H50/$H$78 -> 0.020824656 | J50: =J62 -> 84.95 | K50: 7.5 | L50: 20.5 | M50: =K50+L50 -> 28 | N50: =M50+J50 -> 112.95 | O50: =$O$78/$J$78*J50 -> 0.25057818 | P50: =$P$78/$J$78*J50 -> 2.3411161 | Q50: =$Q$78/$J$78*J50 -> 68.758652 | R50: =O50+P50+Q50 -> 71.350347 | S50: =N50+R50 -> 184.30035 | U50: =J50/N50 -> 0.7521027
G51: =ROUNDDOWN(J50,0) -> 84 | I51: =H50/$H$52 -> 0.20703934 | J51: =ROUNDDOWN(J50*0.3025,2) -> 25.69 | K51: =ROUNDDOWN(K50*0.3025,2) -> 2.26 | L51: =ROUNDDOWN(L50*0.3025,2) -> 6.2 | M51: =ROUNDDOWN(M50*0.3025,2) -> 8.47 | N51: =ROUNDDOWN(N50*0.3025,2) -> 34.16 | O51: =ROUNDDOWN(O50*0.3025,2) -> 0.07 | P51: =ROUNDDOWN(P50*0.3025,2) -> 0.7 | Q51: =ROUNDDOWN(Q50*0.3025,2) -> 20.79 | ... S51: =ROUNDDOWN(S50*0.3025,2) -> 55.75
E52: =SUM(E42:E51) -> 1 | G52: 소 계 | H52: =SUM(H36:H51) -> 483 | I52: =I42+I46+I50 -> 0.10058309 | J52: =SUMPRODUCT(H36:H51,J36:J51) -> 29516.2 | K52: =SUMPRODUCT(H36:H51,K36:K51) -> 2595.05 | L52: =SUMPRODUCT(H36:H51,L36:L51) -> 7964.5 | M52: =K52+L52 -> 10559.55 | N52: =J52+M52 -> 40075.75 | O52: =SUMPRODUCT(H36:H51,O36:O51) -> 87.06434 | P52: =SUMPRODUCT(H36:H51,P36:P51) -> 813.42969 | Q52: =SUMPRODUCT(H36:H51,Q36:Q51) -> 23890.455 | R52: =O52+P52+Q52 -> 24790.949 | S52: =N52+R52 -> 64866.699
I53: =I43+I47+I51 -> 1 | J53: =ROUNDDOWN(J52*0.3025,2) -> 8928.65 | K53: =ROUNDDOWN(K52*0.3025,2) -> 785 | L53: =ROUNDDOWN(L52*0.3025,2) -> 2409.26 | M53: =ROUNDDOWN(M52*0.3025,2) -> 3194.26 | N53: =ROUNDDOWN(N52*0.3025,2) -> 12122.91 | O53: =ROUNDDOWN(O52*0.3025,2) -> 26.33 | P53: =ROUNDDOWN(P52*0.3025,2) -> 246.06 | Q53: =ROUNDDOWN(Q52*0.3025,2) -> 7226.86 | ... S53: =ROUNDDOWN(S52*0.3025,2) -> 19622.17
E54: =C54/$H$78 -> 0 | G54: =ROUNDDOWN(N55,0) -> 17 | I54: =H54/$H$78 -> 0 | J54: 39.96 | K54: 3.65 | L54: 14.8 | M54: =K54+L54 -> 18.45 | N54: =J54+M54 -> 58.41 | O54: =$O$78/$J$78*J54 -> 0.11787056 | P54: =$P$78/$J$78*J54 -> 1.1012478 | Q54: =$Q$78/$J$78*J54 -> 32.343682 | R54: =O54+P54+Q54 -> 33.5628 | S54: =N54+R54 -> 91.9728 | T54: 분양
G55: 39 | J55: =ROUNDDOWN(J54*0.3025,2) -> 12.08 | K55: =ROUNDDOWN(K54*0.3025,2) -> 1.1 | L55: =ROUNDDOWN(L54*0.3025,2) -> 4.47 | M55: =ROUNDDOWN(M54*0.3025,2) -> 5.58 | N55: =ROUNDDOWN(N54*0.3025,2) -> 17.66 | O55: =ROUNDDOWN(O54*0.3025,2) -> 0.03 | P55: =ROUNDDOWN(P54*0.3025,2) -> 0.33 | Q55: =ROUNDDOWN(Q54*0.3025,2) -> 9.78 | ... S55: =ROUNDDOWN(S54*0.3025,2) -> 27.82
E56: =H56/$H$76 -> 0.10419078 | G56: =ROUNDDOWN(N57,0) -> 20 | H56: 450 | I56: =H56/$H$78 -> 0.093710954 | J56: 49.9 | K56: 3.85 | L56: 14.9 | M56: =K56+L56 -> 18.75 | N56: =M56+J56 -> 68.65 | O56: =$O$78/$J$78*J56 -> 0.14719071 | P56: =$P$78/$J$78*J56 -> 1.3751818 | Q56: =$Q$78/$J$78*J56 -> 40.389132 | R56: =O56+P56+Q56 -> 41.911504 | S56: =N56+R56 -> 110.5615 | U56: =J56/N56 -> 0.72687546
G57: =ROUNDDOWN(J56,0) -> 49 | I57: =H56/$H$76 -> 0.10419078 | J57: =ROUNDDOWN(J56*0.3025,2) -> 15.09 | K57: =ROUNDDOWN(K56*0.3025,2) -> 1.16 | L57: =ROUNDDOWN(L56*0.3025,2) -> 4.5 | M57: =ROUNDDOWN(M56*0.3025,2) -> 5.67 | N57: =ROUNDDOWN(N56*0.3025,2) -> 20.76 | O57: =ROUNDDOWN(O56*0.3025,2) -> 0.04 | P57: =ROUNDDOWN(P56*0.3025,2) -> 0.41 | Q57: =ROUNDDOWN(Q56*0.3025,2) -> 12.21 | ... S57: =ROUNDDOWN(S56*0.3025,2) -> 33.44
E58: =H58/$H$76 -> 0.26371845 | G58: =ROUNDDOWN(N59,0) -> 24 | H58: 1139 | I58: =H58/$H$78 -> 0.23719284 | J58: 59.95 | K58: 5.8 | L58: 16.4 | M58: =K58+L58 -> 22.2 | N58: =M58+J58 -> 82.15 | O58: =$O$78/$J$78*J58 -> 0.17683534 | P58: =$P$78/$J$78*J58 -> 1.6521473 | Q58: =$Q$78/$J$78*J58 -> 48.523616 | R58: =O58+P58+Q58 -> 50.352599 | S58: =N58+R58 -> 132.5026 | U58: =J58/N58 -> 0.72976263
G59: =ROUNDDOWN(J58,0) -> 59 | I59: =H58/$H$76 -> 0.26371845 | J59: =ROUNDDOWN(J58*0.3025,2) -> 18.13 | K59: =ROUNDDOWN(K58*0.3025,2) -> 1.75 | L59: =ROUNDDOWN(L58*0.3025,2) -> 4.96 | M59: =ROUNDDOWN(M58*0.3025,2) -> 6.71 | N59: =ROUNDDOWN(N58*0.3025,2) -> 24.85 | O59: =ROUNDDOWN(O58*0.3025,2) -> 0.05 | P59: =ROUNDDOWN(P58*0.3025,2) -> 0.49 | Q59: =ROUNDDOWN(Q58*0.3025,2) -> 14.67 | ... S59: =ROUNDDOWN(S58*0.3025,2) -> 40.08
E60: =H60/$H$76 -> 0.069460523 | G60: =ROUNDDOWN(N61,0) -> 30 | H60: 300 | I60: =H60/$H$78 -> 0.062473969 | J60: 74 | K60: 6.8 | L60: 18.5 | M60: =K60+L60 -> 25.3 | N60: =J60+M60 -> 99.3 | O60: =$O$78/$J$78*J60 -> 0.21827881 | P60: =$P$78/$J$78*J60 -> 2.0393478 | Q60: =$Q$78/$J$78*J60 -> 59.895707 | R60: =O60+P60+Q60 -> 62.153333 | S60: =N60+R60 -> 161.45333 | U60: =J60/N60 -> 0.74521652
G61: =ROUNDDOWN(J60,0) -> 74 | I61: =H60/$H$76 -> 0.069460523 | J61: =ROUNDDOWN(J60*0.3025,2) -> 22.38 | K61: =ROUNDDOWN(K60*0.3025,2) -> 2.05 | L61: =ROUNDDOWN(L60*0.3025,2) -> 5.59 | M61: =ROUNDDOWN(M60*0.3025,2) -> 7.65 | N61: =ROUNDDOWN(N60*0.3025,2) -> 30.03 | O61: =ROUNDDOWN(O60*0.3025,2) -> 0.06 | P61: =ROUNDDOWN(P60*0.3025,2) -> 0.61 | Q61: =ROUNDDOWN(Q60*0.3025,2) -> 18.11 | ... S61: =ROUNDDOWN(S60*0.3025,2) -> 48.83
E62: =H62/$H$76 -> 0.49780042 | G62: =ROUNDDOWN(N63,0) -> 34 | H62: 2150 | I62: =H62/$H$78 -> 0.44773011 | J62: 84.95 | K62: 7.5 | L62: 20.5 | M62: =K62+L62 -> 28 | N62: =J62+M62 -> 112.95 | O62: =$O$78/$J$78*J62 -> 0.25057818 | P62: =$P$78/$J$78*J62 -> 2.3411161 | Q62: =$Q$78/$J$78*J62 -> 68.758652 | R62: =O62+P62+Q62 -> 71.350347 | S62: =N62+R62 -> 184.30035 | U62: =J62/N62 -> 0.7521027
G63: =ROUNDDOWN(J62,0) -> 84 | I63: =H62/$H$76 -> 0.49780042 | J63: =ROUNDDOWN(J62*0.3025,2) -> 25.69 | K63: =ROUNDDOWN(K62*0.3025,2) -> 2.26 | L63: =ROUNDDOWN(L62*0.3025,2) -> 6.2 | M63: =ROUNDDOWN(M62*0.3025,2) -> 8.47 | N63: =ROUNDDOWN(N62*0.3025,2) -> 34.16 | O63: =ROUNDDOWN(O62*0.3025,2) -> 0.07 | P63: =ROUNDDOWN(P62*0.3025,2) -> 0.7 | Q63: =ROUNDDOWN(Q62*0.3025,2) -> 20.79 | ... S63: =ROUNDDOWN(S62*0.3025,2) -> 55.75
E64: =C64/$H$78 -> 0 | G64: =ROUNDDOWN(N65,0) -> 40 | I64: =H64/$H$78 -> 0 | J64: 102.98 | K64: 8.72 | L64: 22.8 | M64: =K64+L64 -> 31.52 | N64: =J64+M64 -> 134.5 | O64: =$O$78/$J$78*J64 -> 0.30376152 | P64: =$P$78/$J$78*J64 -> 2.8380005 | Q64: =$Q$78/$J$78*J64 -> 83.35216 | R64: =O64+P64+Q64 -> 86.493922 | S64: =N64+R64 -> 220.99392
G65: =ROUNDDOWN(J64,0) -> 102 | J65: =ROUNDDOWN(J64*0.3025,2) -> 31.15 | K65: =ROUNDDOWN(K64*0.3025,2) -> 2.63 | L65: =ROUNDDOWN(L64*0.3025,2) -> 6.89 | M65: =ROUNDDOWN(M64*0.3025,2) -> 9.53 | N65: =ROUNDDOWN(N64*0.3025,2) -> 40.68 | O65: =ROUNDDOWN(O64*0.3025,2) -> 0.09 | P65: =ROUNDDOWN(P64*0.3025,2) -> 0.85 | Q65: =ROUNDDOWN(Q64*0.3025,2) -> 25.21 | ... S65: =ROUNDDOWN(S64*0.3025,2) -> 66.85
E66: =H66/$H$76 -> 0.064829822 | G66: =ROUNDDOWN(N67,0) -> 43 | H66: 280 | I66: =H66/$H$78 -> 0.058309038 | J66: 110.25 | K66: 8.3 | L66: 24 | M66: =K66+L66 -> 32.3 | N66: =J66+M66 -> 142.55 | O66: =$O$78/$J$78*J66 -> 0.32520594 | P66: =$P$78/$J$78*J66 -> 3.0383526 | Q66: =$Q$78/$J$78*J66 -> 89.236509 | R66: =O66+P66+Q66 -> 92.600067 | S66: =N66+R66 -> 235.15007 | U66: =J66/N66 -> 0.77341284
G67: =ROUNDDOWN(J66,0) -> 110 | I67: =H66/$H$76 -> 0.064829822 | J67: =ROUNDDOWN(J66*0.3025,2) -> 33.35 | K67: =ROUNDDOWN(K66*0.3025,2) -> 2.51 | L67: =ROUNDDOWN(L66*0.3025,2) -> 7.26 | M67: =ROUNDDOWN(M66*0.3025,2) -> 9.77 | N67: =ROUNDDOWN(N66*0.3025,2) -> 43.12 | O67: =ROUNDDOWN(O66*0.3025,2) -> 0.09 | P67: =ROUNDDOWN(P66*0.3025,2) -> 0.91 | Q67: =ROUNDDOWN(Q66*0.3025,2) -> 26.99 | ... S67: =ROUNDDOWN(S66*0.3025,2) -> 71.13
E68: =C68/$H$78 -> 0 | G68: =ROUNDDOWN(N69,0) -> 47 | I68: =H68/$H$78 -> 0 | J68: 120.97 | K68: 10.72 | L68: 24.8 | M68: =K68+L68 -> 35.52 | N68: =J68+M68 -> 156.49 | O68: =$O$78/$J$78*J68 -> 0.35682687 | P68: =$P$78/$J$78*J68 -> 3.3337824 | Q68: =$Q$78/$J$78*J68 -> 97.913292 | R68: =O68+P68+Q68 -> 101.6039 | S68: =N68+R68 -> 258.0939
G69: =ROUNDDOWN(J68,0) -> 120 | J69: =ROUNDDOWN(J68*0.3025,2) -> 36.59 | K69: =ROUNDDOWN(K68*0.3025,2) -> 3.24 | L69: =ROUNDDOWN(L68*0.3025,2) -> 7.5 | M69: =ROUNDDOWN(M68*0.3025,2) -> 10.74 | N69: =ROUNDDOWN(N68*0.3025,2) -> 47.33 | O69: =ROUNDDOWN(O68*0.3025,2) -> 0.1 | P69: =ROUNDDOWN(P68*0.3025,2) -> 1 | Q69: =ROUNDDOWN(Q68*0.3025,2) -> 29.61 | ... S69: =ROUNDDOWN(S68*0.3025,2) -> 78.07
E70: =C70/$H$78 -> 0 | G70: =ROUNDDOWN(N71,0) -> 52 | I70: =H70/$H$78 -> 0 | J70: 137.35 | K70: 11.28 | L70: 25.54 | M70: =K70+L70 -> 36.82 | N70: =J70+M70 -> 174.17 | O70: =$O$78/$J$78*J70 -> 0.40514318 | P70: =$P$78/$J$78*J70 -> 3.7851948 | Q70: =$Q$78/$J$78*J70 -> 111.17129 | R70: =O70+P70+Q70 -> 115.36163 | S70: =N70+R70 -> 289.53163
G71: =ROUNDDOWN(J70,0) -> 137 | J71: =ROUNDDOWN(J70*0.3025,2) -> 41.54 | K71: =ROUNDDOWN(K70*0.3025,2) -> 3.41 | L71: =ROUNDDOWN(L70*0.3025,2) -> 7.72 | M71: =ROUNDDOWN(M70*0.3025,2) -> 11.13 | N71: =ROUNDDOWN(N70*0.3025,2) -> 52.68 | O71: =ROUNDDOWN(O70*0.3025,2) -> 0.12 | P71: =ROUNDDOWN(P70*0.3025,2) -> 1.14 | Q71: =ROUNDDOWN(Q70*0.3025,2) -> 33.62 | ... S71: =ROUNDDOWN(S70*0.3025,2) -> 87.58
E72: =C72/$H$75 -> #DIV/0! | G72: =ROUNDDOWN(N73,0) -> 62 | I72: =H72/$H$75 -> #DIV/0! | J72: 165.89 | K72: 13.45 | L72: 26.42 | M72: =K72+L72 -> 39.87 | N72: =J72+M72 -> 205.76 | O72: =$O$75/$J$75*J72 -> 0.48287642 | P72: =$P$75/$J$75*J72 -> 4.5653771 | Q72: =$Q$75/$J$75*J72 -> 134.28354 | R72: =O72+P72+Q72 -> 139.3318 | S72: =N72+R72 -> 345.0918
G73: =ROUNDDOWN(J72,0) -> 165 | J73: =ROUNDDOWN(J72*0.3025,2) -> 50.18 | K73: =ROUNDDOWN(K72*0.3025,2) -> 4.06 | L73: =ROUNDDOWN(L72*0.3025,2) -> 7.99 | M73: =ROUNDDOWN(M72*0.3025,2) -> 12.06 | N73: =ROUNDDOWN(N72*0.3025,2) -> 62.24 | O73: =ROUNDDOWN(O72*0.3025,2) -> 0.14 | P73: =ROUNDDOWN(P72*0.3025,2) -> 1.38 | Q73: =ROUNDDOWN(Q72*0.3025,2) -> 40.62 | ... S73: =ROUNDDOWN(S72*0.3025,2) -> 104.39
E74: =C74/$H$78 -> 0 | G74: =ROUNDDOWN(N75,0) -> 49 | I74: =H74/$H$78 -> 0 | J74: 124.94 | K74: 11.85 | L74: 27.85 | M74: =K74+L74 -> 39.7 | N74: =J74+M74 -> 164.64 | O74: =$O$78/$J$78*J74 -> 0.36853723 | P74: =$P$78/$J$78*J74 -> 3.4431907 | Q74: =$Q$78/$J$78*J74 -> 101.12662 | R74: =O74+P74+Q74 -> 104.93834 | S74: =N74+R74 -> 269.57834 | V74: =N52+N76 -> 477083.6
G75: =ROUNDDOWN(J74,0) -> 124 | J75: =ROUNDDOWN(J74*0.3025,2) -> 37.79 | K75: =ROUNDDOWN(K74*0.3025,2) -> 3.58 | L75: =ROUNDDOWN(L74*0.3025,2) -> 8.42 | M75: =ROUNDDOWN(M74*0.3025,2) -> 12 | N75: =ROUNDDOWN(N74*0.3025,2) -> 49.8 | O75: =ROUNDDOWN(O74*0.3025,2) -> 0.11 | P75: =ROUNDDOWN(P74*0.3025,2) -> 1.04 | Q75: =ROUNDDOWN(Q74*0.3025,2) -> 30.59 | ... S75: =ROUNDDOWN(S74*0.3025,2) -> 81.54 | V75: =R52+R76 -> 298980
E76: =E56+E58+E60+E62+E66 -> 1 | G76: 소 계 | H76: =SUM(H54:H75) -> 4319 | I76: =I56+I58+I60+I62+I66 -> 0.89941691 | J76: =SUMPRODUCT(H54:H75,J54:J75) -> 326450.55 | K76: =SUMPRODUCT(H54:H75,K54:K75) -> 28827.7 | L76: =SUMPRODUCT(H54:H75,L54:L75) -> 81729.6 | M76: =K76+L76 -> 110557.3 | N76: =J76+M76 -> 437007.85 | O76: =SUMPRODUCT(H54:H75,O54:O75) -> 962.93566 | P76: =SUMPRODUCT(H54:H75,P54:P75) -> 8996.5703 | Q76: =SUMPRODUCT(H54:H75,Q54:Q75) -> 264229.55 | R76: =O76+P76+Q76 -> 274189.05 | S76: =N76+R76 -> 711196.9 | V76: =S52+S76 -> 776063.6
I77: =H76/$H$76 -> 1 | J77: =ROUNDDOWN(J76*0.3025,2) -> 98751.29 | K77: =ROUNDDOWN(K76*0.3025,2) -> 8720.37 | L77: =ROUNDDOWN(L76*0.3025,2) -> 24723.2 | M77: =ROUNDDOWN(M76*0.3025,2) -> 33443.58 | N77: =ROUNDDOWN(N76*0.3025,2) -> 132194.87 | O77: =ROUNDDOWN(O76*0.3025,2) -> 291.28 | P77: =ROUNDDOWN(P76*0.3025,2) -> 2721.46 | Q77: =ROUNDDOWN(Q76*0.3025,2) -> 79929.43 | ... S77: =ROUNDDOWN(S76*0.3025,2) -> 215137.06
G78: 합 계 | H78: =H52+H76 -> 4802 | I78: =I52+I76 -> 1 | J78: =J52+J76 -> 355966.75 | K78: =K52+K76 -> 31422.75 | L78: =L52+L76 -> 89694.1 | M78: =K78+L78 -> 121116.85 | N78: =J78+M78 -> 477083.6 | O78: 1050 | P78: =R6+R7+R8+R9+R10+R11+R12 -> 9810 | Q78: =(R18*V17) -> 288120 | R78: =O78+P78+Q78 -> 298980 | S78: =N78+R78 -> 776063.6
J79: =ROUNDDOWN(J78*0.3025,2) -> 107679.94 | K79: =ROUNDDOWN(K78*0.3025,2) -> 9505.38 | L79: =ROUNDDOWN(L78*0.3025,2) -> 27132.46 | M79: =ROUNDDOWN(M78*0.3025,2) -> 36637.84 | N79: =ROUNDDOWN(N78*0.3025,2) -> 144317.78 | O79: =ROUNDDOWN(O78*0.3025,2) -> 317.62 | P79: =ROUNDDOWN(P78*0.3025,2) -> 2967.52 | Q79: =ROUNDDOWN(Q78*0.3025,2) -> 87156.3 | ... S79: =ROUNDDOWN(S78*0.3025,2) -> 234759.23
G81: ■ 근린생활시설 면적표
G82: 구 분 | I82: 전용면적 | K82: 공용면적 | M82: 소 계 | O82: 기타공용 (기전실) | P82: 지하주차장 | Q82: 합 계 | S82: 비 고
G83: 문화 및 집회시설 | I83: =M83*0.7 -> 0 | K83: =M83*0.3 -> 0 | M83: 0 | O83: =M83*0.15 -> 0 | P83: =#REF!*42 -> #REF! | Q83: =SUM(M83:P83) -> #REF!
I84: =I83*0.3025 -> 0 | K84: =K83*0.3025 -> 0 | M84: =M83*0.3025 -> 0 | O84: =O83*0.3025 -> 0 | P84: =P83*0.3025 -> #REF! | Q84: =Q83*0.3025 -> #REF!
G85: 근린생활시설 | H85: 지상 | I85: =M85*0.7 -> 2520 | K85: =M85*0.3 -> 1080 | M85: 3600 | O85: =$O$89*I85/$I$89 -> 558.62069 | P85: =$P$89*I85/$I$89 -> 1489.6552 | Q85: =SUM(M85:P85) -> 5648.2759 | V85: =I85/I89*Q89 -> 5648.2759
I86: =I85*0.3025 -> 762.3 | K86: =K85*0.3025 -> 326.7 | M86: =M85*0.3025 -> 1089 | O86: =O85*0.3025 -> 168.98276 | P86: =P85*0.3025 -> 450.62069 | Q86: =Q85*0.3025 -> 1708.6034
H87: 지하 | I87: =M87*0.7 -> 1540 | K87: =M87*0.3 -> 660 | M87: 2200 | O87: =$O$89*I87/$I$89 -> 341.37931 | P87: =$P$89*I87/$I$89 -> 910.34483 | Q87: =SUM(M87:P87) -> 3451.7241 | V87: =I87/I89*Q89 -> 3451.7241
I88: =I87*0.3025 -> 465.85 | K88: =K87*0.3025 -> 199.65 | M88: =M87*0.3025 -> 665.5 | O88: =O87*0.3025 -> 103.26724 | P88: =P87*0.3025 -> 275.37931 | Q88: =Q87*0.3025 -> 1044.1466
G89: 합 계 | I89: =M89*0.7 -> 4060 | K89: =M89*0.3 -> 1740 | M89: =M85+M87 -> 5800 | O89: 900 | P89: =R24*V17 -> 2400 | Q89: =SUM(M89:P89) -> 9100
I90: =I89*0.3025 -> 1228.15 | K90: =K89*0.3025 -> 526.35 | M90: =M89*0.3025 -> 1754.5 | O90: =O89*0.3025 -> 272.25 | P90: =P89*0.3025 -> 726 | Q90: =Q89*0.3025 -> 2752.75
J92: =H56*J56+J58*H58+H60*J60+J62*H62+H66*J66 -> 326450.55 | K92: =H56*K56+K58*H58+H60*K60+K62*H62+H66*K66 -> 28827.7 | P92: =P85+P87 -> 2400
H95: =H38+H58 -> 1139 | I95: =I38+I58 -> 0.23719284 | M95: =M52+M76 -> 121116.85 | N95: =N52+N76 -> 477083.6 | O95: =O52+O76 -> 1050 | P95: =P52+P76 -> 9810 | Q95: =Q52+Q76 -> 288120 | R95: =R52+R76 -> 298980 | S95: =S52+S76 -> 776063.6
H96: =H58+H60+H64 -> 1439
M101: 주택건설기준등에 관한 규정
N102: 0 | O102: 300 | P102: 500 | Q102: 1000 | R102: 2000
N103: 300세대 미만 | O103: 300~500세대 미만 | P103: 500~1000세대 미만 | Q103: 1000~2000세대 미만 | R103: 2000세대 이상
M104: 진입도로 | N104: 6 | O104: 8 | P104: 12 | Q104: 15 | R104: 20
M107: 필수 주민공동시설 세부면적기준
N108: 0 | O108: 150 | P108: 300 | Q108: 500 | R108: 1000 | S108: 1500
N109: 150세대 미만 | O109: 150~300세대 미만 | P109: 300~500세대 미만 | Q109: 500~1000세대 미만 | R109: 1000~1500세대 미만 | S109: 1500세대 이상
M110: 경로당 | N110: 0 | O110: =50+(H78*0.1) -> 530.2 | P110: 155 | Q110: 225 | R110: 375 | S110: 500
M111: 어린이집 | N111: 0 | O111: 0 | P111: 198 | Q111: 330 | R111: 580 | S111: 725
M112: 작은도서관 | N112: 0 | O112: 0 | P112: 108 | Q112: 158 | R112: 203 | S112: 298
...

Sheet 설계개요(통합)
G2: ■ 설 계 개 요 (4802세대) | N2: ■ 부대복리시설 | T2: 7.21 | V2: 44763
E3: 0.7 | G3: 사업명 | H3: 마포구 성산시영아파트 재건축정비사업 | N3: 구 분 | P3: 법적 설치기준 및 지침기준 | R3: 설치계획 | S3: 비고
E4: =J23/(J14*E3) -> 2.6905226 | G4: 대지위치 | H4: 서울특별시 마포구 성산동 446일대 | N4: 진입도로 | O4: =INDEX($N$103:$R$103,MATCH($H$78,$N$102:$R$102,1)) -> 2000세대 이상 | R4: =INDEX($N$104:$R$104,MATCH($H$78,$N$102:$R$102,1)) -> 20
G5: 지역지구 | H5: 제3종 일반주거지역 | N5: 단지내도로 | O5: 폭 7m 이상 | R5: 7M도로
G6: 건축규모 | H6: 지상 35층 / | I6: =ROUNDUP(E4,0) -> 3 | N6: 관리사무소 | O6: =H78 -> 4805 | Q6: =IF(H78>=50, ROUNDUP((10+(H78-50)*0.05),2), "해당없음") -> 247.75 | R6: 280 | S6: (방재실, MDF포함)
G7: 용도 | H7: 공동주택 및 부대복리시설, 근린생활시설 | N7: 경 비 실 | R7: 280
G8: 대 지 면 적 | H8: 사업면적 | J8: 182618.4 | K8: =ROUNDDOWN(J8*0.3025,2) -> 55242.06 | L8: =J8/$J$8 -> 1 | N8: 경 로 당 | O8: 주민공동시설 총량제 | P8: 1,500세대 이상 (서울시 주택조례) | Q8: 500 | R8: 1100 | S8: *서울시 용적률완화적용
H9: 제외면적 | I9: 도로 | J9: 6830.9 | K9: =ROUNDDOWN(J9*0.3025,2) -> 2066.34 | L9: =J9/$J$8 -> 0.037405322 | N9: 어린이집 | Q9: 725 | R9: 1400 | S9: *서울시 용적률완화적용
C10: 1000세대이상 | D10: 3 | E10: =$H$78*D10 -> 14415 | I10: 유치원 | J10: 1000 | K10: =ROUNDDOWN(J10*0.3025,2) -> 302.5 | L10: =J10/$J$8 -> 0.0054758995 | N10: 작은도서관 | Q10: 298 | R10: 650
I11: 공원 | J11: 14500 | K11: =ROUNDDOWN(J11*0.3025,2) -> 4386.25 | L11: =J11/$J$8 -> 0.079400542 | N11: 다함께돌봄센터 | P11: =IF(H78>=500,"500세대이상 의무설치", "해당없음") -> 500세대이상 의무설치 | Q11: =IF(H78>=500,"66㎡ 이상", "해당없음") -> 66㎡ 이상 | R11: 600
N12: 주민공동시설 | R12: 5500
I13: 소계 | J13: =SUM(J9:J12) -> 22330.9 | K13: =ROUNDDOWN(J13*0.3025,2) -> 6755.09 | L13: =J13/$J$8 -> 0.12228176 | N13: 주민운동시설(옥외) | P13: =IF(H78>=500,"500세대이상 의무설치", "해당없음") -> 500세대이상 의무설치 | R13: 3800
H14: 실사용 대지면적 | J14: =J8-J13 -> 160287.5 | K14: =ROUNDDOWN(J14*0.3025,2) -> 48486.96 | L14: =J14/$J$8 -> 0.87771824 | N14: 어린이놀이터(옥외) | P14: =IF(H78<100,"해당없음",IF(H78<300,"지역여건에 맞게 설치",IF(H78<1000,"200㎡+세대당 1㎡",IF(H78>1000,"500㎡+세대당 0.7㎡")))) -> 500㎡+세대당 0.7㎡ | Q14: =500+(H78*0.7) -> 3863.5 | R14: 3700
C15: 120698 | G15: 연 면 적 | H15: 구 분 | J15: 계 획 | L15: 비 율 | N15: 총량검토 | O15: (500㎡+세대당 x 2㎡) x 1.25이상 설치 | Q15: =500+($H$78*2)*1.25 -> 12512.5 | R15: =R8+R9+R10+R11+R12+R13+R14 -> 16750 | S15: 총량제 면적 (관리사무소 제외)
C16: 93504.3 | D16: =C16/C15 -> 0.77469635 | H16: 아파트 | I16: 지상 | J16: =N78+R8+R9+R7 -> 479083.45 | K16: =ROUNDDOWN(J16*0.3025,2) -> 144922.74 | L16: =J16/$J$22 -> 0.9925417 | N16: 조경시설 | O16: 대지면적 x 0.15 | Q16: =J14*0.15 -> 24043.125 | R16: =ROUNDUP(Q16,-2)+100 -> 24200 | V16: 주차대당
I17: 지하 | J17: =O78+Q78+R6+R10+R12+R11 -> 296380 | K17: =ROUNDDOWN(J17*0.3025,2) -> 89654.95 | N17: 유치원 | R17: 1000 | S17: *유치원용지 계획 | V17: 40
I18: 소계 | J18: =SUM(J16:J17) -> 775463.45 | K18: =ROUNDDOWN(J18*0.3025,2) -> 234577.69 | N18: 주차대수 | O18: 면적기준 | P18: 85㎡이하 전용/75 | Q18: =ROUNDUP((SUMPRODUCT(H36:H51,J36:J51)+SUMPRODUCT(H56:H63,J56:J63))/75,0) -> 4307 | R18: =H78*S18 -> 7207.5 | S18: 1.5
H19: 근린생활시설 | I19: 지상 | J19: =M85 -> 3600 | K19: =ROUNDDOWN(J19*0.3025,2) -> 1089 | L19: =J19/$J$22 -> 0.0074583042 | P19: 85㎡초과 전용/65 | Q19: =ROUNDUP((SUMPRODUCT(H64:H75,J64:J75))/65,0) -> 502
I20: 지하 | J20: =M87+O89+P89 -> 5500 | K20: =ROUNDDOWN(J20*0.3025,2) -> 1663.75 | P20: 소 계 | Q20: =SUM(Q18:Q19) -> 4809
I21: 소계 | J21: =J19+J20 -> 9100 | K21: =ROUNDDOWN(J21*0.3025,2) -> 2752.75 | O21: 세대기준 | P21: 세대당0.8대(전용60㎡이하) | Q21: =(SUM(H36:H47)+SUM(H56:H59))*0.8 -> 1662.4
H22: 합계 | I22: 지상 | J22: =J16+J19 -> 482683.45 | K22: =ROUNDDOWN(J22*0.3025,2) -> 146011.74 | L22: =J22/$J$22 -> 1 | P22: 세대당1대(전용60㎡초과) | Q22: =(SUM(H48:H51)+SUM(H60:H75))*1 -> 2727
I23: 지하 | J23: =J17+J20 -> 301880 | K23: =ROUNDDOWN(J23*0.3025,2) -> 91318.7 | P23: 소 계 | Q23: =SUM(Q21:Q22) -> 4389.4
I24: 합계 | J24: =J18+J21 -> 784563.45 | K24: =ROUNDDOWN(J24*0.3025,2) -> 237330.44 | O24: 근린생활시설 | P24: 134 | Q24: =(M89+O89)/P24 -> 50 | R24: =ROUNDUP(Q24*S24,0) -> 60 | S24: 1.2
O25: 합 계 | Q25: =Q20+Q24 -> 4859 | R25: =SUM(R18+R24) -> 7267.5
G26: 건축면적 | H26: =J14*0.2842 -> 45553.708 | K26: =ROUNDDOWN(H26*0.3025,2) -> 13779.99 | L26: 50
G27: 건폐율 | H27: =H26/J14 -> 0.2842 | N27: 재건축 소택임대비율 | O27: =H29 -> 2.9957635 | P27: 2.5 | Q27: 2 | R27: =(O27-P27)/Q27 -> 0.24788177 | S27: =R28 -> 39732.35 | T27: =P29+P30+P31 -> 510
G28: 용적률 산정 연면적 | H28: =J22-R8-R9 -> 480183.45 | K28: =ROUNDDOWN(H28*0.3025,2) -> 145255.49 | L28: 법적상한용적률 ( 300% 이하 ) | P28: =J14 -> 160287.5 | Q28: =R27 -> 0.24788177 | R28: =P28*Q28 -> 39732.35
G29: 용 적 율 | H29: =H28/J14 -> 2.9957635 | O29: =G45 -> 49 | P29: =H42 -> 230 | Q29: =N42 -> 68.65 | R29: =P29*Q29 -> 15789.5 | S29: =R29+R30+R31 -> 40331.5 | V29: =S29-S27 -> 599.15
G30: 세 대 수 | H30: =H78 -> 4805 | O30: =G47 -> 59 | P30: =H46 -> 230 | Q30: =N46 -> 82.15 | R30: =P30*Q30 -> 18894.5
G31: 주차대수 | H31: =R25 -> 7267.5 | L31: =$R$18/$H$78 -> 1.5 | O31: =G51 -> 84 | P31: =H50 -> 50 | Q31: =N50 -> 112.95 | R31: =P31*Q31 -> 5647.5
G33: ■ 아파트 분양면적표
G34: 구 분 | H34: 세대수 | I34: 세대비 | J34: 주거전용 | K34: 주 거 공 용 면 적 | N34: 공급면적 | O34: 기타공용면적 | R34: 소 계 | S34: 계약면적 | T34: 비 고
K35: 벽체공용 | L35: 코어공용 | M35: 소 계 | O35: 기계,전기실 | P35: 부대복리시설 | Q35: 지하주차장
E36: =ROUNDUP(H78*0.05,0) -> 241 | F36: =H36/#REF! -> #REF! | G36: =ROUNDDOWN(N37,0) -> 17 | I36: =H36/$H$78 -> 0 | J36: =J54 -> 39.96 | K36: =K54 -> 3.65 | L36: =L54 -> 14.8 | M36: =K36+L36 -> 18.45 | N36: =J36+M36 -> 58.41 | O36: =$O$78/$J$78*J36 -> 0.11800339 | P36: =$P$78/$J$78*J36 -> 1.1024888 | Q36: =$Q$78/$J$78*J36 -> 32.40036 | R36: =O36+P36+Q36 -> 33.620852 | S36: =N36+R36 -> 92.030852 | T36: 의무임대
G37: 39 | J37: =ROUNDDOWN(J36*0.3025,2) -> 12.08 | K37: =ROUNDDOWN(K36*0.3025,2) -> 1.1 | L37: =ROUNDDOWN(L36*0.3025,2) -> 4.47 | M37: =ROUNDDOWN(M36*0.3025,2) -> 5.58 | N37: =ROUNDDOWN(N36*0.3025,2) -> 17.66 | O37: =ROUNDDOWN(O36*0.3025,2) -> 0.03 | P37: =ROUNDDOWN(P36*0.3025,2) -> 0.33 | Q37: =ROUNDDOWN(Q36*0.3025,2) -> 9.8 | ... S37: =ROUNDDOWN(S36*0.3025,2) -> 27.83
F38: =H38/#REF! -> #REF! | G38: =ROUNDDOWN(N39,0) -> 20 | I38: =H38/$H$78 -> 0 | J38: =J56 -> 49.9 | K38: =K56 -> 3.85 | L38: =L56 -> 14.9 | M38: =K38+L38 -> 18.75 | N38: =M38+J38 -> 68.65 | O38: =$O$78/$J$78*J38 -> 0.14735659 | P38: =$P$78/$J$78*J38 -> 1.3767316 | Q38: =$Q$78/$J$78*J38 -> 40.459909 | R38: =O38+P38+Q38 -> 41.983997 | S38: =N38+R38 -> 110.634
G39: =ROUNDDOWN(J38,0) -> 49 | J39: =ROUNDDOWN(J38*0.3025,2) -> 15.09 | K39: =ROUNDDOWN(K38*0.3025,2) -> 1.16 | L39: =ROUNDDOWN(L38*0.3025,2) -> 4.5 | M39: =ROUNDDOWN(M38*0.3025,2) -> 5.67 | N39: =ROUNDDOWN(N38*0.3025,2) -> 20.76 | O39: =ROUNDDOWN(O38*0.3025,2) -> 0.04 | P39: =ROUNDDOWN(P38*0.3025,2) -> 0.41 | Q39: =ROUNDDOWN(Q38*0.3025,2) -> 12.23 | ... S39: =ROUNDDOWN(S38*0.3025,2) -> 33.46
F40: =H40/#REF! -> #REF! | G40: =ROUNDDOWN(N41,0) -> 24 | I40: =H40/$H$78 -> 0 | J40: =J58 -> 59.95 | K40: =K58 -> 5.8 | L40: =L58 -> 16.4 | M40: =K40+L40 -> 22.2 | N40: =M40+J40 -> 82.15 | O40: =$O$78/$J$78*J40 -> 0.17703462 | P40: =$P$78/$J$78*J40 -> 1.6540091 | Q40: =$Q$78/$J$78*J40 -> 48.608648 | R40: =O40+P40+Q40 -> 50.439692 | S40: =N40+R40 -> 132.58969
G41: =ROUNDDOWN(J40,0) -> 59 | J41: =ROUNDDOWN(J40*0.3025,2) -> 18.13 | K41: =ROUNDDOWN(K40*0.3025,2) -> 1.75 | L41: =ROUNDDOWN(L40*0.3025,2) -> 4.96 | M41: =ROUNDDOWN(M40*0.3025,2) -> 6.71 | N41: =ROUNDDOWN(N40*0.3025,2) -> 24.85 | O41: =ROUNDDOWN(O40*0.3025,2) -> 0.05 | P41: =ROUNDDOWN(P40*0.3025,2) -> 0.5 | Q41: =ROUNDDOWN(Q40*0.3025,2) -> 14.7 | ... S41: =ROUNDDOWN(S40*0.3025,2) -> 40.1
E42: =H42/$H$52 -> 0.45098039 | G42: =ROUNDDOWN(N43,0) -> 20 | H42: 230 | I42: =H42/$H$78 -> 0.047866805 | J42: 49.9 | K42: 3.85 | L42: 14.9 | M42: =K42+L42 -> 18.75 | N42: =M42+J42 -> 68.65 | O42: =$O$78/$J$78*J42 -> 0.14735659 | P42: =$P$78/$J$78*J42 -> 1.3767316 | Q42: =$Q$78/$J$78*J42 -> 40.459909 | R42: =O42+P42+Q42 -> 41.983997 | S42: =N42+R42 -> 110.634 | T42: 임대 | U42: =J42/N42 -> 0.72687546
G43: =ROUNDDOWN(J42,0) -> 49 | I43: =H42/$H$52 -> 0.45098039 | J43: =ROUNDDOWN(J42*0.3025,2) -> 15.09 | K43: =ROUNDDOWN(K42*0.3025,2) -> 1.16 | L43: =ROUNDDOWN(L42*0.3025,2) -> 4.5 | M43: =ROUNDDOWN(M42*0.3025,2) -> 5.67 | N43: =ROUNDDOWN(N42*0.3025,2) -> 20.76 | O43: =ROUNDDOWN(O42*0.3025,2) -> 0.04 | P43: =ROUNDDOWN(P42*0.3025,2) -> 0.41 | Q43: =ROUNDDOWN(Q42*0.3025,2) -> 12.23 | ... S43: =ROUNDDOWN(S42*0.3025,2) -> 33.46
E44: =C44/$H$78 -> 0 | G44: =ROUNDDOWN(N43,0) -> 20 | I44: =H44/$H$78 -> 0
G45: =ROUNDDOWN(J42,0) -> 49
E46: =H46/$H$52 -> 0.45098039 | G46: =ROUNDDOWN(N47,0) -> 24 | H46: 230 | I46: =H46/$H$78 -> 0.047866805 | J46: =J58 -> 59.95 | K46: =K58 -> 5.8 | L46: 16.4 | M46: =K46+L46 -> 22.2 | N46: =M46+J46 -> 82.15 | O46: =$O$78/$J$78*J46 -> 0.17703462 | P46: =$P$78/$J$78*J46 -> 1.6540091 | Q46: =$Q$78/$J$78*J46 -> 48.608648 | R46: =O46+P46+Q46 -> 50.439692 | S46: =N46+R46 -> 132.58969 | U46: =J46/N46 -> 0.72976263
G47: =ROUNDDOWN(J46,0) -> 59 | I47: =H46/$H$52 -> 0.45098039 | J47: =ROUNDDOWN(J46*0.3025,2) -> 18.13 | K47: =ROUNDDOWN(K46*0.3025,2) -> 1.75 | L47: =ROUNDDOWN(L46*0.3025,2) -> 4.96 | M47: =ROUNDDOWN(M46*0.3025,2) -> 6.71 | N47: =ROUNDDOWN(N46*0.3025,2) -> 24.85 | O47: =ROUNDDOWN(O46*0.3025,2) -> 0.05 | P47: =ROUNDDOWN(P46*0.3025,2) -> 0.5 | Q47: =ROUNDDOWN(Q46*0.3025,2) -> 14.7 | ... S47: =ROUNDDOWN(S46*0.3025,2) -> 40.1
E48: =C48/$H$78 -> 0 | G48: =ROUNDDOWN(N49,0) -> 30 | I48: =H48/$H$78 -> 0 | J48: =J60 -> 74 | K48: =K60 -> 6.8 | L48: =L60 -> 18.5 | M48: =K48+L48 -> 25.3 | N48: =M48+J48 -> 99.3 | O48: =$O$78/$J$78*J48 -> 0.2185248 | P48: =$P$78/$J$78*J48 -> 2.041646 | Q48: =$Q$78/$J$78*J48 -> 60.000667 | R48: =O48+P48+Q48 -> 62.260837 | S48: =N48+R48 -> 161.56084
G49: =ROUNDDOWN(J48,0) -> 74 | J49: =ROUNDDOWN(J48*0.3025,2) -> 22.38 | K49: =ROUNDDOWN(K48*0.3025,2) -> 2.05 | L49: =ROUNDDOWN(L48*0.3025,2) -> 5.59 | M49: =ROUNDDOWN(M48*0.3025,2) -> 7.65 | N49: =ROUNDDOWN(N48*0.3025,2) -> 30.03 | O49: =ROUNDDOWN(O48*0.3025,2) -> 0.06 | P49: =ROUNDDOWN(P48*0.3025,2) -> 0.61 | Q49: =ROUNDDOWN(Q48*0.3025,2) -> 18.15 | ... S49: =ROUNDDOWN(S48*0.3025,2) -> 48.87
E50: =H50/$H$52 -> 0.098039216 | F50: =H50/H52*100 -> 9.8039216 | G50: =ROUNDDOWN(N51,0) -> 34 | H50: 50 | I50: =H50/$H$78 -> 0.010405827 | J50: =J62 -> 84.95 | K50: 7.5 | L50: 20.5 | M50: =K50+L50 -> 28 | N50: =M50+J50 -> 112.95 | O50: =$O$78/$J$78*J50 -> 0.25086056 | P50: =$P$78/$J$78*J50 -> 2.3437544 | Q50: =$Q$78/$J$78*J50 -> 68.879144 | R50: =O50+P50+Q50 -> 71.473759 | S50: =N50+R50 -> 184.42376 | U50: =J50/N50 -> 0.7521027
G51: =ROUNDDOWN(J50,0) -> 84 | I51: =H50/$H$52 -> 0.098039216 | J51: =ROUNDDOWN(J50*0.3025,2) -> 25.69 | K51: =ROUNDDOWN(K50*0.3025,2) -> 2.26 | L51: =ROUNDDOWN(L50*0.3025,2) -> 6.2 | M51: =ROUNDDOWN(M50*0.3025,2) -> 8.47 | N51: =ROUNDDOWN(N50*0.3025,2) -> 34.16 | O51: =ROUNDDOWN(O50*0.3025,2) -> 0.07 | P51: =ROUNDDOWN(P50*0.3025,2) -> 0.7 | Q51: =ROUNDDOWN(Q50*0.3025,2) -> 20.83 | ... S51: =ROUNDDOWN(S50*0.3025,2) -> 55.78
E52: =SUM(E42:E51) -> 1 | G52: 소 계 | H52: =SUM(H36:H51) -> 510 | I52: =I42+I46+I50 -> 0.10613944 | J52: =SUMPRODUCT(H36:H51,J36:J51) -> 29513 | K52: =SUMPRODUCT(H36:H51,K36:K51) -> 2594.5 | L52: =SUMPRODUCT(H36:H51,L36:L51) -> 8224 | M52: =K52+L52 -> 10818.5 | N52: =J52+M52 -> 40331.5 | O52: =SUMPRODUCT(H36:H51,O36:O51) -> 87.153006 | P52: =SUMPRODUCT(H36:H51,P36:P51) -> 814.25808 | Q52: =SUMPRODUCT(H36:H51,Q36:Q51) -> 23929.725 | R52: =O52+P52+Q52 -> 24831.136 | S52: =N52+R52 -> 65162.636
I53: =I43+I47+I51 -> 1 | J53: =ROUNDDOWN(J52*0.3025,2) -> 8927.68 | K53: =ROUNDDOWN(K52*0.3025,2) -> 784.83 | L53: =ROUNDDOWN(L52*0.3025,2) -> 2487.76 | M53: =ROUNDDOWN(M52*0.3025,2) -> 3272.59 | N53: =ROUNDDOWN(N52*0.3025,2) -> 12200.27 | O53: =ROUNDDOWN(O52*0.3025,2) -> 26.36 | P53: =ROUNDDOWN(P52*0.3025,2) -> 246.31 | Q53: =ROUNDDOWN(Q52*0.3025,2) -> 7238.74 | ... S53: =ROUNDDOWN(S52*0.3025,2) -> 19711.69
E54: =C54/$H$78 -> 0 | G54: =ROUNDDOWN(N55,0) -> 17 | I54: =H54/$H$78 -> 0 | J54: 39.96 | K54: 3.65 | L54: 14.8 | M54: =K54+L54 -> 18.45 | N54: =J54+M54 -> 58.41 | O54: =$O$78/$J$78*J54 -> 0.11800339 | P54: =$P$78/$J$78*J54 -> 1.1024888 | Q54: =$Q$78/$J$78*J54 -> 32.40036 | R54: =O54+P54+Q54 -> 33.620852 | S54: =N54+R54 -> 92.030852 | T54: 분양
G55: 39 | J55: =ROUNDDOWN(J54*0.3025,2) -> 12.08 | K55: =ROUNDDOWN(K54*0.3025,2) -> 1.1 | L55: =ROUNDDOWN(L54*0.3025,2) -> 4.47 | M55: =ROUNDDOWN(M54*0.3025,2) -> 5.58 | N55: =ROUNDDOWN(N54*0.3025,2) -> 17.66 | O55: =ROUNDDOWN(O54*0.3025,2) -> 0.03 | P55: =ROUNDDOWN(P54*0.3025,2) -> 0.33 | Q55: =ROUNDDOWN(Q54*0.3025,2) -> 9.8 | ... S55: =ROUNDDOWN(S54*0.3025,2) -> 27.83
E56: =H56/$H$76 -> 0.10477299 | G56: =ROUNDDOWN(N57,0) -> 20 | H56: 450 | I56: =H56/$H$78 -> 0.093652445 | J56: 49.9 | K56: 3.85 | L56: 14.9 | M56: =K56+L56 -> 18.75 | N56: =M56+J56 -> 68.65 | O56: =$O$78/$J$78*J56 -> 0.14735659 | P56: =$P$78/$J$78*J56 -> 1.3767316 | Q56: =$Q$78/$J$78*J56 -> 40.459909 | R56: =O56+P56+Q56 -> 41.983997 | S56: =N56+R56 -> 110.634 | U56: =J56/N56 -> 0.72687546 | V56: =H42+H56 -> 680
G57: =ROUNDDOWN(J56,0) -> 49 | I57: =H56/$H$76 -> 0.10477299 | J57: =ROUNDDOWN(J56*0.3025,2) -> 15.09 | K57: =ROUNDDOWN(K56*0.3025,2) -> 1.16 | L57: =ROUNDDOWN(L56*0.3025,2) -> 4.5 | M57: =ROUNDDOWN(M56*0.3025,2) -> 5.67 | N57: =ROUNDDOWN(N56*0.3025,2) -> 20.76 | O57: =ROUNDDOWN(O56*0.3025,2) -> 0.04 | P57: =ROUNDDOWN(P56*0.3025,2) -> 0.41 | Q57: =ROUNDDOWN(Q56*0.3025,2) -> 12.23 | ... S57: =ROUNDDOWN(S56*0.3025,2) -> 33.46
E58: =H58/$H$76 -> 0.27194412 | G58: =ROUNDDOWN(N59,0) -> 24 | H58: 1168 | I58: =H58/$H$78 -> 0.24308012 | J58: 59.95 | K58: 5.8 | L58: 16.4 | M58: =K58+L58 -> 22.2 | N58: =M58+J58 -> 82.15 | O58: =$O$78/$J$78*J58 -> 0.17703462 | P58: =$P$78/$J$78*J58 -> 1.6540091 | Q58: =$Q$78/$J$78*J58 -> 48.608648 | R58: =O58+P58+Q58 -> 50.439692 | S58: =N58+R58 -> 132.58969 | U58: =J58/N58 -> 0.72976263 | V58: =H46+H58 -> 1398
G59: =ROUNDDOWN(J58,0) -> 59 | I59: =H58/$H$76 -> 0.27194412 | J59: =ROUNDDOWN(J58*0.3025,2) -> 18.13 | K59: =ROUNDDOWN(K58*0.3025,2) -> 1.75 | L59: =ROUNDDOWN(L58*0.3025,2) -> 4.96 | M59: =ROUNDDOWN(M58*0.3025,2) -> 6.71 | N59: =ROUNDDOWN(N58*0.3025,2) -> 24.85 | O59: =ROUNDDOWN(O58*0.3025,2) -> 0.05 | P59: =ROUNDDOWN(P58*0.3025,2) -> 0.5 | Q59: =ROUNDDOWN(Q58*0.3025,2) -> 14.7 | ... S59: =ROUNDDOWN(S58*0.3025,2) -> 40.1
E60: =H60/$H$76 -> 0.062863795 | G60: =ROUNDDOWN(N61,0) -> 30 | H60: 270 | I60: =H60/$H$78 -> 0.056191467 | J60: 74 | K60: 6.8 | L60: 18.5 | M60: =K60+L60 -> 25.3 | N60: =J60+M60 -> 99.3 | O60: =$O$78/$J$78*J60 -> 0.2185248 | P60: =$P$78/$J$78*J60 -> 2.041646 | Q60: =$Q$78/$J$78*J60 -> 60.000667 | R60: =O60+P60+Q60 -> 62.260837 | S60: =N60+R60 -> 161.56084 | U60: =J60/N60 -> 0.74521652
G61: =ROUNDDOWN(J60,0) -> 74 | I61: =H60/$H$76 -> 0.062863795 | J61: =ROUNDDOWN(J60*0.3025,2) -> 22.38 | K61: =ROUNDDOWN(K60*0.3025,2) -> 2.05 | L61: =ROUNDDOWN(L60*0.3025,2) -> 5.59 | M61: =ROUNDDOWN(M60*0.3025,2) -> 7.65 | N61: =ROUNDDOWN(N60*0.3025,2) -> 30.03 | O61: =ROUNDDOWN(O60*0.3025,2) -> 0.06 | P61: =ROUNDDOWN(P60*0.3025,2) -> 0.61 | Q61: =ROUNDDOWN(Q60*0.3025,2) -> 18.15 | ... S61: =ROUNDDOWN(S60*0.3025,2) -> 48.87 | V61: =H60 -> 270
E62: =H62/$H$76 -> 0.49615832 | G62: =ROUNDDOWN(N63,0) -> 34 | H62: 2131 | I62: =H62/$H$78 -> 0.44349636 | J62: 84.95 | K62: 7.5 | L62: 20.5 | M62: =K62+L62 -> 28 | N62: =J62+M62 -> 112.95 | O62: =$O$78/$J$78*J62 -> 0.25086056 | P62: =$P$78/$J$78*J62 -> 2.3437544 | Q62: =$Q$78/$J$78*J62 -> 68.879144 | R62: =O62+P62+Q62 -> 71.473759 | S62: =N62+R62 -> 184.42376 | U62: =J62/N62 -> 0.7521027
G63: =ROUNDDOWN(J62,0) -> 84 | I63: =H62/$H$76 -> 0.49615832 | J63: =ROUNDDOWN(J62*0.3025,2) -> 25.69 | K63: =ROUNDDOWN(K62*0.3025,2) -> 2.26 | L63: =ROUNDDOWN(L62*0.3025,2) -> 6.2 | M63: =ROUNDDOWN(M62*0.3025,2) -> 8.47 | N63: =ROUNDDOWN(N62*0.3025,2) -> 34.16 | O63: =ROUNDDOWN(O62*0.3025,2) -> 0.07 | P63: =ROUNDDOWN(P62*0.3025,2) -> 0.7 | Q63: =ROUNDDOWN(Q62*0.3025,2) -> 20.83 | ... S63: =ROUNDDOWN(S62*0.3025,2) -> 55.78 | V63: =H50+H62 -> 2181
E64: =C64/$H$78 -> 0 | G64: =ROUNDDOWN(N65,0) -> 40 | I64: =H64/$H$78 -> 0 | J64: 102.98 | K64: 8.72 | L64: 22.8 | M64: =K64+L64 -> 31.52 | N64: =J64+M64 -> 134.5 | O64: =$O$78/$J$78*J64 -> 0.30410384 | P64: =$P$78/$J$78*J64 -> 2.8411987 | Q64: =$Q$78/$J$78*J64 -> 83.498225 | R64: =O64+P64+Q64 -> 86.643527 | S64: =N64+R64 -> 221.14353
G65: =ROUNDDOWN(J64,0) -> 102 | J65: =ROUNDDOWN(J64*0.3025,2) -> 31.15 | K65: =ROUNDDOWN(K64*0.3025,2) -> 2.63 | L65: =ROUNDDOWN(L64*0.3025,2) -> 6.89 | M65: =ROUNDDOWN(M64*0.3025,2) -> 9.53 | N65: =ROUNDDOWN(N64*0.3025,2) -> 40.68 | O65: =ROUNDDOWN(O64*0.3025,2) -> 0.09 | P65: =ROUNDDOWN(P64*0.3025,2) -> 0.85 | Q65: =ROUNDDOWN(Q64*0.3025,2) -> 25.25 | ... S65: =ROUNDDOWN(S64*0.3025,2) -> 66.89
E66: =H66/$H$76 -> 0.064260768 | G66: =ROUNDDOWN(N67,0) -> 45 | H66: 276 | I66: =H66/$H$78 -> 0.057440166 | J66: 118 | K66: 8.5 | L66: 24.3 | M66: =K66+L66 -> 32.8 | N66: =J66+M66 -> 150.8 | O66: =$O$78/$J$78*J66 -> 0.34845847 | P66: =$P$78/$J$78*J66 -> 3.2555977 | Q66: =$Q$78/$J$78*J66 -> 95.676739 | R66: =O66+P66+Q66 -> 99.280795 | S66: =N66+R66 -> 250.08079 | U66: =J66/N66 -> 0.78249337
G67: =ROUNDDOWN(J66,0) -> 118 | I67: =H66/$H$76 -> 0.064260768 | J67: =ROUNDDOWN(J66*0.3025,2) -> 35.69 | K67: =ROUNDDOWN(K66*0.3025,2) -> 2.57 | L67: =ROUNDDOWN(L66*0.3025,2) -> 7.35 | M67: =ROUNDDOWN(M66*0.3025,2) -> 9.92 | N67: =ROUNDDOWN(N66*0.3025,2) -> 45.61 | O67: =ROUNDDOWN(O66*0.3025,2) -> 0.1 | P67: =ROUNDDOWN(P66*0.3025,2) -> 0.98 | Q67: =ROUNDDOWN(Q66*0.3025,2) -> 28.94 | ... S67: =ROUNDDOWN(S66*0.3025,2) -> 75.64 | V67: =H66 -> 276
E68: =C68/$H$78 -> 0 | G68: =ROUNDDOWN(N69,0) -> 47 | I68: =H68/$H$78 -> 0 | J68: 120.97 | K68: 10.72 | L68: 24.8 | M68: =K68+L68 -> 35.52 | N68: =J68+M68 -> 156.49 | O68: =$O$78/$J$78*J68 -> 0.35722899 | P68: =$P$78/$J$78*J68 -> 3.3375394 | Q68: =$Q$78/$J$78*J68 -> 98.084873 | R68: =O68+P68+Q68 -> 101.77964 | S68: =N68+R68 -> 258.26964
G69: =ROUNDDOWN(J68,0) -> 120 | J69: =ROUNDDOWN(J68*0.3025,2) -> 36.59 | K69: =ROUNDDOWN(K68*0.3025,2) -> 3.24 | L69: =ROUNDDOWN(L68*0.3025,2) -> 7.5 | M69: =ROUNDDOWN(M68*0.3025,2) -> 10.74 | N69: =ROUNDDOWN(N68*0.3025,2) -> 47.33 | O69: =ROUNDDOWN(O68*0.3025,2) -> 0.1 | P69: =ROUNDDOWN(P68*0.3025,2) -> 1 | Q69: =ROUNDDOWN(Q68*0.3025,2) -> 29.67 | ... S69: =ROUNDDOWN(S68*0.3025,2) -> 78.12
E70: =C70/$H$78 -> 0 | G70: =ROUNDDOWN(N71,0) -> 52 | I70: =H70/$H$78 -> 0 | J70: 137.35 | K70: 11.28 | L70: 25.54 | M70: =K70+L70 -> 36.82 | N70: =J70+M70 -> 174.17 | O70: =$O$78/$J$78*J70 -> 0.40559975 | P70: =$P$78/$J$78*J70 -> 3.7894605 | Q70: =$Q$78/$J$78*J70 -> 111.3661 | R70: =O70+P70+Q70 -> 115.56116 | S70: =N70+R70 -> 289.73116
G71: =ROUNDDOWN(J70,0) -> 137 | J71: =ROUNDDOWN(J70*0.3025,2) -> 41.54 | K71: =ROUNDDOWN(K70*0.3025,2) -> 3.41 | L71: =ROUNDDOWN(L70*0.3025,2) -> 7.72 | M71: =ROUNDDOWN(M70*0.3025,2) -> 11.13 | N71: =ROUNDDOWN(N70*0.3025,2) -> 52.68 | O71: =ROUNDDOWN(O70*0.3025,2) -> 0.12 | P71: =ROUNDDOWN(P70*0.3025,2) -> 1.14 | Q71: =ROUNDDOWN(Q70*0.3025,2) -> 33.68 | ... S71: =ROUNDDOWN(S70*0.3025,2) -> 87.64
E72: =C72/$H$75 -> #DIV/0! | G72: =ROUNDDOWN(N73,0) -> 62 | I72: =H72/$H$75 -> #DIV/0! | J72: 165.89 | K72: 13.45 | L72: 26.42 | M72: =K72+L72 -> 39.87 | N72: =J72+M72 -> 205.76 | O72: =$O$75/$J$75*J72 -> 0.48287642 | P72: =$P$75/$J$75*J72 -> 4.5653771 | Q72: =$Q$75/$J$75*J72 -> 134.50303 | R72: =O72+P72+Q72 -> 139.55129 | S72: =N72+R72 -> 345.31129
G73: =ROUNDDOWN(J72,0) -> 165 | J73: =ROUNDDOWN(J72*0.3025,2) -> 50.18 | K73: =ROUNDDOWN(K72*0.3025,2) -> 4.06 | L73: =ROUNDDOWN(L72*0.3025,2) -> 7.99 | M73: =ROUNDDOWN(M72*0.3025,2) -> 12.06 | N73: =ROUNDDOWN(N72*0.3025,2) -> 62.24 | O73: =ROUNDDOWN(O72*0.3025,2) -> 0.14 | P73: =ROUNDDOWN(P72*0.3025,2) -> 1.38 | Q73: =ROUNDDOWN(Q72*0.3025,2) -> 40.68 | ... S73: =ROUNDDOWN(S72*0.3025,2) -> 104.45
E74: =C74/$H$78 -> 0 | G74: =ROUNDDOWN(N75,0) -> 49 | I74: =H74/$H$78 -> 0 | J74: 124.94 | K74: 11.85 | L74: 27.85 | M74: =K74+L74 -> 39.7 | N74: =J74+M74 -> 164.64 | O74: =$O$78/$J$78*J74 -> 0.36895255 | P74: =$P$78/$J$78*J74 -> 3.4470709 | Q74: =$Q$78/$J$78*J74 -> 101.30383 | R74: =O74+P74+Q74 -> 105.11985 | S74: =N74+R74 -> 269.75985 | V74: =N52+N76 -> 476303.45
G75: =ROUNDDOWN(J74,0) -> 124 | J75: =ROUNDDOWN(J74*0.3025,2) -> 37.79 | K75: =ROUNDDOWN(K74*0.3025,2) -> 3.58 | L75: =ROUNDDOWN(L74*0.3025,2) -> 8.42 | M75: =ROUNDDOWN(M74*0.3025,2) -> 12 | N75: =ROUNDDOWN(N74*0.3025,2) -> 49.8 | O75: =ROUNDDOWN(O74*0.3025,2) -> 0.11 | P75: =ROUNDDOWN(P74*0.3025,2) -> 1.04 | Q75: =ROUNDDOWN(Q74*0.3025,2) -> 30.64 | ... S75: =ROUNDDOWN(S74*0.3025,2) -> 81.6 | V75: =R52+R76 -> 299160
E76: =E56+E58+E60+E62+E66 -> 1 | G76: 소 계 | H76: =SUM(H54:H75) -> 4295 | I76: =I56+I58+I60+I62+I66 -> 0.89386056 | J76: =SUMPRODUCT(H54:H75,J54:J75) -> 326053.05 | K76: =SUMPRODUCT(H54:H75,K54:K75) -> 28671.4 | L76: =SUMPRODUCT(H54:H75,L54:L75) -> 81247.5 | M76: =K76+L76 -> 109918.9 | N76: =J76+M76 -> 435971.95 | O76: =SUMPRODUCT(H54:H75,O54:O75) -> 962.84699 | P76: =SUMPRODUCT(H54:H75,P54:P75) -> 8995.7419 | Q76: =SUMPRODUCT(H54:H75,Q54:Q75) -> 264370.27 | R76: =O76+P76+Q76 -> 274328.86 | S76: =N76+R76 -> 710300.81
I77: =H76/$H$76 -> 1 | J77: =ROUNDDOWN(J76*0.3025,2) -> 98631.04 | K77: =ROUNDDOWN(K76*0.3025,2) -> 8673.09 | L77: =ROUNDDOWN(L76*0.3025,2) -> 24577.36 | M77: =ROUNDDOWN(M76*0.3025,2) -> 33250.46 | N77: =ROUNDDOWN(N76*0.3025,2) -> 131881.51 | O77: =ROUNDDOWN(O76*0.3025,2) -> 291.26 | P77: =ROUNDDOWN(P76*0.3025,2) -> 2721.21 | Q77: =ROUNDDOWN(Q76*0.3025,2) -> 79972 | ... S77: =ROUNDDOWN(S76*0.3025,2) -> 214865.99 | V77: =V56+V58+V61+V63+V67 -> 4805
G78: 합 계 | H78: =H52+H76 -> 4805 | I78: =I52+I76 -> 1 | J78: =J52+J76 -> 355566.05 | K78: =K52+K76 -> 31265.9 | L78: =L52+L76 -> 89471.5 | M78: =K78+L78 -> 120737.4 | N78: =J78+M78 -> 476303.45 | O78: 1050 | P78: =R6+R7+R8+R9+R10+R11+R12 -> 9810 | Q78: =(R18*V17) -> 288300 | R78: =O78+P78+Q78 -> 299160 | S78: =N78+R78 -> 775463.45
J79: =ROUNDDOWN(J78*0.3025,2) -> 107558.73 | K79: =ROUNDDOWN(K78*0.3025,2) -> 9457.93 | L79: =ROUNDDOWN(L78*0.3025,2) -> 27065.12 | M79: =ROUNDDOWN(M78*0.3025,2) -> 36523.06 | N79: =ROUNDDOWN(N78*0.3025,2) -> 144081.79 | O79: =ROUNDDOWN(O78*0.3025,2) -> 317.62 | P79: =ROUNDDOWN(P78*0.3025,2) -> 2967.52 | Q79: =ROUNDDOWN(Q78*0.3025,2) -> 87210.75 | ... S79: =ROUNDDOWN(S78*0.3025,2) -> 234577.69
G81: ■ 근린생활시설 면적표
G82: 구 분 | I82: 전용면적 | K82: 공용면적 | M82: 소 계 | O82: 기타공용 (기전실) | P82: 지하주차장 | Q82: 합 계 | S82: 비 고
G83: 문화 및 집회시설 | I83: =M83*0.7 -> 0 | K83: =M83*0.3 -> 0 | M83: 0 | O83: =M83*0.15 -> 0 | P83: =#REF!*42 -> #REF! | Q83: =SUM(M83:P83) -> #REF!
I84: =I83*0.3025 -> 0 | K84: =K83*0.3025 -> 0 | M84: =M83*0.3025 -> 0 | O84: =O83*0.3025 -> 0 | P84: =P83*0.3025 -> #REF! | Q84: =Q83*0.3025 -> #REF!
G85: 근린생활시설 | H85: 지상 | I85: =M85*0.7 -> 2520 | K85: =M85*0.3 -> 1080 | M85: 3600 | O85: =$O$89*I85/$I$89 -> 558.62069 | P85: =$P$89*I85/$I$89 -> 1489.6552 | Q85: =SUM(M85:P85) -> 5648.2759 | V85: =I85/I89*Q89 -> 5648.2759
I86: =I85*0.3025 -> 762.3 | K86: =K85*0.3025 -> 326.7 | M86: =M85*0.3025 -> 1089 | O86: =O85*0.3025 -> 168.98276 | P86: =P85*0.3025 -> 450.62069 | Q86: =Q85*0.3025 -> 1708.6034
H87: 지하 | I87: =M87*0.7 -> 1540 | K87: =M87*0.3 -> 660 | M87: 2200 | O87: =$O$89*I87/$I$89 -> 341.37931 | P87: =$P$89*I87/$I$89 -> 910.34483 | Q87: =SUM(M87:P87) -> 3451.7241 | V87: =I87/I89*Q89 -> 3451.7241
I88: =I87*0.3025 -> 465.85 | K88: =K87*0.3025 -> 199.65 | M88: =M87*0.3025 -> 665.5 | O88: =O87*0.3025 -> 103.26724 | P88: =P87*0.3025 -> 275.37931 | Q88: =Q87*0.3025 -> 1044.1466
G89: 합 계 | I89: =M89*0.7 -> 4060 | K89: =M89*0.3 -> 1740 | M89: =M85+M87 -> 5800 | O89: 900 | P89: =R24*V17 -> 2400 | Q89: =SUM(M89:P89) -> 9100
I90: =I89*0.3025 -> 1228.15 | K90: =K89*0.3025 -> 526.35 | M90: =M89*0.3025 -> 1754.5 | O90: =O89*0.3025 -> 272.25 | P90: =P89*0.3025 -> 726 | Q90: =Q89*0.3025 -> 2752.75
J92: =H56*J56+J58*H58+H60*J60+J62*H62+H66*J66 -> 326053.05 | K92: =H56*K56+K58*H58+H60*K60+K62*H62+H66*K66 -> 28671.4 | P92: =P85+P87 -> 2400
H95: =H38+H58 -> 1168 | I95: =I38+I58 -> 0.24308012 | M95: =M52+M76 -> 120737.4 | N95: =N52+N76 -> 476303.45 | O95: =O52+O76 -> 1050 | P95: =P52+P76 -> 9810 | Q95: =Q52+Q76 -> 288300 | R95: =R52+R76 -> 299160 | S95: =S52+S76 -> 775463.45
H96: =H58+H60+H64 -> 1438
M101: 주택건설기준등에 관한 규정
N102: 0 | O102: 300 | P102: 500 | Q102: 1000 | R102: 2000
N103: 300세대 미만 | O103: 300~500세대 미만 | P103: 500~1000세대 미만 | Q103: 1000~2000세대 미만 | R103: 2000세대 이상
M104: 진입도로 | N104: 6 | O104: 8 | P104: 12 | Q104: 15 | R104: 20
M107: 필수 주민공동시설 세부면적기준
N108: 0 | O108: 150 | P108: 300 | Q108: 500 | R108: 1000 | S108: 1500
N109: 150세대 미만 | O109: 150~300세대 미만 | P109: 300~500세대 미만 | Q109: 500~1000세대 미만 | R109: 1000~1500세대 미만 | S109: 1500세대 이상
M110: 경로당 | N110: 0 | O110: =50+(H78*0.1) -> 530.5 | P110: 155 | Q110: 225 | R110: 375 | S110: 500
M111: 어린이집 | N111: 0 | O111: 0 | P111: 198 | Q111: 330 | R111: 580 | S111: 725
M112: 작은도서관 | N112: 0 | O112: 0 | P112: 108 | Q112: 158 | R112: 203 | S112: 298
...

Sheet 설계개요(통합개요)
G2: ■ 설 계 개 요 (통합개요) | N2: ■ 부대복리시설 | T2: 7.21 | V2: 44763
E3: 0.7 | G3: 사업명 | H3: 마포구 성산시영아파트 재건축정비사업 | N3: 구 분 | P3: 법적 설치기준 및 지침기준 | R3: 설치계획 | S3: 비고
E4: =J23/(J14*E3) -> #VALUE! | G4: 대지위치 | H4: 서울특별시 마포구 성산동 446일대 | N4: 진입도로 | O4: =INDEX($N$103:$R$103,MATCH($H$78,$N$102:$R$102,1)) -> #VALUE! | R4: =INDEX($N$104:$R$104,MATCH($H$78,$N$102:$R$102,1)) -> #VALUE!
G5: 지역지구 | H5: 제3종 일반주거지역 | N5: 단지내도로 | O5: 폭 7m 이상 | R5: 7M도로
G6: 건축규모 | H6: 지상 35층 / | I6: =ROUNDUP(E4,0) -> #VALUE! | N6: 관리사무소 | O6: =H78 -> #VALUE! | Q6: =IF(H78>=50, ROUNDUP((10+(H78-50)*0.05),2), "해당없음") -> #VALUE! | R6: ='설계개요(1단지)'!R6+'설계개요(2)'!R6 -> 280 | S6: (방재실, MDF포함)
G7: 용도 | H7: 공동주택 및 부대복리시설, 근린생활시설 | N7: 경 비 실 | R7: ='설계개요(1단지)'!R7+'설계개요(2)'!R7 -> 230
G8: 대 지 면 적 | H8: 사업면적 | J8: 182618.4 | K8: =ROUNDDOWN(J8*0.3025,2) -> 55242.06 | L8: =J8/$J$8 -> 1 | N8: 경 로 당 | O8: 주민공동시설 총량제 | P8: 1,500세대 이상 (서울시 주택조례) | Q8: 500 | R8: ='설계개요(1단지)'!R8+'설계개요(2)'!R8 -> 1320 | S8: *서울시 용적률완화적용
H9: 제외면적 | I9: 도로 | J9: 6830.9 | K9: =ROUNDDOWN(J9*0.3025,2) -> 2066.34 | L9: =J9/$J$8 -> 0.037405322 | N9: 어린이집 | Q9: 725 | R9: ='설계개요(1단지)'!R9+'설계개요(2)'!R9 -> 1700 | S9: *서울시 용적률완화적용
C10: 1000세대이상 | D10: 3 | E10: =$H$78*D10 -> #VALUE! | I10: 유치원 | J10: 1000 | K10: =ROUNDDOWN(J10*0.3025,2) -> 302.5 | L10: =J10/$J$8 -> 0.0054758995 | N10: 작은도서관 | Q10: 298 | R10: ='설계개요(1단지)'!R10+'설계개요(2)'!R10 -> 1150
I11: 공원 | J11: 14500 | K11: =ROUNDDOWN(J11*0.3025,2) -> 4386.25 | L11: =J11/$J$8 -> 0.079400542 | N11: 다함께돌봄센터 | P11: =IF(H78>=500,"500세대이상 의무설치", "해당없음") -> #VALUE! | Q11: =IF(H78>=500,"66㎡ 이상", "해당없음") -> #VALUE! | R11: ='설계개요(1단지)'!R11+'설계개요(2)'!R11 -> 600
N12: 주민공동시설 | R12: ='설계개요(1단지)'!R12+'설계개요(2)'!R12 -> 9545
I13: 소계 | J13: =SUM(J9:J12) -> 22330.9 | K13: =ROUNDDOWN(J13*0.3025,2) -> 6755.09 | L13: =J13/$J$8 -> 0.12228176 | N13: 주민운동시설(옥외) | P13: =IF(H78>=500,"500세대이상 의무설치", "해당없음") -> #VALUE! | R13: ='설계개요(1단지)'!R13+'설계개요(2)'!R13 -> 1800
H14: 실사용 대지면적 | J14: =J8-J13 -> 160287.5 | K14: =ROUNDDOWN(J14*0.3025,2) -> 48486.96 | L14: =J14/$J$8 -> 0.87771824 | N14: 어린이놀이터(옥외) | P14: =IF(H78<100,"해당없음",IF(H78<300,"지역여건에 맞게 설치",IF(H78<1000,"200㎡+세대당 1㎡",IF(H78>1000,"500㎡+세대당 0.7㎡")))) -> #VALUE! | Q14: =500+(H78*0.7) -> #VALUE! | R14: ='설계개요(1단지)'!R14+'설계개요(2)'!R14 -> 3900
C15: 120698 | G15: 연 면 적 | H15: 구 분 | J15: 계 획 | L15: 비 율 | N15: 총량검토 | O15: (500㎡+세대당 x 2㎡) x 1.25이상 설치 | Q15: =500+($H$78*2)*1.25 -> #VALUE! | R15: =R8+R9+R10+R11+R12+R13+R14 -> 20015 | S15: 총량제 면적 (관리사무소 제외)
C16: 93504.3 | D16: =C16/C15 -> 0.77469635 | H16: 아파트 | I16: 지상 | J16: =N78+R8+R9+R7 -> #VALUE! | K16: =ROUNDDOWN(J16*0.3025,2) -> #VALUE! | L16: =J16/$J$22 -> #VALUE! | N16: 조경시설 | O16: 대지면적 x 0.15 | Q16: =J14*0.15 -> 24043.125 | R16: =ROUNDUP(Q16,-2)+100 -> 24200 | V16: 주차대당
I17: 지하 | J17: =O78+Q78+R6+R10+R12+R11 -> #VALUE! | K17: =ROUNDDOWN(J17*0.3025,2) -> #VALUE! | N17: 유치원 | R17: 1000 | S17: *유치원용지 계획 | V17: 40
I18: 소계 | J18: =SUM(J16:J17) -> #VALUE! | K18: =ROUNDDOWN(J18*0.3025,2) -> #VALUE! | N18: 주차대수 | O18: 면적기준 | P18: 85㎡이하 전용/75 | Q18: =ROUNDUP((SUMPRODUCT(H36:H51,J36:J51)+SUMPRODUCT(H56:H63,J56:J63))/75,0) -> #VALUE! | R18: =H78*S18 -> #VALUE! | S18: 1.5
H19: 근린생활시설 | I19: 지상 | J19: =M85 -> 4320 | K19: =ROUNDDOWN(J19*0.3025,2) -> 1306.8 | L19: =J19/$J$22 -> #VALUE! | P19: 85㎡초과 전용/65 | Q19: =ROUNDUP((SUMPRODUCT(H64:H75,J64:J75))/65,0) -> #VALUE! | W19: ='설계개요(1단지)'!J17+'설계개요(2)'!J16 -> 322368.47
I20: 지하 | J20: =M87+O89+P89 -> 6200 | K20: =ROUNDDOWN(J20*0.3025,2) -> 1875.5 | P20: 소 계 | Q20: =SUM(Q18:Q19) -> #VALUE! | W20: ='설계개요(1단지)'!J18+'설계개요(2)'!J17 -> 234525
I21: 소계 | J21: =J19+J20 -> 10520 | K21: =ROUNDDOWN(J21*0.3025,2) -> 3182.3 | O21: 세대기준 | P21: 세대당0.8대(전용60㎡이하) | Q21: =(SUM(H36:H47)+SUM(H56:H59))*0.8 -> #VALUE! | W21: =W19+W20 -> 556893.47
H22: 합계 | I22: 지상 | J22: =J16+J19 -> #VALUE! | K22: =ROUNDDOWN(J22*0.3025,2) -> #VALUE! | L22: =J22/$J$22 -> #VALUE! | P22: 세대당1대(전용60㎡초과) | Q22: =(SUM(H48:H51)+SUM(H60:H75))*1 -> #VALUE! | W22: ='설계개요(1단지)'!J20+'설계개요(2)'!J19 -> 4320
I23: 지하 | J23: =J17+J20 -> #VALUE! | K23: =ROUNDDOWN(J23*0.3025,2) -> #VALUE! | P23: 소 계 | Q23: =SUM(Q21:Q22) -> #VALUE! | W23: ='설계개요(1단지)'!J21+'설계개요(2)'!J20 -> 6200
I24: 합계 | J24: =J18+J21 -> #VALUE! | K24: =ROUNDDOWN(J24*0.3025,2) -> #VALUE! | O24: 근린생활시설 | P24: 134 | Q24: =(M89+O89)/P24 -> 57.61194 | R24: =ROUNDUP(Q24*S24,0) -> 70 | S24: 1.2 | W24: =W22+W23 -> 10520
O25: 합 계 | Q25: =Q20+Q24 -> #VALUE! | R25: =SUM(R18+R24) -> #VALUE! | W25: ='설계개요(1단지)'!J26+'설계개요(2)'!J22 -> 326688.47
G26: 건축면적 | H26: ='설계개요(1단지)'!H30:J30+'설계개요(2)'!H26:J26 -> 20531.45 | K26: =ROUNDDOWN(H26*0.3025,2) -> 6210.76 | L26: 50 | W26: ='설계개요(1단지)'!J27+'설계개요(2)'!J23 -> 240725
G27: 건폐율 | H27: =H26/J14 -> 0.1280914 | N27: 재건축 소택임대비율 | O27: =H29 -> #VALUE! | P27: 2.5 | Q27: 2 | R27: =(O27-P27)/Q27 -> #VALUE! | S27: =R28 -> #VALUE! | T27: =P29+P30+P31 -> #VALUE! | W27: =W25+W26 -> 567413.47
G28: 용적률 산정 연면적 | H28: =J22-R8-R9 -> #VALUE! | K28: =ROUNDDOWN(H28*0.3025,2) -> #VALUE! | L28: 법적상한용적률 ( 300% 이하 ) | P28: =J14 -> 160287.5 | Q28: =R27 -> #VALUE! | R28: =P28*Q28 -> #VALUE!
G29: 용 적 율 | H29: =H28/J14 -> #VALUE! | O29: =G45 -> 49 | P29: =H42 -> #VALUE! | Q29: =N42 -> 67.7 | R29: =P29*Q29 -> #VALUE! | S29: =R29+R30+R31 -> #VALUE! | V29: =S29-S27 -> #VALUE!
G30: 세 대 수 | H30: =H78 -> #VALUE! | O30: =G47 -> 59 | P30: =H46 -> #VALUE! | Q30: =N46 -> 82.65 | R30: =P30*Q30 -> #VALUE!
G31: 주차대수 | H31: =R25 -> #VALUE! | L31: =$R$18/$H$78 -> #VALUE! | O31: =G51 -> 84 | P31: =H50 -> #VALUE! | Q31: =N50 -> 112.95 | R31: =P31*Q31 -> #VALUE!
G33: ■ 아파트 분양면적표
G34: 구 분 | H34: 세대수 | I34: 세대비 | J34: 주거전용 | K34: 주 거 공 용 면 적 | N34: 공급면적 | O34: 기타공용면적 | R34: 소 계 | S34: 계약면적 | T34: 비 고
K35: 벽체공용 | L35: 코어공용 | M35: 소 계 | O35: 기계,전기실 | P35: 부대복리시설 | Q35: 지하주차장
E36: =ROUNDUP(H78*0.05,0) -> #VALUE! | F36: =H36/#REF! -> #REF! | G36: =ROUNDDOWN(N37,0) -> 17 | I36: =H36/$H$78 -> #VALUE! | J36: =J54 -> 39.96 | K36: =K54 -> 3.65 | L36: =L54 -> 14.8 | M36: =K36+L36 -> 18.45 | N36: =J36+M36 -> 58.41 | O36: =$O$78/$J$78*J36 -> #VALUE! | P36: =$P$78/$J$78*J36 -> #VALUE! | Q36: =$Q$78/$J$78*J36 -> #VALUE! | R36: =O36+P36+Q36 -> #VALUE! | S36: =N36+R36 -> #VALUE! | T36: 의무임대
G37: 39 | J37: =ROUNDDOWN(J36*0.3025,2) -> 12.08 | K37: =ROUNDDOWN(K36*0.3025,2) -> 1.1 | L37: =ROUNDDOWN(L36*0.3025,2) -> 4.47 | M37: =ROUNDDOWN(M36*0.3025,2) -> 5.58 | N37: =ROUNDDOWN(N36*0.3025,2) -> 17.66 | O37: =ROUNDDOWN(O36*0.3025,2) -> #VALUE! | P37: =ROUNDDOWN(P36*0.3025,2) -> #VALUE! | Q37: =ROUNDDOWN(Q36*0.3025,2) -> #VALUE! | ... S37: =ROUNDDOWN(S36*0.3025,2) -> #VALUE!
F38: =H38/#REF! -> #REF! | G38: =ROUNDDOWN(N39,0) -> 20 | I38: =H38/$H$78 -> #VALUE! | J38: =J56 -> 49.8 | K38: =K56 -> 3.7 | L38: =L56 -> 14.2 | M38: =K38+L38 -> 17.9 | N38: =M38+J38 -> 67.7 | O38: =$O$78/$J$78*J38 -> #VALUE! | P38: =$P$78/$J$78*J38 -> #VALUE! | Q38: =$Q$78/$J$78*J38 -> #VALUE! | R38: =O38+P38+Q38 -> #VALUE! | S38: =N38+R38 -> #VALUE!
G39: =ROUNDDOWN(J38,0) -> 49 | J39: =ROUNDDOWN(J38*0.3025,2) -> 15.06 | K39: =ROUNDDOWN(K38*0.3025,2) -> 1.11 | L39: =ROUNDDOWN(L38*0.3025,2) -> 4.29 | M39: =ROUNDDOWN(M38*0.3025,2) -> 5.41 | N39: =ROUNDDOWN(N38*0.3025,2) -> 20.47 | O39: =ROUNDDOWN(O38*0.3025,2) -> #VALUE! | P39: =ROUNDDOWN(P38*0.3025,2) -> #VALUE! | Q39: =ROUNDDOWN(Q38*0.3025,2) -> #VALUE! | ... S39: =ROUNDDOWN(S38*0.3025,2) -> #VALUE!
F40: =H40/#REF! -> #REF! | G40: =ROUNDDOWN(N41,0) -> 25 | I40: =H40/$H$78 -> #VALUE! | J40: =J58 -> 59.95 | K40: =K58 -> 6.2 | L40: =L58 -> 16.5 | M40: =K40+L40 -> 22.7 | N40: =M40+J40 -> 82.65 | O40: =$O$78/$J$78*J40 -> #VALUE! | P40: =$P$78/$J$78*J40 -> #VALUE! | Q40: =$Q$78/$J$78*J40 -> #VALUE! | R40: =O40+P40+Q40 -> #VALUE! | S40: =N40+R40 -> #VALUE!
G41: =ROUNDDOWN(J40,0) -> 59 | J41: =ROUNDDOWN(J40*0.3025,2) -> 18.13 | K41: =ROUNDDOWN(K40*0.3025,2) -> 1.87 | L41: =ROUNDDOWN(L40*0.3025,2) -> 4.99 | M41: =ROUNDDOWN(M40*0.3025,2) -> 6.86 | N41: =ROUNDDOWN(N40*0.3025,2) -> 25 | O41: =ROUNDDOWN(O40*0.3025,2) -> #VALUE! | P41: =ROUNDDOWN(P40*0.3025,2) -> #VALUE! | Q41: =ROUNDDOWN(Q40*0.3025,2) -> #VALUE! | ... S41: =ROUNDDOWN(S40*0.3025,2) -> #VALUE!
E42: =H42/$H$52 -> #VALUE! | G42: =ROUNDDOWN(N43,0) -> 20 | H42: ='설계개요(1단지)'!H46:H47+'설계개요(2)'!H42:H43 -> #VALUE! | I42: =H42/$H$78 -> #VALUE! | J42: 49.8 | K42: 3.7 | L42: 14.2 | M42: =K42+L42 -> 17.9 | N42: =M42+J42 -> 67.7 | O42: =$O$78/$J$78*J42 -> #VALUE! | P42: =$P$78/$J$78*J42 -> #VALUE! | Q42: =$Q$78/$J$78*J42 -> #VALUE! | R42: =O42+P42+Q42 -> #VALUE! | S42: =N42+R42 -> #VALUE! | T42: 임대 | U42: =J42/N42 -> 0.73559823
G43: =ROUNDDOWN(J42,0) -> 49 | I43: =H42/$H$52 -> #VALUE! | J43: =ROUNDDOWN(J42*0.3025,2) -> 15.06 | K43: =ROUNDDOWN(K42*0.3025,2) -> 1.11 | L43: =ROUNDDOWN(L42*0.3025,2) -> 4.29 | M43: =ROUNDDOWN(M42*0.3025,2) -> 5.41 | N43: =ROUNDDOWN(N42*0.3025,2) -> 20.47 | O43: =ROUNDDOWN(O42*0.3025,2) -> #VALUE! | P43: =ROUNDDOWN(P42*0.3025,2) -> #VALUE! | Q43: =ROUNDDOWN(Q42*0.3025,2) -> #VALUE! | ... S43: =ROUNDDOWN(S42*0.3025,2) -> #VALUE!
E44: =C44/$H$78 -> #VALUE! | G44: =ROUNDDOWN(N43,0) -> 20 | I44: =H44/$H$78 -> #VALUE!
G45: =ROUNDDOWN(J42,0) -> 49
E46: =H46/$H$52 -> #VALUE! | G46: =ROUNDDOWN(N47,0) -> 25 | H46: ='설계개요(1단지)'!H50:H51+'설계개요(2)'!H46:H47 -> #VALUE! | I46: =H46/$H$78 -> #VALUE! | J46: =J58 -> 59.95 | K46: 6.2 | L46: 16.5 | M46: =K46+L46 -> 22.7 | N46: =M46+J46 -> 82.65 | O46: =$O$78/$J$78*J46 -> #VALUE! | P46: =$P$78/$J$78*J46 -> #VALUE! | Q46: =$Q$78/$J$78*J46 -> #VALUE! | R46: =O46+P46+Q46 -> #VALUE! | S46: =N46+R46 -> #VALUE! | U46: =J46/N46 -> 0.72534785
G47: =ROUNDDOWN(J46,0) -> 59 | I47: =H46/$H$52 -> #VALUE! | J47: =ROUNDDOWN(J46*0.3025,2) -> 18.13 | K47: =ROUNDDOWN(K46*0.3025,2) -> 1.87 | L47: =ROUNDDOWN(L46*0.3025,2) -> 4.99 | M47: =ROUNDDOWN(M46*0.3025,2) -> 6.86 | N47: =ROUNDDOWN(N46*0.3025,2) -> 25 | O47: =ROUNDDOWN(O46*0.3025,2) -> #VALUE! | P47: =ROUNDDOWN(P46*0.3025,2) -> #VALUE! | Q47: =ROUNDDOWN(Q46*0.3025,2) -> #VALUE! | ... S47: =ROUNDDOWN(S46*0.3025,2) -> #VALUE!
E48: =C48/$H$78 -> #VALUE! | G48: =ROUNDDOWN(N49,0) -> 30 | I48: =H48/$H$78 -> #VALUE! | J48: =J60 -> 74 | K48: =K60 -> 7.03 | L48: =L60 -> 18.5 | M48: =K48+L48 -> 25.53 | N48: =M48+J48 -> 99.53 | O48: =$O$78/$J$78*J48 -> #VALUE! | P48: =$P$78/$J$78*J48 -> #VALUE! | Q48: =$Q$78/$J$78*J48 -> #VALUE! | R48: =O48+P48+Q48 -> #VALUE! | S48: =N48+R48 -> #VALUE!
G49: =ROUNDDOWN(J48,0) -> 74 | J49: =ROUNDDOWN(J48*0.3025,2) -> 22.38 | K49: =ROUNDDOWN(K48*0.3025,2) -> 2.12 | L49: =ROUNDDOWN(L48*0.3025,2) -> 5.59 | M49: =ROUNDDOWN(M48*0.3025,2) -> 7.72 | N49: =ROUNDDOWN(N48*0.3025,2) -> 30.1 | O49: =ROUNDDOWN(O48*0.3025,2) -> #VALUE! | P49: =ROUNDDOWN(P48*0.3025,2) -> #VALUE! | Q49: =ROUNDDOWN(Q48*0.3025,2) -> #VALUE! | ... S49: =ROUNDDOWN(S48*0.3025,2) -> #VALUE!
E50: =H50/$H$52 -> #VALUE! | F50: =H50/H52*100 -> #VALUE! | G50: =ROUNDDOWN(N51,0) -> 34 | H50: ='설계개요(1단지)'!H54:H55+'설계개요(2)'!H50:H51 -> #VALUE! | I50: =H50/$H$78 -> #VALUE! | J50: =J62 -> 84.95 | K50: 7.5 | L50: 20.5 | M50: =K50+L50 -> 28 | N50: =M50+J50 -> 112.95 | O50: =$O$78/$J$78*J50 -> #VALUE! | P50: =$P$78/$J$78*J50 -> #VALUE! | Q50: =$Q$78/$J$78*J50 -> #VALUE! | R50: =O50+P50+Q50 -> #VALUE! | S50: =N50+R50 -> #VALUE! | U50: =J50/N50 -> 0.7521027
G51: =ROUNDDOWN(J50,0) -> 84 | I51: =H50/$H$52 -> #VALUE! | J51: =ROUNDDOWN(J50*0.3025,2) -> 25.69 | K51: =ROUNDDOWN(K50*0.3025,2) -> 2.26 | L51: =ROUNDDOWN(L50*0.3025,2) -> 6.2 | M51: =ROUNDDOWN(M50*0.3025,2) -> 8.47 | N51: =ROUNDDOWN(N50*0.3025,2) -> 34.16 | O51: =ROUNDDOWN(O50*0.3025,2) -> #VALUE! | P51: =ROUNDDOWN(P50*0.3025,2) -> #VALUE! | Q51: =ROUNDDOWN(Q50*0.3025,2) -> #VALUE! | ... S51: =ROUNDDOWN(S50*0.3025,2) -> #VALUE!
E52: =SUM(E42:E51) -> #VALUE! | G52: 소 계 | H52: =SUM(H36:H51) -> #VALUE! | I52: =I42+I46+I50 -> #VALUE! | J52: =SUMPRODUCT(H36:H51,J36:J51) -> #VALUE! | K52: =SUMPRODUCT(H36:H51,K36:K51) -> #VALUE! | L52: =SUMPRODUCT(H36:H51,L36:L51) -> #VALUE! | M52: =K52+L52 -> #VALUE! | N52: =J52+M52 -> #VALUE! | O52: =SUMPRODUCT(H36:H51,O36:O51) -> #VALUE! | P52: =SUMPRODUCT(H36:H51,P36:P51) -> #VALUE! | Q52: =SUMPRODUCT(H36:H51,Q36:Q51) -> #VALUE! | R52: =O52+P52+Q52 -> #VALUE! | S52: =N52+R52 -> #VALUE!
I53: =I43+I47+I51 -> #VALUE! | J53: =ROUNDDOWN(J52*0.3025,2) -> #VALUE! | K53: =ROUNDDOWN(K52*0.3025,2) -> #VALUE! | L53: =ROUNDDOWN(L52*0.3025,2) -> #VALUE! | M53: =ROUNDDOWN(M52*0.3025,2) -> #VALUE! | N53: =ROUNDDOWN(N52*0.3025,2) -> #VALUE! | O53: =ROUNDDOWN(O52*0.3025,2) -> #VALUE! | P53: =ROUNDDOWN(P52*0.3025,2) -> #VALUE! | Q53: =ROUNDDOWN(Q52*0.3025,2) -> #VALUE! | ... S53: =ROUNDDOWN(S52*0.3025,2) -> #VALUE!
E54: =C54/$H$78 -> #VALUE! | G54: =ROUNDDOWN(N55,0) -> 17 | I54: =H54/$H$78 -> #VALUE! | J54: 39.96 | K54: 3.65 | L54: 14.8 | M54: =K54+L54 -> 18.45 | N54: =J54+M54 -> 58.41 | O54: =$O$78/$J$78*J54 -> #VALUE! | P54: =$P$78/$J$78*J54 -> #VALUE! | Q54: =$Q$78/$J$78*J54 -> #VALUE! | R54: =O54+P54+Q54 -> #VALUE! | S54: =N54+R54 -> #VALUE! | T54: 분양
G55: 39 | J55: =ROUNDDOWN(J54*0.3025,2) -> 12.08 | K55: =ROUNDDOWN(K54*0.3025,2) -> 1.1 | L55: =ROUNDDOWN(L54*0.3025,2) -> 4.47 | M55: =ROUNDDOWN(M54*0.3025,2) -> 5.58 | N55: =ROUNDDOWN(N54*0.3025,2) -> 17.66 | O55: =ROUNDDOWN(O54*0.3025,2) -> #VALUE! | P55: =ROUNDDOWN(P54*0.3025,2) -> #VALUE! | Q55: =ROUNDDOWN(Q54*0.3025,2) -> #VALUE! | ... S55: =ROUNDDOWN(S54*0.3025,2) -> #VALUE!
E56: =H56/$H$76 -> #VALUE! | G56: =ROUNDDOWN(N57,0) -> 20 | H56: ='설계개요(1단지)'!H60:H61+'설계개요(2)'!H56:H57 -> #VALUE! | I56: =H56/$H$78 -> #VALUE! | J56: 49.8 | K56: 3.7 | L56: 14.2 | M56: =K56+L56 -> 17.9 | N56: =M56+J56 -> 67.7 | O56: =$O$78/$J$78*J56 -> #VALUE! | P56: =$P$78/$J$78*J56 -> #VALUE! | Q56: =$Q$78/$J$78*J56 -> #VALUE! | R56: =O56+P56+Q56 -> #VALUE! | S56: =N56+R56 -> #VALUE! | U56: =J56/N56 -> 0.73559823
G57: =ROUNDDOWN(J56,0) -> 49 | I57: =H56/$H$76 -> #VALUE! | J57: =ROUNDDOWN(J56*0.3025,2) -> 15.06 | K57: =ROUNDDOWN(K56*0.3025,2) -> 1.11 | L57: =ROUNDDOWN(L56*0.3025,2) -> 4.29 | M57: =ROUNDDOWN(M56*0.3025,2) -> 5.41 | N57: =ROUNDDOWN(N56*0.3025,2) -> 20.47 | O57: =ROUNDDOWN(O56*0.3025,2) -> #VALUE! | P57: =ROUNDDOWN(P56*0.3025,2) -> #VALUE! | Q57: =ROUNDDOWN(Q56*0.3025,2) -> #VALUE! | ... S57: =ROUNDDOWN(S56*0.3025,2) -> #VALUE!
E58: =H58/$H$76 -> #VALUE! | G58: =ROUNDDOWN(N59,0) -> 25 | H58: ='설계개요(1단지)'!H62:H63+'설계개요(2)'!H58:H59 -> #VALUE! | I58: =H58/$H$78 -> #VALUE! | J58: 59.95 | K58: 6.2 | L58: 16.5 | M58: =K58+L58 -> 22.7 | N58: =M58+J58 -> 82.65 | O58: =$O$78/$J$78*J58 -> #VALUE! | P58: =$P$78/$J$78*J58 -> #VALUE! | Q58: =$Q$78/$J$78*J58 -> #VALUE! | R58: =O58+P58+Q58 -> #VALUE! | S58: =N58+R58 -> #VALUE! | U58: =J58/N58 -> 0.72534785
G59: =ROUNDDOWN(J58,0) -> 59 | I59: =H58/$H$76 -> #VALUE! | J59: =ROUNDDOWN(J58*0.3025,2) -> 18.13 | K59: =ROUNDDOWN(K58*0.3025,2) -> 1.87 | L59: =ROUNDDOWN(L58*0.3025,2) -> 4.99 | M59: =ROUNDDOWN(M58*0.3025,2) -> 6.86 | N59: =ROUNDDOWN(N58*0.3025,2) -> 25 | O59: =ROUNDDOWN(O58*0.3025,2) -> #VALUE! | P59: =ROUNDDOWN(P58*0.3025,2) -> #VALUE! | Q59: =ROUNDDOWN(Q58*0.3025,2) -> #VALUE! | ... S59: =ROUNDDOWN(S58*0.3025,2) -> #VALUE!
E60: =H60/$H$76 -> #VALUE! | G60: =ROUNDDOWN(N61,0) -> 30 | H60: ='설계개요(1단지)'!H64:H65+'설계개요(2)'!H60:H61 -> #VALUE! | I60: =H60/$H$78 -> #VALUE! | J60: 74 | K60: 7.03 | L60: 18.5 | M60: =K60+L60 -> 25.53 | N60: =J60+M60 -> 99.53 | O60: =$O$78/$J$78*J60 -> #VALUE! | P60: =$P$78/$J$78*J60 -> #VALUE! | Q60: =$Q$78/$J$78*J60 -> #VALUE! | R60: =O60+P60+Q60 -> #VALUE! | S60: =N60+R60 -> #VALUE! | U60: =J60/N60 -> 0.74349442
G61: =ROUNDDOWN(J60,0) -> 74 | I61: =H60/$H$76 -> #VALUE! | J61: =ROUNDDOWN(J60*0.3025,2) -> 22.38 | K61: =ROUNDDOWN(K60*0.3025,2) -> 2.12 | L61: =ROUNDDOWN(L60*0.3025,2) -> 5.59 | M61: =ROUNDDOWN(M60*0.3025,2) -> 7.72 | N61: =ROUNDDOWN(N60*0.3025,2) -> 30.1 | O61: =ROUNDDOWN(O60*0.3025,2) -> #VALUE! | P61: =ROUNDDOWN(P60*0.3025,2) -> #VALUE! | Q61: =ROUNDDOWN(Q60*0.3025,2) -> #VALUE! | ... S61: =ROUNDDOWN(S60*0.3025,2) -> #VALUE!
E62: =H62/$H$76 -> #VALUE! | G62: =ROUNDDOWN(N63,0) -> 34 | H62: ='설계개요(1단지)'!H66:H67+'설계개요(2)'!H62:H63 -> #VALUE! | I62: =H62/$H$78 -> #VALUE! | J62: 84.95 | K62: 7.5 | L62: 20.5 | M62: =K62+L62 -> 28 | N62: =J62+M62 -> 112.95 | O62: =$O$78/$J$78*J62 -> #VALUE! | P62: =$P$78/$J$78*J62 -> #VALUE! | Q62: =$Q$78/$J$78*J62 -> #VALUE! | R62: =O62+P62+Q62 -> #VALUE! | S62: =N62+R62 -> #VALUE! | U62: =J62/N62 -> 0.7521027
G63: =ROUNDDOWN(J62,0) -> 84 | I63: =H62/$H$76 -> #VALUE! | J63: =ROUNDDOWN(J62*0.3025,2) -> 25.69 | K63: =ROUNDDOWN(K62*0.3025,2) -> 2.26 | L63: =ROUNDDOWN(L62*0.3025,2) -> 6.2 | M63: =ROUNDDOWN(M62*0.3025,2) -> 8.47 | N63: =ROUNDDOWN(N62*0.3025,2) -> 34.16 | O63: =ROUNDDOWN(O62*0.3025,2) -> #VALUE! | P63: =ROUNDDOWN(P62*0.3025,2) -> #VALUE! | Q63: =ROUNDDOWN(Q62*0.3025,2) -> #VALUE! | ... S63: =ROUNDDOWN(S62*0.3025,2) -> #VALUE!
E64: =C64/$H$78 -> #VALUE! | G64: =ROUNDDOWN(N65,0) -> 40 | I64: =H64/$H$78 -> #VALUE! | J64: 102.98 | K64: 8.72 | L64: 22.8 | M64: =K64+L64 -> 31.52 | N64: =J64+M64 -> 134.5 | O64: =$O$78/$J$78*J64 -> #VALUE! | P64: =$P$78/$J$78*J64 -> #VALUE! | Q64: =$Q$78/$J$78*J64 -> #VALUE! | R64: =O64+P64+Q64 -> #VALUE! | S64: =N64+R64 -> #VALUE!
G65: =ROUNDDOWN(J64,0) -> 102 | J65: =ROUNDDOWN(J64*0.3025,2) -> 31.15 | K65: =ROUNDDOWN(K64*0.3025,2) -> 2.63 | L65: =ROUNDDOWN(L64*0.3025,2) -> 6.89 | M65: =ROUNDDOWN(M64*0.3025,2) -> 9.53 | N65: =ROUNDDOWN(N64*0.3025,2) -> 40.68 | O65: =ROUNDDOWN(O64*0.3025,2) -> #VALUE! | P65: =ROUNDDOWN(P64*0.3025,2) -> #VALUE! | Q65: =ROUNDDOWN(Q64*0.3025,2) -> #VALUE! | ... S65: =ROUNDDOWN(S64*0.3025,2) -> #VALUE!
E66: =H66/$H$76 -> #VALUE! | G66: =ROUNDDOWN(N67,0) -> 46 | H66: ='설계개요(1단지)'!H70:H71+'설계개요(2)'!H66:H67 -> #VALUE! | I66: =H66/$H$78 -> #VALUE! | J66: 118 | K66: 8.6 | L66: 25.5 | M66: =K66+L66 -> 34.1 | N66: =J66+M66 -> 152.1 | O66: =$O$78/$J$78*J66 -> #VALUE! | P66: =$P$78/$J$78*J66 -> #VALUE! | Q66: =$Q$78/$J$78*J66 -> #VALUE! | R66: =O66+P66+Q66 -> #VALUE! | S66: =N66+R66 -> #VALUE! | U66: =J66/N66 -> 0.77580539
G67: =ROUNDDOWN(J66,0) -> 118 | I67: =H66/$H$76 -> #VALUE! | J67: =ROUNDDOWN(J66*0.3025,2) -> 35.69 | K67: =ROUNDDOWN(K66*0.3025,2) -> 2.6 | L67: =ROUNDDOWN(L66*0.3025,2) -> 7.71 | M67: =ROUNDDOWN(M66*0.3025,2) -> 10.31 | N67: =ROUNDDOWN(N66*0.3025,2) -> 46.01 | O67: =ROUNDDOWN(O66*0.3025,2) -> #VALUE! | P67: =ROUNDDOWN(P66*0.3025,2) -> #VALUE! | Q67: =ROUNDDOWN(Q66*0.3025,2) -> #VALUE! | ... S67: =ROUNDDOWN(S66*0.3025,2) -> #VALUE!
E68: =C68/$H$78 -> #VALUE! | G68: =ROUNDDOWN(N69,0) -> 47 | I68: =H68/$H$78 -> #VALUE! | J68: 120.97 | K68: 10.72 | L68: 24.8 | M68: =K68+L68 -> 35.52 | N68: =J68+M68 -> 156.49 | O68: =$O$78/$J$78*J68 -> #VALUE! | P68: =$P$78/$J$78*J68 -> #VALUE! | Q68: =$Q$78/$J$78*J68 -> #VALUE! | R68: =O68+P68+Q68 -> #VALUE! | S68: =N68+R68 -> #VALUE!
G69: =ROUNDDOWN(J68,0) -> 120 | J69: =ROUNDDOWN(J68*0.3025,2) -> 36.59 | K69: =ROUNDDOWN(K68*0.3025,2) -> 3.24 | L69: =ROUNDDOWN(L68*0.3025,2) -> 7.5 | M69: =ROUNDDOWN(M68*0.3025,2) -> 10.74 | N69: =ROUNDDOWN(N68*0.3025,2) -> 47.33 | O69: =ROUNDDOWN(O68*0.3025,2) -> #VALUE! | P69: =ROUNDDOWN(P68*0.3025,2) -> #VALUE! | Q69: =ROUNDDOWN(Q68*0.3025,2) -> #VALUE! | ... S69: =ROUNDDOWN(S68*0.3025,2) -> #VALUE!
E70: =C70/$H$78 -> #VALUE! | G70: =ROUNDDOWN(N71,0) -> 52 | I70: =H70/$H$78 -> #VALUE! | J70: 137.35 | K70: 11.28 | L70: 25.54 | M70: =K70+L70 -> 36.82 | N70: =J70+M70 -> 174.17 | O70: =$O$78/$J$78*J70 -> #VALUE! | P70: =$P$78/$J$78*J70 -> #VALUE! | Q70: =$Q$78/$J$78*J70 -> #VALUE! | R70: =O70+P70+Q70 -> #VALUE! | S70: =N70+R70 -> #VALUE!
G71: =ROUNDDOWN(J70,0) -> 137 | J71: =ROUNDDOWN(J70*0.3025,2) -> 41.54 | K71: =ROUNDDOWN(K70*0.3025,2) -> 3.41 | L71: =ROUNDDOWN(L70*0.3025,2) -> 7.72 | M71: =ROUNDDOWN(M70*0.3025,2) -> 11.13 | N71: =ROUNDDOWN(N70*0.3025,2) -> 52.68 | O71: =ROUNDDOWN(O70*0.3025,2) -> #VALUE! | P71: =ROUNDDOWN(P70*0.3025,2) -> #VALUE! | Q71: =ROUNDDOWN(Q70*0.3025,2) -> #VALUE! | ... S71: =ROUNDDOWN(S70*0.3025,2) -> #VALUE!
E72: =C72/$H$75 -> #DIV/0! | G72: =ROUNDDOWN(N73,0) -> 62 | I72: =H72/$H$75 -> #DIV/0! | J72: 165.89 | K72: 13.45 | L72: 26.42 | M72: =K72+L72 -> 39.87 | N72: =J72+M72 -> 205.76 | O72: =$O$75/$J$75*J72 -> #VALUE! | P72: =$P$75/$J$75*J72 -> #VALUE! | Q72: =$Q$75/$J$75*J72 -> #VALUE! | R72: =O72+P72+Q72 -> #VALUE! | S72: =N72+R72 -> #VALUE!
G73: =ROUNDDOWN(J72,0) -> 165 | J73: =ROUNDDOWN(J72*0.3025,2) -> 50.18 | K73: =ROUNDDOWN(K72*0.3025,2) -> 4.06 | L73: =ROUNDDOWN(L72*0.3025,2) -> 7.99 | M73: =ROUNDDOWN(M72*0.3025,2) -> 12.06 | N73: =ROUNDDOWN(N72*0.3025,2) -> 62.24 | O73: =ROUNDDOWN(O72*0.3025,2) -> #VALUE! | P73: =ROUNDDOWN(P72*0.3025,2) -> #VALUE! | Q73: =ROUNDDOWN(Q72*0.3025,2) -> #VALUE! | ... S73: =ROUNDDOWN(S72*0.3025,2) -> #VALUE!
E74: =C74/$H$78 -> #VALUE! | G74: =ROUNDDOWN(N75,0) -> 49 | I74: =H74/$H$78 -> #VALUE! | J74: 124.94 | K74: 11.85 | L74: 27.85 | M74: =K74+L74 -> 39.7 | N74: =J74+M74 -> 164.64 | O74: =$O$78/$J$78*J74 -> #VALUE! | P74: =$P$78/$J$78*J74 -> #VALUE! | Q74: =$Q$78/$J$78*J74 -> #VALUE! | R74: =O74+P74+Q74 -> #VALUE! | S74: =N74+R74 -> #VALUE! | V74: =N52+N76 -> #VALUE!
G75: =ROUNDDOWN(J74,0) -> 124 | J75: =ROUNDDOWN(J74*0.3025,2) -> 37.79 | K75: =ROUNDDOWN(K74*0.3025,2) -> 3.58 | L75: =ROUNDDOWN(L74*0.3025,2) -> 8.42 | M75: =ROUNDDOWN(M74*0.3025,2) -> 12 | N75: =ROUNDDOWN(N74*0.3025,2) -> 49.8 | O75: =ROUNDDOWN(O74*0.3025,2) -> #VALUE! | P75: =ROUNDDOWN(P74*0.3025,2) -> #VALUE! | Q75: =ROUNDDOWN(Q74*0.3025,2) -> #VALUE! | ... S75: =ROUNDDOWN(S74*0.3025,2) -> #VALUE! | V75: =R52+R76 -> #VALUE!
E76: =E56+E58+E60+E62+E66 -> #VALUE! | G76: 소 계 | H76: =SUM(H54:H75) -> #VALUE! | I76: =I56+I58+I60+I62+I66 -> #VALUE! | J76: =SUMPRODUCT(H54:H75,J54:J75) -> #VALUE! | K76: =SUMPRODUCT(H54:H75,K54:K75) -> #VALUE! | L76: =SUMPRODUCT(H54:H75,L54:L75) -> #VALUE! | M76: =K76+L76 -> #VALUE! | N76: =J76+M76 -> #VALUE! | O76: =SUMPRODUCT(H54:H75,O54:O75) -> #VALUE! | P76: =SUMPRODUCT(H54:H75,P54:P75) -> #VALUE! | Q76: =SUMPRODUCT(H54:H75,Q54:Q75) -> #VALUE! | R76: =O76+P76+Q76 -> #VALUE! | S76: =N76+R76 -> #VALUE! | V76: =S52+S76 -> #VALUE!
I77: =H76/$H$76 -> #VALUE! | J77: =ROUNDDOWN(J76*0.3025,2) -> #VALUE! | K77: =ROUNDDOWN(K76*0.3025,2) -> #VALUE! | L77: =ROUNDDOWN(L76*0.3025,2) -> #VALUE! | M77: =ROUNDDOWN(M76*0.3025,2) -> #VALUE! | N77: =ROUNDDOWN(N76*0.3025,2) -> #VALUE! | O77: =ROUNDDOWN(O76*0.3025,2) -> #VALUE! | P77: =ROUNDDOWN(P76*0.3025,2) -> #VALUE! | Q77: =ROUNDDOWN(Q76*0.3025,2) -> #VALUE! | ... S77: =ROUNDDOWN(S76*0.3025,2) -> #VALUE!
G78: 합 계 | H78: =H52+H76 -> #VALUE! | I78: =I52+I76 -> #VALUE! | J78: =J52+J76 -> #VALUE! | K78: =K52+K76 -> #VALUE! | L78: =L52+L76 -> #VALUE! | M78: =K78+L78 -> #VALUE! | N78: =J78+M78 -> #VALUE! | O78: 1050 | P78: =R6+R7+R8+R9+R10+R11+R12 -> 14825 | Q78: =(R18*V17) -> #VALUE! | R78: =O78+P78+Q78 -> #VALUE! | S78: =N78+R78 -> #VALUE!
J79: =ROUNDDOWN(J78*0.3025,2) -> #VALUE! | K79: =ROUNDDOWN(K78*0.3025,2) -> #VALUE! | L79: =ROUNDDOWN(L78*0.3025,2) -> #VALUE! | M79: =ROUNDDOWN(M78*0.3025,2) -> #VALUE! | N79: =ROUNDDOWN(N78*0.3025,2) -> #VALUE! | O79: =ROUNDDOWN(O78*0.3025,2) -> 317.62 | P79: =ROUNDDOWN(P78*0.3025,2) -> 4484.56 | Q79: =ROUNDDOWN(Q78*0.3025,2) -> #VALUE! | ... S79: =ROUNDDOWN(S78*0.3025,2) -> #VALUE!
G81: ■ 근린생활시설 면적표
G82: 구 분 | I82: 전용면적 | K82: 공용면적 | M82: 소 계 | O82: 기타공용 (기전실) | P82: 지하주차장 | Q82: 합 계 | S82: 비 고
G83: 문화 및 집회시설 | I83: =M83*0.7 -> 0 | K83: =M83*0.3 -> 0 | M83: 0 | O83: =M83*0.15 -> 0 | P83: =#REF!*42 -> #REF! | Q83: =SUM(M83:P83) -> #REF!
I84: =I83*0.3025 -> 0 | K84: =K83*0.3025 -> 0 | M84: =M83*0.3025 -> 0 | O84: =O83*0.3025 -> 0 | P84: =P83*0.3025 -> #REF! | Q84: =Q83*0.3025 -> #REF!
G85: 근린생활시설 | H85: 지상 | I85: =M85*0.7 -> 3024 | K85: =M85*0.3 -> 1296 | M85: ='설계개요(1단지)'!M89:N89+'설계개요(2)'!M85:N85 -> 4320 | O85: =$O$89*I85/$I$89 -> 795.09202 | P85: =$P$89*I85/$I$89 -> 1855.2147 | Q85: =SUM(M85:P85) -> 6970.3067 | V85: =I85/I89*Q89 -> 6970.3067
I86: =I85*0.3025 -> 914.76 | K86: =K85*0.3025 -> 392.04 | M86: =M85*0.3025 -> 1306.8 | O86: =O85*0.3025 -> 240.51534 | P86: =P85*0.3025 -> 561.20245 | Q86: =Q85*0.3025 -> 2108.5178
H87: 지하 | I87: =M87*0.7 -> 1540 | K87: =M87*0.3 -> 660 | M87: ='설계개요(1단지)'!M91:N91+'설계개요(2)'!M87:N87 -> 2200 | O87: =$O$89*I87/$I$89 -> 404.90798 | P87: =$P$89*I87/$I$89 -> 944.78528 | Q87: =SUM(M87:P87) -> 3549.6933 | V87: =I87/I89*Q89 -> 3549.6933
I88: =I87*0.3025 -> 465.85 | K88: =K87*0.3025 -> 199.65 | M88: =M87*0.3025 -> 665.5 | O88: =O87*0.3025 -> 122.48466 | P88: =P87*0.3025 -> 285.79755 | Q88: =Q87*0.3025 -> 1073.7822
G89: 합 계 | I89: =M89*0.7 -> 4564 | K89: =M89*0.3 -> 1956 | M89: =M85+M87 -> 6520 | O89: ='설계개요(1단지)'!O93+'설계개요(2)'!O89 -> 1200 | P89: ='설계개요(1단지)'!P93+'설계개요(2)'!P89 -> 2800 | Q89: =SUM(M89:P89) -> 10520
I90: =I89*0.3025 -> 1380.61 | K90: =K89*0.3025 -> 591.69 | M90: =M89*0.3025 -> 1972.3 | O90: =O89*0.3025 -> 363 | P90: =P89*0.3025 -> 847 | Q90: =Q89*0.3025 -> 3182.3
J92: =H56*J56+J58*H58+H60*J60+J62*H62+H66*J66 -> #VALUE! | K92: =H56*K56+K58*H58+H60*K60+K62*H62+H66*K66 -> #VALUE! | P92: =P85+P87 -> 2800
H95: =H38+H58 -> #VALUE! | I95: =I38+I58 -> #VALUE! | M95: =M52+M76 -> #VALUE! | N95: =N52+N76 -> #VALUE! | O95: =O52+O76 -> #VALUE! | P95: =P52+P76 -> #VALUE! | Q95: =Q52+Q76 -> #VALUE! | R95: =R52+R76 -> #VALUE! | S95: =S52+S76 -> #VALUE!
H96: =H58+H60+H64 -> #VALUE!
M101: 주택건설기준등에 관한 규정
N102: 0 | O102: 300 | P102: 500 | Q102: 1000 | R102: 2000
N103: 300세대 미만 | O103: 300~500세대 미만 | P103: 500~1000세대 미만 | Q103: 1000~2000세대 미만 | R103: 2000세대 이상
M104: 진입도로 | N104: 6 | O104: 8 | P104: 12 | Q104: 15 | R104: 20
M107: 필수 주민공동시설 세부면적기준
N108: 0 | O108: 150 | P108: 300 | Q108: 500 | R108: 1000 | S108: 1500
N109: 150세대 미만 | O109: 150~300세대 미만 | P109: 300~500세대 미만 | Q109: 500~1000세대 미만 | R109: 1000~1500세대 미만 | S109: 1500세대 이상
M110: 경로당 | N110: 0 | O110: =50+(H78*0.1) -> #VALUE! | P110: 155 | Q110: 225 | R110: 375 | S110: 500
M111: 어린이집 | N111: 0 | O111: 0 | P111: 198 | Q111: 330 | R111: 580 | S111: 725
M112: 작은도서관 | N112: 0 | O112: 0 | P112: 108 | Q112: 158 | R112: 203 | S112: 298
...

Sheet 설계개요(통합개요-1)
G2: ■ 설 계 개 요 (통합) | N2: ■ 부대복리시설
E3: 0.88 | G3: 사업명 | H3: 목동14단지 재건축정비사업 | N3: 구 분 | P3: 법적 설치기준 및 지침기준 | R3: 설치계획 | S3: 비고 | W3: 1단지 | Z3: 2단지 | AC3: 3단지 | AF3: 4단지
E4: =J27/(J14*E3) -> 2.98677 | G4: 대지위치 | H4: 서울특별시 양천구 목동동로 30 일대 | N4: 진입도로
G5: 지역지구 | H5: 제3종 일반주거지역 | N5: 단지내도로 | W5: 1401동 | X5: 108㎡, 92㎡, 129㎡, 129㎡, 92㎡, 108㎡ | Y5: 90세대 | Z5: 1430동 | AB5: 90세대 | AC5: 1422동 | AE5: 116세대 | AF5: 1412동 | AH5: 60세대
G6: 건축규모 | H6: 지상 49층 / | I6: =ROUNDUP(E4,0) -> 3 | N6: 관리사무소 | O6: =H82 -> 5158 | Q6: =IF(H82>=50, ROUNDUP((10+(H82-50)*0.05),2), "해당없음") -> 265.4 | R6: ='설계개요(1단지)'!R6+'설계개요(2단지)'!R6+'설계개요(3단지)'!R6+'설계개요(4단지)'!R6 -> 800 | S6: (방재실, MDF포함) | W6: 1402동 | X6: 108㎡, 108㎡, 129㎡, 129㎡, 108㎡, 108㎡ | Y6: 90세대 | Z6: 1431동 | AB6: 90세대 | AC6: 1423동 | AE6: 116세대 | AF6: 1413동 | AH6: 60세대
F7: 신통1차조치계획 | G7: 용도 | H7: 공동주택 및 부대복리시설, 근린생활시설 | N7: 경 비 실 | R7: ='설계개요(1단지)'!R7+'설계개요(2단지)'!R7+'설계개요(3단지)'!R7+'설계개요(4단지)'!R7 -> 600 | W7: 1403동 | X7: 129㎡, 129㎡, 108㎡, 108㎡, 108㎡, 108㎡ | Y7: 90세대 | Z7: 1432동 | AB7: 120세대 | AC7: 1424동 | AE7: 116세대 | AF7: 1414동 | AH7: 120세대
F8: 252642.1 | G8: 대 지 면 적 | H8: 사업면적 | J8: 250722.1 | K8: =ROUNDDOWN(J8*0.3025,2) -> 75843.43 | L8: =J8/$J$8 -> 1 | N8: 경 로 당 | O8: 주민공동시설 총량제 | P8: 2,000세대 이상 (서울시 주택조례) | Q8: =725+((H82-2000)*0.2) -> 1356.6 | R8: ='설계개요(1단지)'!R8+'설계개요(2단지)'!R8+'설계개요(3단지)'!R8+'설계개요(4단지)'!R8 -> 3240 | S8: *서울시 용적률완화적용 | V8: =V9*0.3025 -> 10729.675 | W8: 1404동 | X8: 108㎡, 108㎡, 108㎡, 108㎡ | Y8: 60세대 | Z8: 1433동 | AB8: 120세대 | AC8: 1425동 | AE8: 90세대 | AF8: 1415동 | AH8: 120세대
F9: 49953.2 | H9: 제외면적 | I9: 기반시설 | J9: ='설계개요(1단지)'!J12 -> 41998.6 | K9: =ROUNDDOWN(J9*0.3025,2) -> 12704.57 | L9: =J9/$J$8 -> 0.16751056 | N9: 어린이집 | Q9: =725+((H82-2000)*0.2) -> 1356.6 | R9: ='설계개요(1단지)'!R9+'설계개요(2단지)'!R9+'설계개요(3단지)'!R9+'설계개요(4단지)'!R9 -> 3550 | S9: *서울시 용적률완화적용 | V9: =SUM(R7:R12) -> 35470 | W9: 1405동 | X9: 108㎡, 108㎡, 108㎡, 108㎡ | Y9: 60세대 | Z9: 1434동 | AB9: 120세대 | AC9: 1426동 | AE9: 90세대 | AF9: 1416동 | AH9: 60세대
C10: 1000세대이상 | D10: 3 | E10: =$H$82*D10 -> 15474 | N10: 작은도서관 | Q10: =298+((H82-2000)*0.1) -> 613.8 | R10: ='설계개요(1단지)'!R10+'설계개요(2단지)'!R10+'설계개요(3단지)'!R10+'설계개요(4단지)'!R10 -> 3000 | V10: =R8+R9+R10+R11+R12+R15 -> 40007.95 | W10: 1406동 | X10: 108㎡, 108㎡, 108㎡, 108㎡ | Y10: 60세대 | AC10: 1427동 | AE10: 120세대 | AF10: 1417동 | AH10: 120세대
N11: 다함께돌봄센터 | P11: 전용면적 66㎡ 이상 | Q11: 66 | R11: ='설계개요(1단지)'!R11+'설계개요(2단지)'!R11+'설계개요(3단지)'!R11+'설계개요(4단지)'!R11 -> 1300 | V11: =V10/H82 -> 7.7564851 | W11: 1407동 | X11: 108㎡, 108㎡, 108㎡, 108㎡ | Y11: 60세대 | AC11: 1428동 | AE11: 120세대 | AF11: 1418동 | AH11: 60세대
N12: 주민공동시설 | P12: 1,000세대 이상 | Q12: - | R12: ='설계개요(1단지)'!R12+'설계개요(2단지)'!R12+'설계개요(3단지)'!R12+'설계개요(4단지)'!R12 -> 23780 | V12: =V9/H82 -> 6.8766964 | W12: 1408동 | X12: 129㎡, 129㎡, 108㎡, 108㎡, 108㎡, 108㎡ | Y12: 90세대 | AC12: 1429동 | AE12: 90세대 | AF12: 1419동 | AH12: 60세대
F13: 49953.2 | I13: 소계 | J13: =J9+J10+J11+J12 -> 41998.6 | K13: =ROUNDDOWN(J13*0.3025,2) -> 12704.57 | L13: =J13/$J$8 -> 0.16751056 | N13: 주민운동시설(옥외) | P13: =IF(H82>=500,"500세대이상 의무설치", "해당없음") -> 500세대이상 의무설치 | Q13: - | R13: ='설계개요(1단지)'!R13+'설계개요(2단지)'!R13+'설계개요(3단지)'!R13+'설계개요(4단지)'!R13 -> 4000 | V13: =V12*0.3025 -> 2.0802007 | W13: 1409동 | X13: 129㎡, 129㎡, 108㎡, 108㎡, 108㎡, 108㎡ | Y13: 90세대 | AF13: 1420동 | AH13: 116세대
F14: 202688.9 | H14: 실사용 대지면적 | J14: =J8-J13 -> 208723.5 | K14: =ROUNDDOWN(J14*0.3025,2) -> 63138.85 | L14: =J14/$J$8 -> 0.83248944 | N14: 어린이놀이터(옥외) | P14: =IF(H82<100,"해당없음",IF(H82<300,"지역여건에 맞게 설치",IF(H82<1000,"200㎡+세대당 1㎡",IF(H82>1000,"500㎡+세대당 0.7㎡")))) -> 500㎡+세대당 0.7㎡ | Q14: =500+(H82*0.7) -> 4110.6 | R14: ='설계개요(1단지)'!R14+'설계개요(2단지)'!R14+'설계개요(3단지)'!R14+'설계개요(4단지)'!R14 -> 8300 | V14: =V11*0.3025 -> 2.3463367 | W14: 1410동 | X14: 108㎡, 108㎡, 108㎡, 108㎡ | Y14: 60세대 | AF14: 1421동 | AH14: 116세대
N15: 개방형 공공시설 | R15: ='설계개요(1단지)'!R15+'설계개요(2단지)'!R15+'설계개요(3단지)'!R15+'설계개요(4단지)'!R15 -> 5137.95 | S15: 창업,문화,청소년,지역공동체지원센터
C16: 120698 | G16: 연 면 적 | H16: 구 분 | J16: 계 획 | L16: 비 율 | N16: 총량검토 | O16: (500㎡+세대당 x 2㎡) x 1.25이상 설치 | Q16: =500+(H82*2)*1.25 -> 13395 | R16: ='설계개요(1단지)'!R16+'설계개요(2단지)'!R16+'설계개요(3단지)'!R16+'설계개요(4단지)'!R16 -> 47170 | S16: 총량제 면적 (개방형 공공시설,관리사무소 제외) | W16: 1411동 | X16: 157㎡, 157㎡, 157㎡, 157㎡ | Y16: 60세대
C17: 93504.3 | D17: =C17/C16 -> 0.77469635 | H17: 아파트 | I17: 지상 | J17: =N82+R8+R9+R7+R11+R15 -> 627842.04 | K17: =ROUNDDOWN(J17*0.3025,2) -> 189922.21 | L17: =J17/$J$26 -> 0.99014748 | N17: 조경시설 | O17: 대지면적 x 0.15 | Q17: =J14*0.15 -> 31308.525 | R17: ='설계개요(1단지)'!R17+'설계개요(2단지)'!R17+'설계개요(3단지)'!R17+'설계개요(4단지)'!R17 -> 31900 | V17: 주차대당
I18: 지하 | J18: =O82+Q82+R6+R10+R12 -> 544680 | K18: =ROUNDDOWN(J18*0.3025,2) -> 164765.7 | V18: 40 | W18: 합계 | Y18: 810세대 | AB18: 540세대 | AE18: 858세대 | AH18: 892세대
I19: 소계 | J19: =SUM(J17:J18) -> 1172522 | K19: =ROUNDDOWN(J19*0.3025,2) -> 354687.91 | N19: 주차대수 | O19: 면적기준 | P19: 85㎡이하 전용/75 | Q19: =ROUNDUP((SUMPRODUCT(H40:H55,J40:J55)+SUMPRODUCT(H60:H67,J60:J67))/75,0) -> 3213 | R19: =H82*S19 -> 12895 | S19: 2.5
H20: 근린생활시설 | I20: 지상 | J20: =M89+M91 -> 6247.376 | K20: =ROUNDDOWN(J20*0.3025,2) -> 1889.83 | L20: =J20/$J$26 -> 0.0098525158 | P20: 85㎡초과 전용/65 | Q20: =ROUNDUP((SUMPRODUCT(H68:H79,J68:J79))/65,0) -> 3395 | V20: =R6+R7+R8+R9+R10+R11+R12 -> 36270 | X20: 92㎡ | Y20: 30세대
I21: 지하 | J21: =O93+P93 -> 3920 | K21: =ROUNDDOWN(J21*0.3025,2) -> 1185.8 | P21: 소 계 | Q21: =SUM(Q19:Q20) -> 6608 | V21: =V20*0.3025 -> 10971.675 | X21: 108㎡ | Y21: 570세대
I22: 소계 | J22: =J20+J21 -> 10167.376 | K22: =ROUNDDOWN(J22*0.3025,2) -> 3075.63 | O22: 세대기준 | P22: 세대당0.8대(전용60㎡이하) | Q22: =(SUM(H40:H43)+SUM(H60:H63)+SUM(H50))*0.8 -> 732 | V22: =V21/H82 -> 2.1271181 | X22: 109㎡ | Y22: 1세대
P23: 세대당1대(전용60㎡초과) | Q23: =(SUM(H52:H55)+SUM(H64:H79)+SUM(H44))*1 -> 4243
P24: 소 계 | Q24: =SUM(Q22:Q23) -> 4975
H26: 합계 | I26: 지상 | J26: =J17+J20+J23 -> 634089.42 | K26: =ROUNDDOWN(J26*0.3025,2) -> 191812.04 | L26: =J26/$J$26 -> 1 | X26: 129㎡ | Y26: 149세대
I27: 지하 | J27: =J18+J21+J24 -> 548600 | K27: =ROUNDDOWN(J27*0.3025,2) -> 165951.5 | X27: 157㎡ | Y27: 60세대
I28: 합계 | J28: =J19+J22+J25 -> 1182689.4 | K28: =ROUNDDOWN(J28*0.3025,2) -> 357763.54 | O28: 근린생활시설 | P28: 134 | Q28: =(M93+O93)/P28 -> 55.577433 | R28: =ROUNDUP(Q28*S28,0) -> 67 | S28: 1.2
O29: 합 계 | Q29: =Q21+Q28 -> 6663.5774 | R29: =SUM(R19+R28+R27) -> 12962
E30: =I50+I54+I62+I64+I66 -> 0.59945715 | G30: 건축면적 | H30: ='설계개요(1단지)'!H30:J30+'설계개요(2단지)'!H27:J27+'설계개요(3단지)'!H27:J27+'설계개요(4단지)'!H27:J27 -> 42470.558 | K30: =ROUNDDOWN(H30*0.3025,2) -> 12847.34 | L30: 50
E31: =I70+I72+I78+I76+I68 -> 0.38076774 | G31: 건폐율 | H31: =H30/J14 -> 0.20347761 | N31: 재건축 소택임대비율 | O31: 3 | P31: 2.484 | Q31: 2 | R31: =(O31-P31)/Q31 -> 0.258 | S31: =R32 -> 53850.663 | T31: =P33+P34+P35 -> 627
E32: =E30+E31 -> 0.98022489 | G32: 용적률 산정 연면적 | H32: =J26-R8-R9-R11 -> 625999.42 | K32: =ROUNDDOWN(H32*0.3025,2) -> 189364.82 | L32: 법적상한용적률 ( 300% 이하 ) | P32: =J14 -> 208723.5 | Q32: =R31 -> 0.258 | R32: =P32*Q32 -> 53850.663 | X32: ='설계개요(1단지)'!S31+'설계개요(2단지)'!S28+'설계개요(3단지)'!S28+'설계개요(4단지)'!S28 -> 53850.663 | Y32: ='설계개요(1단지)'!T31+'설계개요(2단지)'!T28+'설계개요(3단지)'!T28+'설계개요(4단지)'!T28 -> 627
G33: 용 적 율 | H33: =H32/J14 -> 2.9991803 | S33: =R33+R34+R35 -> 53902.53 | V33: =S33-S31 -> 51.867 | X33: ='설계개요(1단지)'!S32+'설계개요(2단지)'!S29+'설계개요(3단지)'!S29+'설계개요(4단지)'!S29 -> 0 | Y33: ='설계개요(1단지)'!T32+'설계개요(2단지)'!T29+'설계개요(3단지)'!T29+'설계개요(4단지)'!T29 -> 0
E34: =H62+H50 -> 824 | G34: 세 대 수 | H34: =H82 -> 5158 | O34: =G51 -> 59 | P34: =H50 -> 561 | Q34: =N50 -> 82.59 | R34: =P34*Q34 -> 46332.99 | X34: ='설계개요(1단지)'!S33+'설계개요(2단지)'!S30+'설계개요(3단지)'!S30+'설계개요(4단지)'!S30 -> 53902.53 | Y34: ='설계개요(1단지)'!T33+'설계개요(2단지)'!T30+'설계개요(3단지)'!T30+'설계개요(4단지)'!T30 -> 0
E35: =H66+H54 -> 1500 | G35: 주차대수 | H35: =R29 -> 12962 | L35: =$R$19/$H$82 -> 2.5 | O35: =G55 -> 84 | P35: =H54 -> 66 | Q35: =N54 -> 114.69 | R35: =P35*Q35 -> 7569.54
G37: ■ 아파트 분양면적표
B38: 6/4비율 | G38: 구 분 | H38: 세대수 | I38: 세대비 | J38: 주거전용 | K38: 주 거 공 용 면 적 | N38: 공급면적 | O38: 기타공용면적 | R38: 소 계 | S38: 계약면적 | T38: 비 고 | V38: 기존통합 | W38: 비율
K39: 벽체공용 | L39: 코어공용 | M39: 소 계 | O39: 기계,전기실 | P39: 부대복리시설 | Q39: 지하주차장
E40: =ROUNDUP(H82*0.05,0) -> 258 | F40: =H40/#REF! -> #REF! | G40: =ROUNDDOWN(N41,0) -> 17 | I40: =H40/$H$82 -> 0 | J40: =J58 -> 39.96 | K40: =K58 -> 3.65 | L40: =L58 -> 14.8 | M40: =K40+L40 -> 18.45 | N40: =J40+M40 -> 58.41 | T40: 기부채납 임대
G41: 39 | J41: =ROUNDDOWN(J40*0.3025,2) -> 12.08 | K41: =ROUNDDOWN(K40*0.3025,2) -> 1.1 | L41: =ROUNDDOWN(L40*0.3025,2) -> 4.47 | M41: =ROUNDDOWN(M40*0.3025,2) -> 5.58 | N41: =ROUNDDOWN(N40*0.3025,2) -> 17.66
F42: =H42/#REF! -> #REF! | G42: =ROUNDDOWN(N43,0) -> 24 | H42: ='설계개요(1단지)'!H42+'설계개요(2단지)'!H39+'설계개요(3단지)'!H39+'설계개요(4단지)'!H39 -> 91 | I42: =H42/$H$82 -> 0.017642497 | J42: 59.99 | K42: =K50 -> 6.1 | L42: 16.5 | M42: =K42+L42 -> 22.6 | N42: =M42+J42 -> 82.59 | U42: =J42/N42 -> 0.72635912
