Workbook

Sheet 개요(전체)_발송
B2: 목동10단지 재건축사업 개요(전체 획지1+획지2)
B3: ■설계개요 | L3: ■부대시설 및 복리시설
B5: 사 업 명 | E5: 목동 10단지 재건축사업 | L5: 구분 | N5: 법적기준 및 설치기준 | R5: 계획 | S5: 비고
B6: 대 지 위 치 | E6: 서울시 양천구 신정동 310번지일대 | L6: 진입도로 | N6: 20m이상(1000세대이상) | Q6: 20m 도로 | R6: 15, 25m도로
B7: 지 역 지 구 | E7: 제1종/제3종일반주거지역, 지구단위계획구역 | L7: 단지내도로 | N7: 7m이상 도로(7m이상 도로 1.5m인도 설치) | Q7: 7m 도로 | R7: 10m도로
B8: 용 도 | E8: 공동주택, 부대시설, 근린생활시설 | L8: 관리사무소 | N8: 50세대 이상, 10m²+(세대수-50) X 0.05m² | Q8: ='1획지'!Q8+'2획지'!Q8 -> 219.05 | R8: ='1획지'!R8+'2획지'!R8 -> 574.71 | S8: MDF/방재실포함
B9: 도 로 현 황 | E9: 북,동,서측 15m도로, 남측 25m, 단지통과 15m도로 | L9: 유치원 | N9: 2,000세대 이상 | Q9: - | S9: 현시설이동
B10: 사업부지면적 | E10: 194686.2 | L10: 주민공동시설 | N10: 1획지/2획지 산정합산 | Q10: ='1획지'!Q10+'2획지'!Q10 -> 11339.375 | R10: ='1획지'!R10+'2획지'!R10 -> 18771.267 | T10: =R10/C65 -> 4.5996733 | V10: 돌봄시설
B11: 기반시설 | C11: 근린공원, 녹지 | E11: =9510+2645.9 -> 12155.9 | G11: =E11+E12 -> 29314.2 | T11: =T10*0.3025 -> 1.3914012 | V11: 의무면적
C12: 도로, 유치원, 사회복지시설, 하수도 | E12: =11813.7+730.7+718.3+3895.6 -> 17158.3 | V12: =Q10*0.2 -> 2267.875 | W12: ='1획지'!R17+'1획지'!R18+'2획지'!R17+'2획지'!R18 -> 1802.4195 | Z12: 조성면적
B13: 공동주택부지면적 | E13: =E10-E11-E12 -> 165372 | G13: =E13*0.3025 -> 50025.03 | L13: 1 | M13: 경로당 | N13: 1획지/2획지 산정합산 | Q13: ='1획지'!Q13+'2획지'!Q13 -> 1307.4 | R13: ='1획지'!R13+'2획지'!R13 -> 1506.6672 | T13: =R13+R8+R15+R17+R18+R19+R20+R21+R24 -> 12983.087 | V13: 법정의무면적 | X13: 계획면적 | Z13: 의무면적제외면적
B14: 건 축 면 적 | E14: ='1획지'!E14+'2획지'!E14 -> 36430.868 | L14: 2 | M14: 어린이놀이터 | N14: 1획지/2획지 산정합산 | Q14: ='1획지'!Q14+'2획지'!Q14 -> 3802.4 | R14: ='1획지'!R14+'2획지'!R14 -> 4067.89 | T14: =T13/C65 -> 3.1813494 | V14: 1획지 | W14: 2획지 | X14: 1획지 | Y14: 2획지 | Z14: 1획지 | AA14: 2획지
B15: 건 폐 율 | E15: =E14/E13 -> 0.22029647 | L15: 3 | M15: 어린이집 | N15: 1획지/2획지 산정합산 | Q15: ='1획지'!Q15+'2획지'!Q15 -> 1307.4 | R15: ='1획지'!R15+'2획지'!R15 -> 1566.12 | U15: 어린이집 | V15: ='1획지'!Q15 -> 330 | W15: ='2획지'!Q15 -> 977.4 | X15: ='1획지'!R15 -> 378.12 | Y15: ='2획지'!R15 -> 1188 | Z15: =X15-V15 -> 48.12 | AA15: =Y15-W15 -> 210.6
B16: 연면적 | C16: 지상 연면적 | E16: =J65+R13+R8+R15+R17+R20+R24+R18+R22+R19 -> 495919.59 | G16: =E16*0.3025 -> 150015.68 | L16: 4 | M16: 주민운동시설 | N16: 1획지/2획지 산정합산 | R16: ='1획지'!R16+'2획지'!R16 -> 2400 | U16: 실내어린이놀이터 | Y16: ='2획지'!U20 -> 978.17 | AA16: =Y16-W16 -> 978.17
C17: 지하 연면적 | E17: =R21+N65+P65+R23 -> 362607.25 | G17: =E17*0.3025 -> 109688.69 | L17: 5 | M17: 작은도서관 | N17: 1획지/2획지 산정합산 | Q17: ='1획지'!Q17+'2획지'!Q17 -> 582.2 | R17: ='1획지'!R17+'2획지'!R17 -> 845.56 | U17: 작은도서관 | V17: ='1획지'!Q17 -> 158 | W17: ='2획지'!Q17 -> 424.2 | X17: ='1획지'!R17 -> 214.88 | Y17: ='2획지'!R17 -> 630.68 | Z17: =X17-V17 -> 56.88 | AA17: =Y17-W17 -> 206.48
C18: 전체 연면적 | E18: =E16+E17 -> 858526.84 | G18: =E18*0.3025 -> 259704.37 | L18: 6 | M18: 다함께돌봄센터 | N18: 1획지/2획지 산정합산 | Q18: ='1획지'!Q18+'2획지'!Q18 -> 132 | R18: ='1획지'!R18+'2획지'!R18 -> 956.8595 | U18: 다함께돌봄센터 | V18: ='1획지'!Q18 -> 66 | W18: ='2획지'!Q18 -> 66 | X18: ='1획지'!R18 -> 214.88 | Y18: ='2획지'!R18 -> 741.9795 | Z18: =X18-V18 -> 148.88 | AA18: =Y18-W18 -> 675.9795
B19: 용적률 산정연면적 | E19: =E16 -> 495919.59 | L19: 7 | M19: 우리동네키움센터 | N19: 1획지/2획지 산정합산 | R19: ='1획지'!R19+'2획지'!R19 -> 450 | U19: 우리동네키움센터 | X19: ='1획지'!R19 -> 0 | Y19: ='2획지'!R19 -> 450 | Z19: =X19-V19 -> 0 | AA19: =Y19-W19 -> 450
B20: 용 적 률 | E20: =E19/E13 -> 2.9988123 | I20: 법정 : 300.00% | L20: 8 | M20: 주민공동시설 | N20: 주민커뮤니티시설 | R20: ='2획지'!R20 -> 978.17 | U20: 소계 | V20: =SUM(V15:V19) -> 554 | W20: =SUM(W15:W19) -> 1467.6 | X20: =SUM(X15:X19) -> 807.88 | Y20: =SUM(Y15:Y19) -> 3988.8295 | Z20: =SUM(Z15:Z19) -> 253.88 | AA20: =SUM(AA15:AA19) -> 2521.2295
B21: 건 축 규 모 | E21: 지하3층,지상37층 | N21: 주민운동시설 | R21: ='1획지'!R21+'2획지'!R21 -> 6000 | S21: 지하 | U21: 총합(A) | W21: =V20+W20 -> 2021.6 | Y21: =X20+Y20 -> 4796.7095 | AA21: =Z20+AA20 -> 2775.1095
B22: 건 물 높 이 | L22: 근린생활시설 | Q22: 지상 | R22: ='1획지'!R22+'2획지'!R22 -> 3785.84 | S22: 상가
C23: 용도 | E23: 아파트 | G23: 근린생활시설 | I23: 합계 | J23: 비율 | Q23: 지하 | R23: ='1획지'!R23+'2획지'!R23 -> 1809.3992 | S23: 기전기실+주차 | U23: 인센티브 | V23: =210%*(AA21/Q10)*0.1 -> 0.051393749
B24: 주차대수 | C24: 산출근거 | E24: 60이하 세대당 0.8대 | F24: =(C47+C54+C44)*0.8 -> 971.2 | G24: 시설면적 134m²당 1대 | L24: 경비실 | N24: 5개소 | R24: ='1획지'!R24+'2획지'!R24 -> 105
E25: 85이하 75m² 당 1대 | F25: =SUMPRODUCT(C55:C58,F55:F58)/75+C48*F48/75+C45*F45/75+C49*F49/75 -> 1525.7765 | L25: 국기게양대 | N25: 세대당 1개소 설치 | R25: 설치 | U25: 경로당 | V25: ='1획지'!Q13 -> 330 | W25: ='2획지'!Q13 -> 977.4 | X25: ='1획지'!R13 -> 448.26 | Y25: ='2획지'!R13 -> 1058.4072 | Z25: =X25-V25 -> 118.26 | AA25: =Y25-W25 -> 81.0072
E26: 85초과 65m² 당 1대 | F26: =SUMPRODUCT(C59:C63,F59:F63)/65 -> 2661.4048 | L26: 안내표지판 | N26: 300세대 이상, 안내표지판등 설치 | R26: 설치 | U26: 어린이놀이터 | V26: ='1획지'!Q14 -> 1019 | W26: ='2획지'!Q14 -> 2783.4 | X26: ='1획지'!R14 -> 1261.85 | Y26: ='2획지'!R14 -> 2806.04 | Z26: =X26-V26 -> 242.85 | AA26: =Y26-W26 -> 22.64
C27: 법정 | E27: =F24+F25+F26 -> 5158.3813 | G27: =R22/134 -> 28.252537 | I27: =SUM(E27:H27) -> 5186.6338 | L27: 통신시설 | N27: 구내 통신 선로 설비(초고속정보통신),경비실 통화전화 | R27: 설치(홈네트워크) | U27: 주민운동시설 | X27: ='1획지'!R16 -> 1200 | Y27: ='2획지'!R16 -> 1200 | Z27: =X27-V27 -> 1200 | AA27: =Y27-W27 -> 1200
C28: 계획 | E28: ='1획지'!E28+'2획지'!E28 -> 8162 | G28: =SUM(G30:H31) -> 37 | I28: =SUM(E28:H28) -> 8199 | J28: =J31+J30 -> 1 | L28: 보안등 | N28: 50m이내마다 설치 | R28: 설치 | U28: 소계 | V28: =SUM(V25:V27) -> 1349 | W28: =SUM(W25:W27) -> 3760.8 | X28: =SUM(X25:X27) -> 2910.11 | Y28: =SUM(Y25:Y27) -> 5064.4472 | Z28: =SUM(Z25:Z27) -> 1561.11 | AA28: =SUM(AA25:AA27) -> 1303.6472
E29: =E28/C65 -> 2 | G29: =G28/G27 -> 1.3096169 | L29: 가스공급시설 | N29: 세대마다 도시가스 공급시설 | R29: 설치 | U29: 총합(B) | W29: =V28+W28 -> 5109.8 | Y29: =X28+Y28 -> 7974.5572 | AA29: =Z28+AA28 -> 2864.7572
C30: 지상주차 | L30: 비상급수시설 | N30: 세대당 0.5톤 | R30: 설치 | U30: 총합(A+B) | W30: =W21+W29 -> 7131.4 | Y30: =Y21+Y29 -> 12771.267 | AA30: =AA21+AA29 -> 5639.8667
C31: 지하주차 | E31: =C65*2 -> 8162 | G31: ='1획지'!G31+'2획지'!G31 -> 37 | I31: =SUM(E31:H31) -> 8199 | J31: =I31/I28 -> 1 | L31: 페기물보관시설 | N31: 생활폐기물 보관시설 또는 용기설치 | R31: 설치
B32: 구 조 | E32: 철근콘크리트 구조 | L32: 전기시설 | N32: 세대별 3kW+(전용60m² 초과하는 10m²마다 0.5kW더한값) | R32: 설치 | U32: 인센티브 | V32: =210%*(AA30/W30)*0.1 -> 0.16607847
B33: 조 경 면 적 | E33: =E13*0.3 -> 49611.6 | G33: =E33/E13 -> 0.3 | L33: TV공청시설 | N33: 공동시청 안테나 설치, 각 세대 단자 2개소 이상 | R33: 설치
C34: 기부채납임대 | E34: ='1획지'!E34+'2획지'!E34 -> 2312.3112 | L34: 승강기 | N34: 4층이상인 층의 세대당 0.3인 비율로 산정한 인원수 이상 | R34: 설치 | U34: 돌봄시설인센티브 | V34: =(Y21-W21)/Q10*210*0.1 -> 5.1393749
B35: 임대주택 | E35: =J50/E13 -> 0.25085181 | I35: 상한용적률 250.00%적용
E36: =J50 -> 41483.865
B37: 비 고 | L37: 비고
B40: ■단위세대 면적표
B42: 주택형별 | C42: 세대수 | E42: 비율 | F42: 전용면적 | G42: 주거공용면적 | J42: 분양면적 | M42: 기타공용 | P42: 지하주차장 | R42: 계약면적 | S42: 비고
G43: 벽체공용 | H43: 코아공용 | I43: 소계 | M43: 부대시설 | N43: 기전실 | O43: 소계 | T43: 대지지분 | W43: 주거 전용면적소계 | Y43: =F65 -> 360191.71 | Z43: =E13/Y49*Y43 -> 158015.5 | AA43: =Z43/F65 -> 0.43869833
B44: 59㎡(기채) | C44: ='1획지'!C44+'2획지'!C44 -> 21 | F44: 59.94 | G44: 7.04 | H44: =F44*0.24 -> 14.3856 | I44: =G44+H44 -> 21.4256 | J44: =F44+I44 -> 81.3656 | L44: =J44*0.3025 -> 24.613094 | M44: =(F44/F$65)*M$65 -> 2.1605334 | N44: =(F44/F$65)*N$65 -> 0.50934364 | O44: =SUM(M44:N44) -> 2.669877 | P44: =(F44/F$65)*P$65 -> 58.533057 | R44: =J44+O44+P44 -> 142.56853
B45: 74㎡(기채) | C45: ='1획지'!C45+'2획지'!C45 -> 6 | F45: 74.94 | G45: 7.68 | H45: =F45*0.24 -> 17.9856 | I45: =G45+H45 -> 25.6656 | J45: =F45+I45 -> 100.6056 | L45: =J45*0.3025 -> 30.433194 | M45: =(F45/F$65)*M$65 -> 2.7012074 | N45: =(F45/F$65)*N$65 -> 0.63680701 | O45: =SUM(M45:N45) -> 3.3380144 | P45: =(F45/F$65)*P$65 -> 73.180969 | R45: =J45+O45+P45 -> 177.12458
B46: 기부채납소계 | C46: =C43+C44+C45 -> 27 | F46: =SUMPRODUCT(C44:C45,F44:F45) -> 1708.38 | G46: =SUMPRODUCT($C$44:$C$45,G44:G45) -> 193.92 | H46: =SUMPRODUCT($C$44:$C$45,H44:H45) -> 410.0112 | I46: =SUM(G46:H46) -> 603.9312 | J46: =C44*J44+C45*J45 -> 2312.3112 | L46: =J46*0.3025 -> 699.47414 | M46: =SUMPRODUCT(C44:C45,M44:M45) -> 61.578446 | N46: =SUMPRODUCT(C44:C45,N44:N45) -> 14.517058 | O46: =M46+N46 -> 76.095504 | P46: =SUMPRODUCT(C44:C45,P44:P45) -> 1668.28 | R46: =J46+P46+O46 -> 4056.6867
B47: 59㎡(임대) | C47: ='1획지'!C47+'2획지'!C47 -> 388 | E47: =C47/C50 -> 0.80497925 | F47: 59.94 | G47: 7.04 | H47: =F47*0.24 -> 14.3856 | I47: =G47+H47 -> 21.4256 | J47: =F47+I47 -> 81.3656 | L47: =J47*0.3025 -> 24.613094 | M47: =(F47/F$65)*M$65 -> 2.1605334 | N47: =(F47/F$65)*N$65 -> 0.50934364 | O47: =SUM(M47:N47) -> 2.669877 | P47: =(F47/F$65)*P$65 -> 58.533057 | R47: =J47+O47+P47 -> 142.56853 | T47: =$T$66*F47 -> 27.519783 | U47: =C47*T47 -> 10677.676 | W47: 근생 전용면적소계 | Y47: =R22 -> 3785.84 | Z47: =E13/Y49*Y47 -> 1660.8417
B48: 74㎡(임대) | C48: ='1획지'!C48+'2획지'!C48 -> 59 | E48: =C48/C50 -> 0.12240664 | F48: 74.94 | G48: 7.68 | H48: =F48*0.24 -> 17.9856 | I48: =G48+H48 -> 25.6656 | J48: =F48+I48 -> 100.6056 | L48: =J48*0.3025 -> 30.433194 | M48: =(F48/F$65)*M$65 -> 2.7012074 | N48: =(F48/F$65)*N$65 -> 0.63680701 | O48: =SUM(M48:N48) -> 3.3380144 | P48: =(F48/F$65)*P$65 -> 73.180969 | R48: =J48+O48+P48 -> 177.12458 | T48: =$T$66*F48 -> 34.406616 | U48: =C48*T48 -> 2029.9903 | W48: 부대시설 전용면적 소계 | Y48: =M65 -> 12983.087 | Z48: =E13/Y49*Y48 -> 5695.6584
B49: 84㎡(임대) | C49: ='1획지'!C49+'2획지'!C49 -> 35 | E49: =C49/C50 -> 0.072614108 | F49: 84.98 | G49: 8.29 | H49: =F49*0.24 -> 20.3952 | I49: =G49+H49 -> 28.6852 | J49: =F49+I49 -> 113.6652 | L49: =J49*0.3025 -> 34.383723 | M49: =(F49/F$65)*M$65 -> 3.0630986 | N49: =(F49/F$65)*N$65 -> 0.72212249 | O49: =SUM(M49:N49) -> 3.7852211 | P49: =(F49/F$65)*P$65 -> 82.985305 | R49: =J49+O49+P49 -> 200.43573 | T49: =$T$66*F49 -> 39.016202 | U49: =C49*T49 -> 1365.5671 | Y49: =Y43+Y47+Y48 -> 376960.64 | Z49: =Z43+Z47+Z48 -> 165372
B50: 임대소계 | C50: =C47+C48+C49 -> 482 | E50: =E47+E48+E49 -> 1 | F50: =SUMPRODUCT(C47:C49,F47:F49) -> 30652.48 | G50: =SUMPRODUCT($C$47:$C$49,G47:G49) -> 3474.79 | H50: =SUMPRODUCT($C$47:$C$49,H47:H49) -> 7356.5952 | I50: =SUM(G50:H50) -> 10831.385 | J50: =J47*C47+C48*J48+C49*J49 -> 41483.865 | L50: =J50*0.3025 -> 12548.869 | M50: =SUMPRODUCT(C47:C49,M47:M49) -> 1104.8666 | N50: =SUMPRODUCT(C47:C49,N47:N49) -> 260.47123 | O50: =M50+N50 -> 1365.3379 | P50: =SUMPRODUCT(C47:C49,P47:P49) -> 29932.989 | R50: =J50+P50+O50 -> 72782.192 | T50: ='2획지'!R50+'1획지'!R50 -> 72647.049
B51: 49㎡ | D51: =C51/C64 -> 0 | F51: 49.53 | G51: 5.44 | H51: =F51*0.24 -> 11.8872 | I51: =G51+H51 -> 17.3272 | J51: =F51+I51 -> 66.8572 | L51: =J51*0.3025 -> 20.224303 | M51: =(F51/F$65)*M$65 -> 1.7853056 | N51: =(F51/F$65)*N$65 -> 0.42088406 | O51: =SUM(M51:N51) -> 2.2061897 | P51: =(F51/F$65)*P$65 -> 48.367406 | R51: =J51+O51+P51 -> 117.4308 | T51: =T63*F51 -> 4370.6897 | U51: =C51*T51 -> 0
B52: 45B㎡ | F52: 45.89 | G52: 4.9 | H52: =$H$68/$F$65*F52 -> 0 | I52: =G52+H52 -> 4.9 | J52: =F52+I52 -> 50.79 | L52: =J52*0.3025 -> 15.363975 | M52: =(F52/F$65)*M$65 -> 1.6541021 | N52: =(F52/F$65)*N$65 -> 0.38995294 | O52: =SUM(M52:N52) -> 2.044055 | P52: =(F52/F$65)*P$65 -> 44.812846 | R52: =J52+O52+P52 -> 97.646901 | T52: =T64*F52 -> 0 | U52: =C52*T52 -> 0
B53: 45C㎡ | F53: 45.92 | G53: 5.44 | H53: =$H$68/$F$65*F53 -> 0 | I53: =G53+H53 -> 5.44 | J53: =F53+I53 -> 51.36 | L53: =J53*0.3025 -> 15.5364 | M53: =(F53/F$65)*M$65 -> 1.6551834 | N53: =(F53/F$65)*N$65 -> 0.39020787 | O53: =SUM(M53:N53) -> 2.0453913 | P53: =(F53/F$65)*P$65 -> 44.842142 | R53: =J53+O53+P53 -> 98.247533 | T53: =T65*F53 -> 0 | U53: =C53*T53 -> 0
B54: 59㎡ | C54: ='1획지'!C54+'2획지'!C54 -> 805 | F54: 59.94 | G54: 7.04 | H54: =F54*0.24 -> 14.3856 | I54: =G54+H54 -> 21.4256 | J54: =F54+I54 -> 81.3656 | L54: =J54*0.3025 -> 24.613094 | M54: =(F54/F$65)*M$65 -> 2.1605334 | N54: =(F54/F$65)*N$65 -> 0.50934364 | O54: =SUM(M54:N54) -> 2.669877 | P54: =$P$65/$F$65*F54 -> 58.533057 | R54: =J54+O54+P54 -> 142.56853 | T54: =T66*F54 -> 27.519783 | U54: =C54*T54 -> 22153.425 | Y54: =F54*AA43 -> 26.295578 | Z54: =Y54*(C47+C54+C44) -> 31922.831
B55: 74㎡ | C55: ='1획지'!C55+'2획지'!C55 -> 167 | F55: 74.94 | G55: 7.68 | H55: =F55*0.24 -> 17.9856 | I55: =G55+H55 -> 25.6656 | J55: =F55+I55 -> 100.6056 | L55: =J55*0.3025 -> 30.433194 | M55: =(F55/F$65)*M$65 -> 2.7012074 | N55: =(F55/F$65)*N$65 -> 0.63680701 | O55: =SUM(M55:N55) -> 3.3380144 | P55: =$P$65/$F$65*F55 -> 73.180969 | R55: =J55+O55+P55 -> 177.12458 | T55: =$T$66*F55 -> 34.406616 | U55: =C55*T55 -> 5745.9048 | Y55: =F55*AA43 -> 32.876052 | Z55: =Y55*(C48+C55+C45) -> 7627.2442
H56: =F56*0.245 -> 0 | N56: =(F56/F$65)*N$65 -> 0 | P56: =$P$65/$F$65*F56 -> 0 | T56: =$T$66*F56 -> 0 | U56: =C56*T56 -> 0 | Y56: =F56/Y51*Y52 -> #DIV/0!
H57: =F57*0.245 -> 0 | N57: =(F57/F$65)*N$65 -> 0 | P57: =$P$65/$F$65*F57 -> 0 | T57: =$T$66*F57 -> 0 | U57: =C57*T57 -> 0 | Y57: =F57/Y52*Y53 -> #DIV/0!
B58: 84㎡ | C58: ='1획지'!C58+'2획지'!C58 -> 1107 | F58: 84.98 | G58: 8.29 | H58: =F58*0.24 -> 20.3952 | I58: =G58+H58 -> 28.6852 | J58: =F58+I58 -> 113.6652 | L58: =J58*0.3025 -> 34.383723 | M58: =(F58/F$65)*M$65 -> 3.0630986 | N58: =(F58/F$65)*N$65 -> 0.72212249 | O58: =SUM(M58:N58) -> 3.7852211 | P58: =$P$65/$F$65*F58 -> 82.985305 | R58: =J58+O58+P58 -> 200.43573 | T58: =$T$66*F58 -> 39.016202 | U58: =C58*T58 -> 43190.936 | Y58: =F58*AA43 -> 37.280584 | Z58: =Y58*(C49+C58) -> 42574.427
B59: 99㎡ | C59: ='1획지'!C59+'2획지'!C59 -> 497 | F59: 99.63 | G59: 10.28 | H59: =F59*0.24 -> 23.9112 | I59: =G59+H59 -> 34.1912 | J59: =F59+I59 -> 133.8212 | L59: =J59*0.3025 -> 40.480913 | M59: =(F59/F65)*M65 -> 3.5911569 | N59: =(F59/F$65)*N$65 -> 0.84661172 | O59: =SUM(M59:N59) -> 4.4377686 | P59: =$P$65/$F$65*F59 -> 97.291432 | R59: =J59+O59+P59 -> 235.5504 | T59: =$T$66*F59 -> 45.742342 | U59: =C59*T59 -> 22733.944 | Y59: =F59*AA43 -> 43.707514 | Z59: =Y59*C59 -> 21722.635
B60: 112㎡ | C60: ='1획지'!C60+'2획지'!C60 -> 580 | F60: 112.4 | G60: 12.23 | H60: =F60*0.24 -> 26.976 | I60: =G60+H60 -> 39.206 | J60: =F60+I60 -> 151.606 | L60: =J60*0.3025 -> 45.860815 | M60: =(F60/F$65)*M$65 -> 4.0514507 | N60: =(F60/F$65)*N$65 -> 0.95512554 | O60: =SUM(M60:N60) -> 5.0065762 | P60: =$P$65/$F$65*F60 -> 109.76169 | R60: =J60+O60+P60 -> 266.37426 | T60: =$T$66*F60 -> 51.605332 | U60: =C60*T60 -> 29931.093 | Y60: =F60*AA43 -> 49.309692 | Z60: =Y60*C60 -> 28599.621
B61: 129㎡ | C61: ='1획지'!C61+'2획지'!C61 -> 272 | F61: 129.2 | G61: 14.58 | H61: =F61*0.24 -> 31.008 | I61: =G61+H61 -> 45.588 | J61: =F61+I61 -> 174.788 | L61: =J61*0.3025 -> 52.87337 | M61: =(F61/F$65)*M$65 -> 4.6570056 | N61: =(F61/F$65)*N$65 -> 1.0978845 | O61: =SUM(M61:N61) -> 5.7548901 | P61: =$P$65/$F$65*F61 -> 126.16735 | R61: =J61+O61+P61 -> 306.71024 | T61: =$T$66*F61 -> 59.318585 | U61: =C61*T61 -> 16134.655 | Y61: =F61*AA43 -> 56.679824 | Z61: =Y61*C61 -> 15416.912
B62: 159㎡ | C62: ='2획지'!C75 -> 140 | F62: 159.8 | G62: 17.68 | H62: =F62*0.24 -> 38.352 | I62: =G62+H62 -> 56.032 | J62: =F62+I62 -> 215.832 | L62: =J62*0.3025 -> 65.28918 | M62: =(F62/F$65)*M$65 -> 5.7599806 | N62: =(F62/F$65)*N$65 -> 1.3579098 | O62: =SUM(M62:N62) -> 7.1178904 | P62: =(F62/F$65)*P$65 -> 156.04909 | R62: =J62+O62+P62 -> 378.99898 | T62: =$T$66*F62 -> 73.367723 | U62: =C62*T62 -> 10271.481 | Y62: =F62/Y57*Y58 -> #DIV/0!
B63: 192㎡ | C63: ='2획지'!C76 -> 4 | F63: 192.2 | G63: 18.48 | H63: =F63*0.24 -> 46.128 | I63: =G63+H63 -> 64.608 | J63: =F63+I63 -> 256.808 | L63: =J63*0.3025 -> 77.68442 | M63: =(F63/F$65)*M$65 -> 6.9278365 | N63: =(F63/F$65)*N$65 -> 1.6332307 | O63: =SUM(M63:N63) -> 8.5610671 | P63: =(F63/F$65)*P$65 -> 187.68858 | R63: =J63+O63+P63 -> 453.05765 | T63: =$T$66*F63 -> 88.243281 | U63: =C63*T63 -> 352.97313 | Y63: =F63*AA43 -> 84.317818 | Z63: =Y63*C63 -> 337.27127
B64: 소 계 | C64: =SUM(C51:C63) -> 3572 | F64: =SUMPRODUCT($C$51:$C$63,F51:F63) -> 327830.85 | G64: =SUMPRODUCT($C$51:$C$63,G51:G63) -> 34844.23 | H64: =SUMPRODUCT($C$51:$C$63,H51:H63) -> 78679.404 | I64: =SUMPRODUCT($C$51:$C$63,I51:I63) -> 113523.63 | J64: =SUMPRODUCT(C51:C63,J51:J63) -> 441354.48 | L64: =J64*0.3025 -> 133509.73 | M64: =SUMPRODUCT($C$51:$C$63,M51:M63) -> 11816.642 | N64: =SUMPRODUCT($C$51:$C$63,N51:N63) -> 2785.7617 | O64: =SUMPRODUCT($C$51:$C$63,O51:O63) -> 14602.403 | P64: =SUMPRODUCT($C$51:$C$63,P51:P63) -> 320135.83 | R64: =J64+O64+P64 -> 776092.72
B65: 합계 | C65: =C50+C64+C46 -> 4081 | F65: =F64+F50+F46 -> 360191.71 | G65: =G50+G64+G46 -> 38512.94 | H65: =H50+H64+H46 -> 86446.01 | I65: =I50+I64+I46 -> 124958.95 | J65: =F65+I65 -> 485150.66 | L65: =J65*0.3025 -> 146758.07 | M65: =R8+R13+R15+R17+R18+R20+R19+R24+R21 -> 12983.087 | N65: =C65*0.75 -> 3060.75 | O65: =SUM(M65:N65) -> 16043.837 | P65: =(E31+G31)*42.9 -> 351737.1 | R65: =J65+O65+P65 -> 852931.6
P66: =P50+P64 -> 350068.82 | T66: =E13/F65 -> 0.45912217 | U66: =SUM(U47:U63) -> 164587.64 | Z66: =Z54+Z55+Z58+Z59+Z60+Z61+Z63 -> 148200.94
P67: =(P65+N65+R20+R19)/(E13*0.7) -> 3.0772701 | R67: =R65+R22+R23 -> 858526.84 | U67: =E13 -> 165372
C68: {='1획지'!C65:D65+'2획지'!C65:D65} -> 4081 | D68: 0 | E68: ='1획지'!E16+'2획지'!E16 -> 495919.59 | J68: =E34/J65 -> 0.0047661714 | P68: {='1획지'!P65:Q65} -> 70270.2 | Q68: 0 | R68: =E18 -> 858526.84
E69: =E16 -> 495919.59 | P69: {='2획지'!P65:Q65} -> 279879.6 | Q69: 0
C71: 공원면적 검산 | P71: =P68+P69 -> 350149.8
B72: 세대수 | C72: =C65 -> 4081 | D72: 녹지 | E72: 980.6 | F72: cp
B73: 법정설치녹지 | C73: =C72*3 -> 12243 | D73: 근린공원 | E73: =C73-E72 -> 11262.4
D74: 현재 | E74: 11012.3 | F74: 수정 | G74: 11074.6
E75: =E73-E74 -> 250.1
B79: ■근린생활시설분양면적표_3개동
B80: 1. 1획지_중앙로32길변 | I80: 매스층당면적
B81: 구분 | C81: 전용면적 | D81: 공용면적 | E81: 기전실 | F81: 주차장 | G81: 소계
B82: 1층 | C82: 150.66 | D82: 47.58 | G82: =SUM(C82:F82) -> 198.24 | I82: =C82+D82 -> 198.24
B83: 2층 | C83: 150.66 | D83: 47.58 | G83: =SUM(C83:F83) -> 198.24 | I83: =C83+D83 -> 198.24 | J83: =I82+I83 -> 396.48 | L83: ='1획지'!R22 -> 396.48
B84: 지상층소계 | C84: =C82+C83 -> 301.32 | D84: =D82+D83 -> 95.16 | G84: =G82+G83 -> 396.48
B85: 지하층 | E85: =(C82+C83)*0.08 -> 24.1056 | F85: =J88*42.9 -> 171.6 | G85: =SUM(C85:F85) -> 195.7056 | J85: 주차
B86: 지하층소계 | E86: =E85 -> 24.1056 | F86: =F85 -> 171.6 | G86: =G85 -> 195.7056 | J86: =J83/134 -> 2.958806
B87: 소계 | C87: =C84+C86 -> 301.32 | D87: =D84+D86 -> 95.16 | E87: =E84+E86 -> 24.1056 | F87: =F84+F86 -> 171.6 | G87: =G84+G86 -> 592.1856 | H87: =C87+D87+E87+F87 -> 592.1856 | J87: =J86*1.3 -> 3.8464478
J88: =ROUNDUP(J87,0) -> 4 | L88: =J88+J100+J109 -> 37
B89: 2. 2획지_중앙로32길변 | O89: 합계
B90: 구분 | C90: 전용면적 | D90: 공용면적 | E90: 기전실 | F90: 주차장 | G90: 소계 | O90: 구분 | P90: 전용면적 | Q90: 공용면적 | R90: 기전실 | S90: 주차장 | T90: 소계
B91: 1층 | C91: 485.8 | D91: 153.4 | G91: =SUM(C91:F91) -> 639.2 | I91: =C91+D91 -> 639.2 | O91: 1층 | P91: =C82+C91+C103 -> 1296.38 | Q91: =D82+D91+D103 -> 428.1 | T91: =SUM(P91:S91) -> 1724.48
B92: 2층 | C92: 485.8 | D92: 153.4 | G92: =SUM(C92:F92) -> 639.2 | I92: =C92+D92 -> 639.2 | O92: 2층 | P92: =C83+C92+C104 -> 1130.06 | Q92: =D83+D92+D104 -> 428.1 | T92: =SUM(P92:S92) -> 1558.16
B93: 3층 | C93: 349.8 | D93: 153.4 | G93: =SUM(C93:F93) -> 503.2 | I93: =C93+D93 -> 503.2 | O93: 3층 | P93: =C93 -> 349.8 | Q93: =D93 -> 153.4 | T93: =SUM(P93:S93) -> 503.2
O94: 4층 | P94: =C94 -> 0 | Q94: =D94 -> 0 | T94: =SUM(P94:S94) -> 0
J95: =I91+I92+I93+I94+I95 -> 1781.6 | L95: ='2획지'!R22 -> 3389.36 | M95: =G84+G96+G105 -> 3785.84 | O95: 5층 | P95: =C95 -> 0 | Q95: =D95 -> 0 | T95: =SUM(P95:S95) -> 0
B96: 지상층소계 | C96: =ROUNDDOWN(SUM(C91:C95),4) -> 1321.4 | D96: =ROUNDUP(SUM(D91:D95),4) -> 460.2 | G96: =SUM(C96:E96) -> 1781.6 | L96: =J95+J104 -> 3389.36 | M96: =L96-L95 -> 0 | O96: 지상층소계 | P96: =SUM(P91:P95) -> 2776.24 | Q96: =SUM(Q91:Q95) -> 1009.6 | T96: =SUM(P96:R96) -> 3785.84
B97: 지하층 | E97: =C96*0.08 -> 105.712 | F97: =J100*42.9 -> 729.3 | G97: =SUM(C97:F97) -> 835.012 | J97: 주차 | M97: =M96/7 -> 0 | O97: 지하층 | R97: =P96*0.06 -> 166.5744 | S97: =F86+F98+F107 -> 1587.3 | T97: =R97+S97 -> 1753.8744
B98: 지하층소계 | E98: =E97 -> 105.712 | F98: =F97 -> 729.3 | G98: =G97 -> 835.012 | J98: =J95/134 -> 13.295522 | O98: 지하층소계 | Q98: =Q95+Q97 -> 0 | R98: =R97 -> 166.5744 | S98: =S97 -> 1587.3 | T98: =T97 -> 1753.8744
B99: 소계 | C99: =C96+C98 -> 1321.4 | D99: =D96+D98 -> 460.2 | E99: =E98 -> 105.712 | F99: =F98 -> 729.3 | G99: =G96+G98 -> 2616.612 | H99: =C99+D99+E99+F99 -> 2616.612 | J99: 17 | O99: 소계 | P99: =P96 -> 2776.24 | Q99: =SUM(Q91:Q98) -> 2019.2 | R99: =SUM(R91:R98) -> 333.1488 | S99: =SUM(S91:S98) -> 3174.6 | T99: =T96+T98 -> 5539.7144
J100: =ROUNDUP(J99,0) -> 17
B101: 3. 2획지 목동서로변
B102: 구분 | C102: 전용면적 | D102: 공용면적 | E102: 기전실 | F102: 주차장 | G102: 소계
B103: 1층 | C103: 659.92 | D103: 227.12 | G103: =SUM(C103:F103) -> 887.04 | I103: =C103+D103 -> 887.04
B104: 2층 | C104: 493.6 | D104: 227.12 | G104: =SUM(C104:F104) -> 720.72 | I104: =C104+D104 -> 720.72 | J104: =I103+I104 -> 1607.76 | L104: =J104+J95+J83 -> 3785.84
B105: 지상층소계 | C105: =C103+C104 -> 1153.52 | D105: =D103+D104 -> 454.24 | G105: =G103+G104 -> 1607.76 | L105: =L104/134 -> 28.252537
B106: 지하층 | E106: =C105*0.08 -> 92.2816 | F106: =J109*42.9 -> 686.4 | G106: =SUM(C106:F106) -> 778.6816 | J106: 주차
B107: 지하층소계 | E107: =E106 -> 92.2816 | F107: =F106 -> 686.4 | G107: =G106 -> 778.6816 | J107: =J104/134 -> 11.998209
B108: 소계 | C108: =C105+C107 -> 1153.52 | D108: =D105+D107 -> 454.24 | E108: =E107 -> 92.2816 | F108: =F107 -> 686.4 | G108: =G105+G107 -> 2386.4416 | H108: =C108+D108+E108+F108 -> 2386.4416 | J108: 16
J109: =ROUNDUP(J108,0) -> 16
...

Sheet 1획지
B2: 획지1
B3: ■설계개요 | L3: ■부대시설 및 복리시설
B5: 사 업 명 | E5: 목동 10단지 재건축사업 (1획지) | L5: 구분 | N5: 법적기준 및 설치기준 | R5: 계획 | S5: 비고
B6: 대 지 위 치 | E6: 서울시 양천구 신정동 310번지일대 | L6: 진입도로 | N6: 20m이상(1000세대이상) | Q6: 20m 도로 | R6: 15, 25m도로
B7: 지 역 지 구 | E7: 제1종/제3종일반주거지역, 지구단위계획구역 | L7: 단지내도로 | N7: 7m이상 도로(7m이상 도로 1.5m인도 설치) | Q7: 7m 도로 | R7: 10m도로
B8: 용 도 | E8: 공동주택, 부대시설, 근린생활시설 | L8: 관리사무소 | N8: 50세대 이상: 10m²+(세대수-50) X 0.05m² | Q8: =10+(C65-50)*0.05 -> 48.45 | R8: 261.58
B9: 도 로 현 황 | E9: 북,동,서측 15m도로, 남측 25m, 단지통과 15m도로
B10: 사업부지면적 | L10: 주민공동시설 | N10: 100이상 1,000세대 미만 : 세대당 2.5㎡x1.25 | Q10: =(C65*2.5)*1.25 -> 2559.375 | R10: =SUM(R13:R21) -> 3717.99 | T10: =R10/C65 -> 4.5396703
B11: 기반시설 | C11: 공원,사회복지시설,경제시설 | T11: =T10*0.3025 -> 1.3732503
C12: 도로, 유치원, 녹지,하수도
B13: 1획지 공동주택부지면적 | E13: 32320.6 | G13: =E13*0.3025 -> 9776.9815 | L13: 1 | M13: 경로당 | N13: 500~1000세대 미만 | Q13: 330 | R13: 448.26 | T13: =R13+R8+R15+R17+R18+R19+R20+R21+R24 -> 1538.72
A14: =(299.99%-E20)*E13 -> 12.81674 | B14: 건 축 면 적 | E14: 7180.0672 | L14: 2 | M14: 어린이놀이터 | N14: 300~1,000세대 미만: 200㎡+세대당1㎡ | Q14: =200+C65*1 -> 1019 | R14: 1261.85 | T14: =T13/C65 -> 1.878779
B15: 건 폐 율 | E15: =E14/E13 -> 0.22215142 | L15: 3 | M15: 어린이집 | N15: 500~1000세대 미만 | Q15: 330 | R15: 378.12
B16: 연면적 | C16: 지상 연면적 | E16: =J65+R13+R8+R15+R17+R20+R24+R18+R22+R19 -> 96945.751 | G16: =E16*0.3025 -> 29326.09 | L16: 4 | M16: 주민운동시설 | N16: 500세대 이상 설치 | Q16: - | R16: 1200
C17: 지하 연면적 | E17: =R20+N65+P65+R23 -> 71080.156 | G17: =E17*0.3025 -> 21501.747 | L17: 5 | M17: 작은도서관 | N17: 500~1000세대 미만 | Q17: 158 | R17: 214.88
C18: 전체 연면적 | E18: =E16+E17 -> 168025.91 | G18: =E18*0.3025 -> 50827.837 | L18: 6 | M18: 다함께돌봄센터 | N18: 500세대 이상 설치, 최소 66㎡ 이상 | Q18: 66 | R18: 214.88
B19: 용적률 산정연면적 | E19: =E16 -> 96945.751 | L19: 7 | M19: 우리동네키움센터 | Q19: -
B20: 용 적 률 | E20: =E19/E13 -> 2.9995034 | I20: 법정 : 300.00% | L20: 8 | M20: 주민공동시설 | Q20: -
B21: 건 축 규 모 | Q21: -
B22: 건 물 높 이 | L22: 근린생활시설 | Q22: 지상 | R22: ='개요(전체)_발송'!G84 -> 396.48 | S22: 상가
C23: 용도 | E23: 아파트 | G23: 근린생활시설 | I23: 합계 | J23: 비율 | Q23: 지하 | R23: ='개요(전체)_발송'!G86 -> 195.7056 | S23: 기전기실+주차
B24: 주차대수 | C24: 산출근거 | E24: 60이하 세대당 0.8대 | F24: =(C47+C54+C44)*0.8 -> 227.2 | G24: 시설면적 134m²당 1대 | L24: 경비실 | N24: 1개소 | Q24: - | R24: 21
E25: 85이하 75m² 당 1대 | F25: =SUMPRODUCT(C55:C58,F55:F58)/75+C48*F48/75+C45*F45/75+C49*F49/75 -> 262.924 | L25: 국기게양대 | N25: 세대당 1개소 설치 | R25: 설치
E26: 85초과 65m² 당 1대 | F26: =SUMPRODUCT(C59:C63,F59:F63)/65 -> 519.32492 | L26: 안내표지판 | N26: 300세대 이상, 안내표지판등 설치 | R26: 설치
C27: 법정 | E27: =F24+F25+F26 -> 1009.4489 | G27: =R22/134 -> 2.958806 | I27: =SUM(E27:H27) -> 1012.4077 | L27: 통신시설 | N27: 구내 통신 선로 설비(초고속정보통신),경비실 통화전화 | R27: 설치(홈네트워크)
C28: 계획 | E28: =SUM(E30:F31) -> 1638 | G28: =G30+G31 -> 4 | I28: =SUM(E28:H28) -> 1642 | J28: =J31+J30 -> 1 | L28: 보안등 | N28: 50m이내마다 설치 | R28: 설치
E29: =E28/C65 -> 2 | G29: =G28/G27 -> 1.3518967 | L29: 가스공급시설 | N29: 세대마다 도시가스 공급시설 | R29: 설치
C30: 지상주차 | L30: 비상급수시설 | N30: 세대당 0.5톤 | R30: 설치
C31: 지하주차 | E31: =C65*2 -> 1638 | G31: 4 | I31: =SUM(E31:H31) -> 1642 | J31: =I31/I28 -> 1 | L31: 페기물보관시설 | N31: 생활폐기물 보관시설 또는 용기설치 | R31: 설치
B32: 구 조 | E32: 철근콘크리트 구조 | L32: 전기시설 | N32: 세대별 3kW+(전용60m² 초과하는 10m²마다 0.5kW더한값) | R32: 설치
B33: 조 경 면 적 | E33: =E13*0.3 -> 9696.18 | G33: =E33/E13 -> 0.3 | L33: TV공청시설 | N33: 공동시청 안테나 설치, 각 세대 단자 2개소 이상 | R33: 설치
C34: 기부채납임대 | E34: =J46 -> 507.4336 | L34: 승강기 | N34: 4층이상인 층의 세대당 0.3인 비율로 산정한 인원수 이상 | R34: 설치
B35: 임대주택 | E35: =J50/E13 -> 0.25099233 | I35: 0.25
E36: =J50 -> 8112.2228 | I36: =E13*I35 -> 8080.15
B37: 비 고 | L37: 비고
B40: ■단위세대 면적표
B42: 주택형별 | C42: 세대수 | E42: 비율 | F42: 전용면적 | G42: 주거공용면적 | J42: 분양면적 | M42: 기타공용 | P42: 지하주차장 | R42: 계약면적 | S42: 비고
G43: 벽체공용 | H43: 코아공용 | I43: 소계 | M43: 부대시설 | N43: 기전실 | O43: 소계
B44: 59㎡(기채) | C44: 5 | F44: 59.94 | G44: 7.04 | H44: =F44*0.24 -> 14.3856 | I44: =G44+H44 -> 21.4256 | J44: =F44+I44 -> 81.3656 | L44: =J44*0.3025 -> 24.613094 | M44: =(F44/F$65)*M$65 -> 1.3082694 | N44: =(F44/F$65)*N$65 -> 0.52225519 | O44: =SUM(M44:N44) -> 1.8305246 | P44: =(F44/F$65)*P$65 -> 59.745994 | R44: =J44+O44+P44 -> 142.94212
B45: 74㎡(기채) | C45: 1 | F45: 74.94 | G45: 7.68 | H45: =F45*0.24 -> 17.9856 | I45: =G45+H45 -> 25.6656 | J45: =F45+I45 -> 100.6056 | L45: =J45*0.3025 -> 30.433194 | M45: =(F45/F$65)*M$65 -> 1.6356642 | N45: =(F45/F$65)*N$65 -> 0.65294968 | O45: =SUM(M45:N45) -> 2.2886139 | P45: =(F45/F$65)*P$65 -> 74.697444 | R45: =J45+O45+P45 -> 177.59166
B46: 기부채납소계 | C46: =C43+C44+C45 -> 6 | F46: =SUMPRODUCT(C44:C45,F44:F45) -> 374.64 | G46: =SUMPRODUCT($C$44:$C$45,G44:G45) -> 42.88 | H46: =SUMPRODUCT($C$44:$C$45,H44:H45) -> 89.9136 | I46: =SUM(G46:H46) -> 132.7936 | J46: =C44*J44+C45*J45 -> 507.4336 | L46: =J46*0.3025 -> 153.49866 | M46: =SUMPRODUCT(C44:C45,M44:M45) -> 8.1770115 | N46: =SUMPRODUCT(C44:C45,N44:N45) -> 3.2642256 | O46: =M46+N46 -> 11.441237 | P46: =SUMPRODUCT(C44:C45,P44:P45) -> 373.42741 | R46: =J46+P46+O46 -> 892.30225
B47: 59㎡(임대) | C47: 76 | E47: =C47/C50 -> 0.80851064 | F47: 59.94 | G47: 7.04 | H47: =F47*0.24 -> 14.3856 | I47: =G47+H47 -> 21.4256 | J47: =F47+I47 -> 81.3656 | L47: =J47*0.3025 -> 24.613094 | M47: =(F47/F$65)*M$65 -> 1.3082694 | N47: =(F47/F$65)*N$65 -> 0.52225519 | O47: =SUM(M47:N47) -> 1.8305246 | P47: =(F47/F$65)*P$65 -> 59.745994 | R47: =J47+O47+P47 -> 142.94212
B48: 74㎡(임대) | C48: 9 | E48: =C48/C50 -> 0.095744681 | F48: 74.94 | G48: 7.68 | H48: =F48*0.24 -> 17.9856 | I48: =G48+H48 -> 25.6656 | J48: =F48+I48 -> 100.6056 | L48: =J48*0.3025 -> 30.433194 | M48: =(F48/F$65)*M$65 -> 1.6356642 | N48: =(F48/F$65)*N$65 -> 0.65294968 | O48: =SUM(M48:N48) -> 2.2886139 | P48: =(F48/F$65)*P$65 -> 74.697444 | R48: =J48+O48+P48 -> 177.59166
B49: 84㎡(임대) | C49: 9 | E49: =C49/C50 -> 0.095744681 | F49: 84.98 | G49: 8.29 | H49: =F49*0.24 -> 20.3952 | I49: =G49+H49 -> 28.6852 | J49: =F49+I49 -> 113.6652 | L49: =J49*0.3025 -> 34.383723 | M49: =(F49/F$65)*M$65 -> 1.8548004 | N49: =(F49/F$65)*N$65 -> 0.74042787 | O49: =SUM(M49:N49) -> 2.5952283 | P49: =(F49/F$65)*P$65 -> 84.704948 | R49: =J49+O49+P49 -> 200.96538
B50: 임대소계 | C50: =C47+C48+C49 -> 94 | E50: =E47+E48+E49 -> 1 | F50: =SUMPRODUCT(C47:C49,F47:F49) -> 5994.72 | G50: =SUMPRODUCT($C$47:$C$49,G47:G49) -> 678.77 | H50: =SUMPRODUCT($C$47:$C$49,H47:H49) -> 1438.7328 | I50: =SUM(G50:H50) -> 2117.5028 | J50: =J47*C47+C48*J48+C49*J49 -> 8112.2228 | L50: =J50*0.3025 -> 2453.9474 | M50: =SUMPRODUCT(C47:C49,M47:M49) -> 130.84266 | N50: =SUMPRODUCT(C47:C49,N47:N49) -> 52.231793 | O50: =M50+N50 -> 183.07445 | P50: =SUMPRODUCT(C47:C49,P47:P49) -> 5975.3171 | R50: =J50+P50+O50 -> 14270.614
B51: 49㎡ | D51: =C51/C64 -> 0 | F51: 49.53 | G51: 5.44 | H51: =F51*0.24 -> 11.8872 | I51: =G51+H51 -> 17.3272 | J51: =F51+I51 -> 66.8572 | L51: =J51*0.3025 -> 20.224303 | M51: =(F51/F$65)*M$65 -> 1.0810575 | N51: =(F51/F$65)*N$65 -> 0.43155321 | O51: =SUM(M51:N51) -> 1.5126107 | P51: =(F51/F$65)*P$65 -> 49.369688 | R51: =J51+O51+P51 -> 117.7395
B52: 45B㎡ | F52: 45.89 | G52: 4.9 | H52: =$H$68/$F$65*F52 -> 0 | I52: =G52+H52 -> 4.9 | J52: =F52+I52 -> 50.79 | L52: =J52*0.3025 -> 15.363975 | M52: =(F52/F$65)*M$65 -> 1.0016097 | N52: =(F52/F$65)*N$65 -> 0.39983802 | O52: =SUM(M52:N52) -> 1.4014477 | P52: =(F52/F$65)*P$65 -> 45.741469 | R52: =J52+O52+P52 -> 97.932917
B53: 45C㎡ | F53: 45.92 | G53: 5.44 | H53: =$H$68/$F$65*F53 -> 0 | I53: =G53+H53 -> 5.44 | J53: =F53+I53 -> 51.36 | L53: =J53*0.3025 -> 15.5364 | M53: =(F53/F$65)*M$65 -> 1.0022645 | N53: =(F53/F$65)*N$65 -> 0.40009941 | O53: =SUM(M53:N53) -> 1.4023639 | P53: =(F53/F$65)*P$65 -> 45.771372 | R53: =J53+O53+P53 -> 98.533736
A54: =J55-J54 -> 19.24 | B54: 59㎡ | C54: 203 | F54: 59.94 | G54: 7.04 | H54: =F54*0.24 -> 14.3856 | I54: =G54+H54 -> 21.4256 | J54: =F54+I54 -> 81.3656 | L54: =J54*0.3025 -> 24.613094 | M54: =(F54/F$65)*M$65 -> 1.3082694 | N54: =(F54/F$65)*N$65 -> 0.52225519 | O54: =SUM(M54:N54) -> 1.8305246 | P54: =(F54/F$65)*P$65 -> 59.745994 | R54: =J54+O54+P54 -> 142.94212
A55: =A14/A54 -> 0.66615073 | B55: 74㎡ | C55: 15 | F55: 74.94 | G55: 7.68 | H55: =F55*0.24 -> 17.9856 | I55: =G55+H55 -> 25.6656 | J55: =F55+I55 -> 100.6056 | L55: =J55*0.3025 -> 30.433194 | M55: =(F55/F$65)*M$65 -> 1.6356642 | N55: =(F55/F$65)*N$65 -> 0.65294968 | O55: =SUM(M55:N55) -> 2.2886139 | P55: =(F55/F$65)*P$65 -> 74.697444 | R55: =J55+O55+P55 -> 177.59166
H56: =F56*0.245 -> 0 | N56: =(F56/F$65)*N$65 -> 0
H57: =F57*0.245 -> 0 | N57: =(F57/F$65)*N$65 -> 0
B58: 84㎡ | C58: 201 | F58: 84.98 | G58: 8.29 | H58: =F58*0.24 -> 20.3952 | I58: =G58+H58 -> 28.6852 | J58: =F58+I58 -> 113.6652 | L58: =J58*0.3025 -> 34.383723 | M58: =(F58/F$65)*M$65 -> 1.8548004 | N58: =(F58/F$65)*N$65 -> 0.74042787 | O58: =SUM(M58:N58) -> 2.5952283 | P58: =(F58/F$65)*P$65 -> 84.704948 | R58: =J58+O58+P58 -> 200.96538
B59: 99㎡ | C59: 84 | F59: 99.63 | G59: 10.28 | H59: =F59*0.24 -> 23.9112 | I59: =G59+H59 -> 34.1912 | J59: =F59+I59 -> 133.8212 | L59: =J59*0.3025 -> 40.480913 | M59: =(F59/F65)*M65 -> 2.174556 | N59: =(F59/F$65)*N$65 -> 0.86807282 | O59: =SUM(M59:N59) -> 3.0426288 | P59: =(F59/F65)*P65 -> 99.307531 | R59: =J59+O59+P59 -> 236.17136
A60: =SUM(C60:C63)/$C$65 -> 0.26373626 | B60: 112㎡ | C60: 150 | F60: 112.4 | G60: 12.23 | H60: =F60*0.24 -> 26.976 | I60: =G60+H60 -> 39.206 | J60: =F60+I60 -> 151.606 | L60: =J60*0.3025 -> 45.860815 | M60: =(F60/F$65)*M$65 -> 2.453278 | N60: =(F60/F$65)*N$65 -> 0.9793374 | O60: =SUM(M60:N60) -> 3.4326154 | P60: =(F60/F$65)*P$65 -> 112.0362 | R60: =J60+O60+P60 -> 267.07481
B61: 129㎡ | C61: 66 | F61: 129.2 | G61: 14.58 | H61: =F61*0.24 -> 31.008 | I61: =G61+H61 -> 45.588 | J61: =F61+I61 -> 174.788 | L61: =J61*0.3025 -> 52.87337 | M61: =(F61/F$65)*M$65 -> 2.8199602 | N61: =(F61/F$65)*N$65 -> 1.1257152 | O61: =SUM(M61:N61) -> 3.9456754 | P61: =(F61/F$65)*P$65 -> 128.78182 | R61: =J61+O61+P61 -> 307.5155
B62: 140㎡ | D62: =C62/$C$64 -> 0 | F62: 140.25 | G62: 16.28 | H62: =F62*0.24 -> 33.66 | I62: =G62+H62 -> 49.94 | J62: =F62+I62 -> 190.19 | L62: =J62*0.3025 -> 57.532475 | M62: =(F62/F$65)*M$65 -> 3.061141 | N62: =(F62/F$65)*N$65 -> 1.2219935 | O62: =SUM(M62:N62) -> 4.2831345 | P62: =(F62/F$65)*P$65 -> 139.79606 | R62: =J62+O62+P62 -> 334.26919
B63: 159㎡ | C63: 0 | D63: =C63/$C$64 -> 0 | F63: 159.8 | G63: 17.68 | H63: =F63*0.24 -> 38.352 | I63: =G63+H63 -> 56.032 | J63: =F63+I63 -> 215.832 | L63: =J63*0.3025 -> 65.28918 | M63: =(F63/F$65)*M$65 -> 3.4878455 | N63: =(F63/F$65)*N$65 -> 1.392332 | O63: =SUM(M63:N63) -> 4.8801775 | P63: =(F63/F$65)*P$65 -> 159.28278 | R63: =J63+O63+P63 -> 379.99496
B64: 소 계 | C64: =SUM(C51:C63) -> 719 | F64: =SUMPRODUCT($C$51:$C$63,F51:F63) -> 64129.02 | G64: =SUMPRODUCT($C$51:$C$63,G51:G63) -> 6870.91 | H64: =SUMPRODUCT($C$51:$C$63,H51:H63) -> 15390.965 | I64: =SUMPRODUCT($C$51:$C$63,I51:I63) -> 22261.875 | J64: =SUMPRODUCT(C51:C63,J51:J63) -> 86390.895 | L64: =J64*0.3025 -> 26133.246 | M64: =SUMPRODUCT($C$51:$C$63,M51:M63) -> 1399.7003 | N64: =SUMPRODUCT($C$51:$C$63,N51:N63) -> 558.75398 | O64: =SUMPRODUCT($C$51:$C$63,O51:O63) -> 1958.4543 | P64: =SUMPRODUCT($C$51:$C$63,P51:P63) -> 63921.456 | R64: =J64+O64+P64 -> 152270.8
B65: 합계 | C65: =C50+C64+C46 -> 819 | F65: =F64+F50+F46 -> 70498.38 | G65: =G50+G64+G46 -> 7592.56 | H65: =H50+H64+H46 -> 16919.611 | I65: =I50+I64+I46 -> 24512.171 | J65: =F65+I65 -> 95010.551 | L65: =J65*0.3025 -> 28740.692 | M65: =R8+R13+R15+R17+R18+R20+R19+R24+R21 -> 1538.72 | N65: =C65*0.75 -> 614.25 | O65: =SUM(M65:N65) -> 2152.97 | P65: =(E31)*42.9 -> 70270.2 | R65: =J65+O65+P65 -> 167433.72 | T65: =F65/J65 -> 0.7420058
J66: =J64+J50 -> 94503.118
J67: =E34/J65 -> 0.0053408131 | P67: =(P65+N65+R20+R19)/(E13*0.7) -> 3.1330947
F68: =I36-E36 -> -32.0728 | J68: =J65/20 -> 4750.5276
F69: =F68/J47 -> -0.39418132
F70: 2336.08
F71: =F70/'개요(전체)_발송'!E13*E13 -> 456.56766 | I71: {=J50+'2획지'!J50:K50} -> 41483.865 | J71: 8112.2228
F72: =F70-F71 -> 1879.5123 | G72: =F70-E34 -> 1828.6464
B75: 59㎡ | C75: =C44+C47+C54 -> 284
B76: 74㎡ | C76: =C45+C48+C55 -> 25
B77: 84㎡ | C77: =C49+C58 -> 210
B78: 99㎡ | C78: =C59 -> 84 | D78: =SUM(C78:C82) -> 300
B79: 112㎡ | C79: =C60 -> 150
B80: 129㎡ | C80: =C61 -> 66
B81: 140㎡ | C81: 0
B82: 159㎡ | C82: 0
B83: 소 계 | C83: =SUM(C75:C82) -> 819

Sheet 2획지
B2: 획지2
B3: ■설계개요 | L3: ■부대시설 및 복리시설
B5: 사 업 명 | E5: 목동 10단지 재건축사업 (2획지) | L5: 구분 | N5: 법적기준 및 설치기준 | R5: 계획 | S5: 비고
B6: 대 지 위 치 | E6: 서울시 양천구 신정동 310번지일대 | L6: 진입도로 | N6: 20m이상(1000세대이상) | Q6: 20m 도로 | R6: 15, 25m도로
B7: 지 역 지 구 | E7: 제1종/제3종일반주거지역, 지구단위계획구역 | L7: 단지내도로 | N7: 7m이상 도로(7m이상 도로 1.5m인도 설치) | Q7: 7m 도로 | R7: 10m도로
B8: 용 도 | E8: 공동주택, 부대시설, 근린생활시설 | L8: 관리사무소 | N8: 50세대 이상, 10m²+(세대수-50) X 0.05m² | Q8: =10+(C65-50)*0.05 -> 170.6 | R8: 313.13 | S8: MDF/방재실포함
B9: 도 로 현 황 | E9: 북,동,서측 15m도로, 남측 25m, 단지통과 15m도로 | L9: 유치원 | N9: 2,000세대 이상 | Q9: - | S9: 현시설이동
B10: 사업부지면적 | L10: 주민공동시설 | N10: 1,000세대 이상 : 500+(세대수x2㎡)x1.25 | Q10: =(500+(C65*2))*1.25 -> 8780 | R10: =SUM(R13:R21) -> 15053.277 | T10: =R10/C65 -> 4.6147384
B11: 기반시설 | C11: 공원,사회복지시설,경제시설 | T11: =T10*0.3025 -> 1.3959584
C12: 도로, 유치원, 녹지,하수도
B13: 2획지 공동주택부지면적 | E13: 133051.4 | G13: =E13*0.3025 -> 40248.048 | L13: 1 | M13: 경로당 | N13: 1500세대 이상 | Q13: =725+(C65-2000)*0.2 -> 977.4 | R13: 1058.4072 | T13: =R13+R8+R15+R17+R18+R19+R20+R21+R24 -> 11444.367
B14: 건 축 면 적 | E14: 29250.801 | L14: 2 | M14: 어린이놀이터 | N14: 1000세대 이상:500㎡+세대당0.7㎡ | Q14: =500+C65*0.7 -> 2783.4 | R14: 2806.04 | T14: =T13/C65 -> 3.5083895
B15: 건 폐 율 | E15: =E14/E13 -> 0.21984587 | L15: 3 | M15: 어린이집 | N15: 1500세대 이상 | Q15: =725+(C65-2000)*0.2 -> 977.4 | R15: 1188
B16: 연면적 | C16: 지상 연면적 | E16: =J65+R13+R8+R15+R17+R19+R24+R18+R22+R20 -> 398973.84 | G16: =E16*0.3025 -> 120689.59 | L16: 4 | M16: 주민운동시설 | N16: 500세대 이상 설치 | Q16: - | R16: 1200 | S16: 외부
C17: 지하 연면적 | E17: =R21+N65+P65+R23 -> 289939.79 | G17: =E17*0.3025 -> 87706.788 | L17: 5 | M17: 작은도서관 | N17: 1500세대 이상 | Q17: =298+(C65-2000)*0.1 -> 424.2 | R17: 630.68
C18: 전체 연면적 | E18: =E16+E17 -> 688913.63 | G18: =E18*0.3025 -> 208396.37 | L18: 6 | M18: 다함께돌봄센터 | N18: 500세대 이상 설치, 최소 66㎡ 이상 | Q18: 66 | R18: =534.2964+657.6831-R19 -> 741.9795
B19: 용적률 산정연면적 | E19: =E16 -> 398973.84 | L19: 7 | M19: 우리동네키움센터 | N19: - | Q19: - | R19: 450 | U19: 실내어린이놀이터
A20: =(299.99%-E20)*E13 -> 167.05896 | B20: 용 적 률 | E20: =E19/E13 -> 2.9986444 | I20: 법정 : 300.00% | L20: 8 | M20: 주민공동시설 | N20: 실내놀이터 | Q20: - | R20: 978.17 | U20: =R20 -> 978.17
B21: 건 축 규 모 | N21: 주민운동시설 | Q21: - | R21: 6000 | S21: 지하
B22: 건 물 높 이 | L22: 근린생활시설 | Q22: 지상 | R22: ='개요(전체)_발송'!G96+'개요(전체)_발송'!G105 -> 3389.36 | S22: 상가
C23: 용도 | E23: 아파트 | G23: 근린생활시설 | I23: 합계 | J23: 비율 | Q23: 지하 | R23: ='개요(전체)_발송'!G98+'개요(전체)_발송'!G107 -> 1613.6936 | S23: 기전기실+주차
B24: 주차대수 | C24: 산출근거 | E24: 60이하 세대당 0.8대 | F24: =(C47+C54+C44)*0.8 -> 744 | G24: 시설면적 134m²당 1대 | L24: 경비실 | N24: 4개소 | Q24: - | R24: 84
E25: 85이하 75m² 당 1대 | F25: =SUMPRODUCT(C55:C58,F55:F58)/75+C48*F48/75+C45*F45/75+C49*F49/75 -> 1262.8525 | L25: 국기게양대 | N25: 세대당 1개소 설치 | R25: 설치
E26: 85초과 65m² 당 1대 | F26: =SUMPRODUCT(C59:C63,F59:F63)/65 -> 2142.0798 | L26: 안내표지판 | N26: 300세대 이상, 안내표지판등 설치 | R26: 설치
C27: 법정 | E27: =F24+F25+F26 -> 4148.9324 | G27: =R22/134 -> 25.293731 | I27: =SUM(E27:H27) -> 4174.2261 | L27: 통신시설 | N27: 구내 통신 선로 설비(초고속정보통신),경비실 통화전화 | R27: 설치(홈네트워크)
C28: 계획 | E28: =SUM(E30:F31) -> 6524 | G28: =G30+G31 -> 33 | I28: =SUM(E28:H28) -> 6557 | J28: =J31+J30 -> 1 | L28: 보안등 | N28: 50m이내마다 설치 | R28: 설치
E29: =E28/C65 -> 2 | G29: =G28/G27 -> 1.3046711 | L29: 가스공급시설 | N29: 세대마다 도시가스 공급시설 | R29: 설치
C30: 지상주차 | L30: 비상급수시설 | N30: 세대당 0.5톤 | R30: 설치
C31: 지하주차 | E31: =C65*2 -> 6524 | G31: ='개요(전체)_발송'!J100+'개요(전체)_발송'!J109 -> 33 | I31: =SUM(E31:H31) -> 6557 | J31: =I31/I28 -> 1 | L31: 페기물보관시설 | N31: 생활폐기물 보관시설 또는 용기설치 | R31: 설치
B32: 구 조 | E32: 철근콘크리트 구조 | L32: 전기시설 | N32: 세대별 3kW+(전용60m² 초과하는 10m²마다 0.5kW더한값) | R32: 설치
B33: 조 경 면 적 | E33: =E13*0.3 -> 39915.42 | G33: =E33/E13 -> 0.3 | L33: TV공청시설 | N33: 공동시청 안테나 설치, 각 세대 단자 2개소 이상 | R33: 설치
C34: 기부채납임대 | E34: =J46 -> 1804.8776 | L34: 승강기 | N34: 4층이상인 층의 세대당 0.3인 비율로 산정한 인원수 이상 | R34: 설치
B35: 임대주택 | E35: =J50/E13 -> 0.25081767 | I35: 0.25
E36: =J50 -> 33371.642 | I36: =I35*E13 -> 33262.85
B37: 비 고 | L37: 비고
B40: ■단위세대 면적표
B42: 주택형별 | C42: 세대수 | E42: 비율 | F42: 전용면적 | G42: 주거공용면적 | J42: 분양면적 | M42: 기타공용 | P42: 지하주차장 | R42: 계약면적 | S42: 비고
G43: 벽체공용 | H43: 코아공용 | I43: 소계 | M43: 부대시설 | N43: 기전실 | O43: 소계
B44: 59㎡(기채) | C44: 16 | E44: =C44/C46 -> 0.76190476 | F44: 59.94 | G44: 7.04 | H44: =F44*0.24 -> 14.3856 | I44: =G44+H44 -> 21.4256 | J44: =F44+I44 -> 81.3656 | L44: =J44*0.3025 -> 24.613094 | M44: =(F44/F$65)*M$65 -> 2.3679363 | N44: =(F44/F$65)*N$65 -> 0.50620154 | O44: =SUM(M44:N44) -> 2.8741378 | P44: =(F44/F$65)*P$65 -> 57.909456 | R44: =J44+O44+P44 -> 142.14919
B45: 74㎡(기채) | C45: 5 | E45: =C45/C46 -> 0.23809524 | F45: 74.94 | G45: 7.68 | H45: =F45*0.24 -> 17.9856 | I45: =G45+H45 -> 25.6656 | J45: =F45+I45 -> 100.6056 | L45: =J45*0.3025 -> 30.433194 | M45: =(F45/F$65)*M$65 -> 2.9605129 | N45: =(F45/F$65)*N$65 -> 0.6328786 | O45: =SUM(M45:N45) -> 3.5933915 | P45: =(F45/F$65)*P$65 -> 72.401312 | R45: =J45+O45+P45 -> 176.6003
B46: 기부채납소계 | C46: =C43+C44+C45 -> 21 | E46: =E44+E45 -> 1 | F46: =SUMPRODUCT(C44:C45,F44:F45) -> 1333.74 | G46: =SUMPRODUCT($C$44:$C$45,G44:G45) -> 151.04 | H46: =SUMPRODUCT($C$44:$C$45,H44:H45) -> 320.0976 | I46: =SUM(G46:H46) -> 471.1376 | J46: =C44*J44+C45*J45 -> 1804.8776 | L46: =J46*0.3025 -> 545.97547 | M46: =SUMPRODUCT(C44:C45,M44:M45) -> 52.689545 | N46: =SUMPRODUCT(C44:C45,N44:N45) -> 11.263618 | O46: =M46+N46 -> 63.953162 | P46: =SUMPRODUCT(C44:C45,P44:P45) -> 1288.5579 | R46: =J46+P46+O46 -> 3157.3886
B47: 59㎡(임대) | C47: 312 | E47: =C47/C50 -> 0.80412371 | F47: 59.94 | G47: 7.04 | H47: =F47*0.24 -> 14.3856 | I47: =G47+H47 -> 21.4256 | J47: =F47+I47 -> 81.3656 | L47: =J47*0.3025 -> 24.613094 | M47: =(F47/F$65)*M$65 -> 2.3679363 | N47: =(F47/F$65)*N$65 -> 0.50620154 | O47: =SUM(M47:N47) -> 2.8741378 | P47: =(F47/F$65)*P$65 -> 57.909456 | R47: =J47+O47+P47 -> 142.14919
B48: 74㎡(임대) | C48: 50 | E48: =C48/C50 -> 0.12886598 | F48: 74.94 | G48: 7.68 | H48: =F48*0.24 -> 17.9856 | I48: =G48+H48 -> 25.6656 | J48: =F48+I48 -> 100.6056 | L48: =J48*0.3025 -> 30.433194 | M48: =(F48/F$65)*M$65 -> 2.9605129 | N48: =(F48/F$65)*N$65 -> 0.6328786 | O48: =SUM(M48:N48) -> 3.5933915 | P48: =(F48/F$65)*P$65 -> 72.401312 | R48: =J48+O48+P48 -> 176.6003
B49: 84㎡(임대) | C49: 26 | E49: =C49/C50 -> 0.067010309 | F49: 84.98 | G49: 8.29 | H49: =F49*0.24 -> 20.3952 | I49: =G49+H49 -> 28.6852 | J49: =F49+I49 -> 113.6652 | L49: =J49*0.3025 -> 34.383723 | M49: =(F49/F$65)*M$65 -> 3.3571442 | N49: =(F49/F$65)*N$65 -> 0.71766778 | O49: =SUM(M49:N49) -> 4.074812 | P49: =(F49/F$65)*P$65 -> 82.101194 | R49: =J49+O49+P49 -> 199.84121
B50: 임대소계 | C50: =C47+C48+C49 -> 388 | E50: =E47+E48+E49 -> 1 | F50: =SUMPRODUCT(C47:C49,F47:F49) -> 24657.76 | G50: =SUMPRODUCT($C$47:$C$49,G47:G49) -> 2796.02 | H50: =SUMPRODUCT($C$47:$C$49,H47:H49) -> 5917.8624 | I50: =SUM(G50:H50) -> 8713.8824 | J50: =J47*C47+C48*J48+C49*J49 -> 33371.642 | L50: =J50*0.3025 -> 10094.922 | M50: =SUMPRODUCT(C47:C49,M47:M49) -> 974.10751 | N50: =SUMPRODUCT(C47:C49,N47:N49) -> 208.23817 | O50: =M50+N50 -> 1182.3457 | P50: =SUMPRODUCT(C47:C49,P47:P49) -> 23822.447 | R50: =J50+P50+O50 -> 58376.435
B51: 49㎡ | F51: 49.53 | G51: 5.44 | H51: =F51*0.24 -> 11.8872 | I51: =G51+H51 -> 17.3272 | J51: =F51+I51 -> 66.8572 | L51: =J51*0.3025 -> 20.224303 | M51: =(F51/F$65)*M$65 -> 1.9566881 | N51: =(F51/F$65)*N$65 -> 0.41828766 | O51: =SUM(M51:N51) -> 2.3749757 | P51: =(F51/F$65)*P$65 -> 47.852108 | R51: =J51+O51+P51 -> 117.08428
B52: 45B㎡ | F52: 45.89 | G52: 4.9 | H52: =$H$68/$F$65*F52 -> 0 | I52: =G52+H52 -> 4.9 | J52: =F52+I52 -> 50.79 | L52: =J52*0.3025 -> 15.363975 | M52: =(F52/F$65)*M$65 -> 1.8128895 | N52: =(F52/F$65)*N$65 -> 0.38754736 | O52: =SUM(M52:N52) -> 2.2004368 | P52: =(F52/F$65)*P$65 -> 44.335418 | R52: =J52+O52+P52 -> 97.325855
B53: 45C㎡ | F53: 45.92 | G53: 5.44 | H53: =$H$68/$F$65*F53 -> 0 | I53: =G53+H53 -> 5.44 | J53: =F53+I53 -> 51.36 | L53: =J53*0.3025 -> 15.5364 | M53: =(F53/F$65)*M$65 -> 1.8140746 | N53: =(F53/F$65)*N$65 -> 0.38780071 | O53: =SUM(M53:N53) -> 2.2018753 | P53: =(F53/F$65)*P$65 -> 44.364402 | R53: =J53+O53+P53 -> 97.926277
B54: 59㎡ | C54: 602 | F54: 59.94 | G54: 7.04 | H54: =F54*0.24 -> 14.3856 | I54: =G54+H54 -> 21.4256 | J54: =F54+I54 -> 81.3656 | L54: =J54*0.3025 -> 24.613094 | M54: =(F54/F$65)*M$65 -> 2.3679363 | N54: =(F54/F$65)*N$65 -> 0.50620154 | O54: =SUM(M54:N54) -> 2.8741378 | P54: =(F54/F$65)*P$65 -> 57.909456 | R54: =J54+O54+P54 -> 142.14919
B55: 74㎡ | C55: 152 | F55: 74.94 | G55: 7.68 | H55: =F55*0.24 -> 17.9856 | I55: =G55+H55 -> 25.6656 | J55: =F55+I55 -> 100.6056 | L55: =J55*0.3025 -> 30.433194 | M55: =(F55/F$65)*M$65 -> 2.9605129 | N55: =(F55/F$65)*N$65 -> 0.6328786 | O55: =SUM(M55:N55) -> 3.5933915 | P55: =(F55/F$65)*P$65 -> 72.401312 | R55: =J55+O55+P55 -> 176.6003
H56: =F56*0.245 -> 0 | N56: =(F56/F$65)*N$65 -> 0
H57: =F57*0.245 -> 0 | N57: =(F57/F$65)*N$65 -> 0
B58: 84㎡ | C58: 906 | F58: 84.98 | G58: 8.29 | H58: =F58*0.24 -> 20.3952 | I58: =G58+H58 -> 28.6852 | J58: =F58+I58 -> 113.6652 | L58: =J58*0.3025 -> 34.383723 | M58: =(F58/F$65)*M$65 -> 3.3571442 | N58: =(F58/F$65)*N$65 -> 0.71766778 | O58: =SUM(M58:N58) -> 4.074812 | P58: =(F58/F$65)*P$65 -> 82.101194 | R58: =J58+O58+P58 -> 199.84121
A59: =J58-J55 -> 13.0596 | B59: 99㎡ | C59: 413 | F59: 99.63 | G59: 10.28 | H59: =F59*0.24 -> 23.9112 | I59: =G59+H59 -> 34.1912 | J59: =F59+I59 -> 133.8212 | L59: =J59*0.3025 -> 40.480913 | M59: =(F59/F65)*M65 -> 3.9358941 | N59: =(F59/F$65)*N$65 -> 0.84138905 | O59: =SUM(M59:N59) -> 4.7772831 | P59: =(F59/F65)*P65 -> 96.254907 | R59: =J59+O59+P59 -> 234.85339
A60: =A20/A59 -> 12.792043 | B60: 112㎡ | C60: 430 | F60: 112.4 | G60: 12.23 | H60: =F60*0.24 -> 26.976 | I60: =G60+H60 -> 39.206 | J60: =F60+I60 -> 151.606 | L60: =J60*0.3025 -> 45.860815 | M60: =(F60/F$65)*M$65 -> 4.4403743 | N60: =(F60/F$65)*N$65 -> 0.94923345 | O60: =SUM(M60:N60) -> 5.3896078 | P60: =(F60/F$65)*P$65 -> 108.59231 | R60: =J60+O60+P60 -> 265.58791
B61: 129㎡ | C61: 206 | F61: 129.2 | G61: 14.58 | H61: =F61*0.24 -> 31.008 | I61: =G61+H61 -> 45.588 | J61: =F61+I61 -> 174.788 | L61: =J61*0.3025 -> 52.87337 | M61: =(F61/F$65)*M$65 -> 5.1040601 | N61: =(F61/F$65)*N$65 -> 1.0911118 | O61: =SUM(M61:N61) -> 6.1951719 | P61: =(F61/F$65)*P$65 -> 124.82319 | R61: =J61+O61+P61 -> 305.80636
B62: 159㎡ | C62: 140 | F62: 159.8 | G62: 17.68 | H62: =F62*0.24 -> 38.352 | I62: =G62+H62 -> 56.032 | J62: =F62+I62 -> 215.832 | L62: =J62*0.3025 -> 65.28918 | M62: =(F62/F$65)*M$65 -> 6.3129165 | N62: =(F62/F$65)*N$65 -> 1.349533 | O62: =SUM(M62:N62) -> 7.6624495 | P62: =(F62/F$65)*P$65 -> 154.38657 | R62: =J62+O62+P62 -> 377.88102
B63: 192㎡ | C63: 4 | F63: 192.2 | G63: 18.48 | H63: =F63*0.24 -> 46.128 | I63: =G63+H63 -> 64.608 | J63: =F63+I63 -> 256.808 | L63: =J63*0.3025 -> 77.68442 | M63: =(F63/F$65)*M$65 -> 7.592882 | N63: =(F63/F$65)*N$65 -> 1.6231554 | O63: =SUM(M63:N63) -> 9.2160375 | P63: =(F63/F$65)*P$65 -> 185.68898 | R63: =J63+O63+P63 -> 451.71302
B64: 소 계 | C64: =SUM(C51:C63) -> 2853 | F64: =SUMPRODUCT($C$51:$C$63,F51:F63) -> 263701.83 | G64: =SUMPRODUCT($C$51:$C$63,G51:G63) -> 27973.32 | H64: =SUMPRODUCT($C$51:$C$63,H51:H63) -> 63288.439 | I64: =SUMPRODUCT($C$51:$C$63,I51:I63) -> 91261.759 | J64: =SUMPRODUCT(C51:C63,J51:J63) -> 354963.59 | L64: =J64*0.3025 -> 107376.49 | M64: =SUMPRODUCT($C$51:$C$63,M51:M63) -> 10417.57 | N64: =SUMPRODUCT($C$51:$C$63,N51:N63) -> 2226.9982 | O64: =SUMPRODUCT($C$51:$C$63,O51:O63) -> 12644.568 | P64: =SUMPRODUCT($C$51:$C$63,P51:P63) -> 254768.6 | R64: =J64+O64+P64 -> 622376.75
B65: 합계 | C65: =C50+C64+C46 -> 3262 | F65: =F64+F50+F46 -> 289693.33 | G65: =G50+G64+G46 -> 30920.38 | H65: =H50+H64+H46 -> 69526.399 | I65: =I50+I64+I46 -> 100446.78 | J65: =F65+I65 -> 390140.11 | L65: =J65*0.3025 -> 118017.38 | M65: =R8+R13+R15+R17+R18+R20+R19+R24+R21 -> 11444.367 | N65: =C65*0.75 -> 2446.5 | O65: =SUM(M65:N65) -> 13890.867 | P65: =(E31)*42.9 -> 279879.6 | R65: =J65+O65+P65 -> 683910.58 | T65: =F65/J65 -> 0.74253665
J67: =E34/J65 -> 0.0046262293 | P67: =(P65+N65+R20+R19)/(E13*0.7) -> 3.0466665
E68: =I36-E36 -> -108.7924 | F68: ='1획지'!G72 -> 1828.6464
B69: 59㎡ | C69: =C44+C47+C54 -> 930 | E69: =E68/J48 -> -1.0813752
B70: 74㎡ | C70: =C45+C48+C55 -> 207
B71: 84㎡ | C71: =C49+C58 -> 932
B72: 99㎡ | C72: =C59 -> 413 | D72: 405
B73: 112㎡ | C73: =C60 -> 430 | D73: 66
B74: 129㎡ | C74: =C61 -> 206 | D74: 199
B75: 159㎡ | C75: =C62 -> 140 | D75: 0
B76: 192㎡ | C76: =C63 -> 4 | D76: 140
C77: =SUM(C69:C76) -> 3262

Sheet 분양수입변동
B2: 정비계획안
C3: 전체 | D3: 조합원 | E3: 일반분양 | F3: 분양평형 | G3: 평당분양가
B4: 59㎡ | C4: 638 | E4: =C4-D4 -> 638 | F4: ='개요(전체)_발송'!F122 -> 24.613094 | G4: 56213 | H4: =E4*F4*G4 -> 8.8272139e+08
B5: 74㎡ | C5: 336 | E5: =C5-D5 -> 336 | F5: ='개요(전체)_발송'!F123 -> 30.433194 | G5: 55142 | H5: =E5*F5*G5 -> 5.6385745e+08
B6: 84㎡ | C6: 1079 | D6: 672 | E6: =C6-D6 -> 407 | F6: ='개요(전체)_발송'!F124 -> 34.383723 | G6: 53536 | H6: =E6*F6*G6 -> 7.4919217e+08
B7: 99㎡ | C7: 490 | D7: 490 | E7: =C7-D7 -> 0 | F7: ='개요(전체)_발송'!F125 -> 40.480913 | G7: 53536 | H7: =E7*F7*G7 -> 0
B8: 112㎡ | C8: 564 | D8: 564 | E8: =C8-D8 -> 0 | F8: ='개요(전체)_발송'!F126 -> 45.860815 | G8: 53536 | H8: =E8*F8*G8 -> 0
B9: 129㎡ | C9: 282 | D9: 282 | E9: =C9-D9 -> 0 | F9: ='개요(전체)_발송'!F127 -> 52.87337 | G9: 53536 | H9: =E9*F9*G9 -> 0
B10: 159㎡ | C10: 152 | D10: 152 | E10: =C10-D10 -> 0 | F10: ='개요(전체)_발송'!L62 -> 65.28918 | G10: 53536 | H10: =E10*F10*G10 -> 0
B11: 소 계 | C11: =SUM(C4:C10) -> 3541 | D11: =SUM(D4:D10) -> 2160 | E11: =SUM(E4:E10) -> 1381 | H11: =SUM(H4:H10) -> 2.195771e+09
B14: 현재계획안
C15: 전체 | D15: 조합원 | E15: 일반분양
B16: 59㎡ | C16: ='개요(전체)_발송'!C122 -> 805 | D16: 0 | E16: =C16-D16 -> 805 | F16: =F4 -> 24.613094 | G16: 56213 | H16: =E16*F16*G16 -> 1.1137786e+09 | J16: 8 | K16: 6 | L16: 7 | M16: =SUM(J16:L16) -> 21 | N16: 7
B17: 74㎡ | C17: ='개요(전체)_발송'!C123 -> 167 | D17: 0 | E17: =C17-D17 -> 167 | F17: =F5 -> 30.433194 | G17: 55142 | H17: =E17*F17*G17 -> 2.8025058e+08 | K17: 6
B18: 84㎡ | C18: ='개요(전체)_발송'!C124 -> 1107 | D18: 672 | E18: =C18-D18 -> 435 | F18: =F6 -> 34.383723 | G18: 53536 | H18: =E18*F18*G18 -> 8.0073364e+08 | J18: 8
B19: 99㎡ | C19: ='개요(전체)_발송'!C125 -> 497 | D19: 490 | E19: =C19-D19 -> 7 | F19: =F7 -> 40.480913 | G19: 53536 | H19: =E19*F19*G19 -> 15170303
B20: 112㎡ | C20: ='개요(전체)_발송'!C126 -> 580 | D20: 564 | E20: =C20-D20 -> 16 | F20: =F8 -> 45.860815 | G20: 53536 | H20: =E20*F20*G20 -> 39283273
B21: 129㎡ | C21: ='개요(전체)_발송'!C127 -> 272 | D21: 282 | E21: =C21-D21 -> -10 | F21: =F9 -> 52.87337 | G21: 53536 | H21: =E21*F21*G21 -> -28306287
B22: 159㎡ | C22: ='개요(전체)_발송'!C128 -> 140 | D22: 152 | E22: =C22-D22 -> -12 | F22: =F10 -> 65.28918 | G22: 53536 | H22: =E22*F22*G22 -> -41943858
B23: 192㎡ | C23: ='개요(전체)_발송'!C129 -> 4 | D23: 0 | E23: =C23-D23 -> 4 | F23: ='개요(전체)_발송'!L63 -> 77.68442 | G23: 53536 | H23: =E23*F23*G23 -> 16635652
B24: 소 계 | C24: =SUM(C16:C23) -> 3572 | D24: =SUM(D16:D23) -> 2160 | E24: =SUM(E16:E23) -> 1412 | H24: =SUM(H16:H23) -> 2.1956019e+09
H25: =H24-H11 -> -169147.55
B27: 조합원 | E27: 일반분양
B28: 정비계획 | C28: 현재 | D28: 차 | E28: 정비계획 | F28: 현재 | G28: 차
A29: 59㎡ | B29: =D4 -> 0 | C29: =D16 -> 0 | D29: =C29-B29 -> 0 | E29: =E4 -> 638 | F29: =E16 -> 805 | G29: =F29-E29 -> 167
A30: 74㎡ | B30: =D5 -> 0 | C30: =D17 -> 0 | D30: =C30-B30 -> 0 | E30: =E5 -> 336 | F30: =E17 -> 167 | G30: =F30-E30 -> -169
A31: 84㎡ | B31: =D6 -> 672 | C31: =D18 -> 672 | D31: =C31-B31 -> 0 | E31: =E6 -> 407 | F31: =E18 -> 435 | G31: =F31-E31 -> 28
A32: 99㎡ | B32: =D7 -> 490 | C32: =D19 -> 490 | D32: =C32-B32 -> 0 | E32: =E7 -> 0 | F32: =E19 -> 7 | G32: =F32-E32 -> 7
A33: 112㎡ | B33: =D8 -> 564 | C33: =D20 -> 564 | D33: =C33-B33 -> 0 | E33: =E8 -> 0 | F33: =E20 -> 16 | G33: =F33-E33 -> 16
A34: 129㎡ | B34: =D9 -> 282 | C34: =D21 -> 282 | D34: =C34-B34 -> 0 | E34: =E9 -> 0 | F34: =E21 -> -10 | G34: =F34-E34 -> -10
A35: 159㎡ | B35: =D10 -> 152 | C35: =D22 -> 152 | D35: =C35-B35 -> 0 | E35: =E10 -> 0 | F35: =E22 -> -12 | G35: =F35-E35 -> -12
A36: 192㎡ | C36: =D23 -> 0 | E36: 0 | F36: =E23 -> 4 | G36: =F36-E36 -> 4
A37: 소 계 | B37: =SUM(B29:B36) -> 2160 | C37: =SUM(C29:C36) -> 2160 | D37: =SUM(D29:D36) -> 0 | E37: =SUM(E29:E36) -> 1381 | F37: =SUM(F29:F36) -> 1412 | G37: =SUM(G29:G36) -> 31
